Platform,Content_Type,Category,Likes,Comments,Shares,Views,Saves,Follower_Count,Engagement_Rate,Hour_of_Day,Day_of_Week,Hashtag_Count,Content_Length,Sentiment,Influencer_Tier,Has_Media,Is_Verified,Time_Period,Engagement_Class
Instagram,Carousel,Business,8287,247,51,29502,20,223080,3.85,1,Monday,16.0,985,Positive,Macro,True,False,Night,1
LinkedIn,Document,Health,1711,27,247,24538,139,312647,0.63,5,Monday,9.0,627,Negative,Macro,False,True,Morning,0
Instagram,Carousel,Food,1527,191,7,5460,359,220737,0.78,9,Monday,27.0,79,Positive,Macro,True,True,Morning,0
Facebook,Video,Sports,535,178,433,68246,740,428935,0.27,10,Monday,17.0,554,Neutral,Macro,True,False,Morning,0
Instagram,Photo,Fitness,9706,35,118,25782,611,64384,15.31,13,Monday,5.0,1136,Positive,Mid-tier,True,False,Afternoon,1
Twitter,Poll,Sports,3767,83,522,59434,242,421886,1.04,1,Tuesday,19.0,1611,Negative,Macro,True,False,Night,0
Twitter,Poll,Lifestyle,1558,71,676,45929,92,259275,0.89,3,Tuesday,25.0,1406,Negative,Macro,True,False,Night,0
Twitter,Thread,Education,599,222,787,68904,314,30966,5.19,16,Tuesday,1.0,399,Negative,Micro,True,False,Afternoon,1
YouTube,Live,Food,6062,754,540,947740,1640,395761,1.86,19,Tuesday,22.0,109,Neutral,Macro,False,False,Evening,0
Twitter,Thread,Travel,597,22,339,67556,74,478824,0.2,20,Tuesday,22.0,1445,Neutral,Macro,True,True,Evening,0
TikTok,Video,Travel,18977,966,2147,8088,2235,241082,9.16,20,Tuesday,5.0,369,Negative,Macro,False,False,Evening,1
Instagram,Carousel,Entertainment,1874,467,16,30977,688,67464,3.49,21,Tuesday,11.0,1458,Positive,Mid-tier,True,True,Night,1
Instagram,Photo,Business,1867,125,281,44911,286,292298,0.78,21,Tuesday,6.0,1262,Negative,Macro,True,False,Night,0
Twitter,Poll,Sports,4926,205,1317,28491,466,148659,4.34,0,Wednesday,7.0,1597,Neutral,Macro,True,False,Night,1
LinkedIn,Poll,Lifestyle,1383,123,32,6603,59,190618,0.81,3,Wednesday,13.0,1506,Neutral,Macro,False,False,Night,0
Instagram,Reel,Education,8387,360,179,13360,945,499770,1.79,4,Wednesday,20.0,172,Neutral,Macro,True,False,Night,0
Facebook,Video,Sports,5540,375,632,73879,402,487579,1.34,9,Wednesday,15.0,353,Neutral,Macro,True,False,Morning,0
Facebook,Post,Technology,1048,256,457,75334,393,29036,6.06,13,Wednesday,29.0,1717,Negative,Micro,True,False,Afternoon,1
LinkedIn,Post,Technology,1708,113,456,26761,259,402762,0.57,0,Thursday,19.0,764,Positive,Macro,True,True,Night,0
Instagram,Story,Technology,6145,224,238,45738,517,245871,2.69,5,Thursday,15.0,1954,Positive,Macro,True,False,Morning,1
Instagram,Story,Fitness,4399,125,33,21640,787,430456,1.06,10,Thursday,26.0,1064,Neutral,Macro,True,False,Morning,0
Twitter,Thread,Fitness,2837,260,1505,47775,332,120825,3.81,12,Thursday,21.0,880,Neutral,Macro,True,True,Afternoon,1
Instagram,Reel,Food,1974,308,125,21531,662,202126,1.19,16,Thursday,20.0,175,Positive,Macro,True,False,Afternoon,0
YouTube,Live,Travel,19612,881,609,22497,3392,364855,5.78,20,Thursday,15.0,185,Positive,Macro,True,False,Evening,1
YouTube,Video,Gaming,6523,343,247,886932,98,488156,1.46,23,Thursday,29.0,20,Neutral,Macro,True,False,Night,0
Instagram,Reel,Food,6327,440,130,935,289,140434,4.91,9,Friday,8.0,588,Neutral,Macro,True,True,Morning,1
Facebook,Story,Lifestyle,2672,360,464,2203,659,3383,103.34,10,Friday,17.0,484,Neutral,Nano,True,False,Morning,1
Instagram,Carousel,Fitness,1687,73,134,41648,732,117460,1.61,14,Friday,11.0,1798,Positive,Macro,True,False,Afternoon,0
Facebook,Live,Business,1784,227,117,77227,192,414100,0.51,12,Saturday,27.0,524,Neutral,Macro,True,True,Afternoon,0
YouTube,Short,Lifestyle,9264,590,1840,720597,1210,79923,14.63,14,Saturday,1.0,566,Neutral,Mid-tier,True,True,Afternoon,1
Facebook,Post,Lifestyle,6896,135,201,65197,354,373777,1.93,17,Saturday,22.0,1979,Positive,Macro,False,True,Evening,0
Twitter,Tweet,Fashion,156,131,1223,75745,121,499327,0.3,19,Saturday,13.0,622,Neutral,Macro,True,False,Evening,0
Instagram,Reel,Lifestyle,8448,490,202,29382,993,331405,2.76,2,Sunday,7.0,53,Positive,Macro,True,True,Night,1
Instagram,Story,Fashion,1242,270,186,833,524,476563,0.36,3,Sunday,12.0,565,Positive,Macro,True,False,Night,0
TikTok,Video,Fitness,37311,858,4513,439758,2823,458682,9.31,5,Sunday,22.0,598,Positive,Macro,True,False,Morning,1
Instagram,Story,Fashion,5138,49,140,47958,245,364057,1.46,5,Sunday,2.0,915,Positive,Macro,True,False,Morning,0
Facebook,Story,Travel,4532,332,707,24121,391,479509,1.16,7,Sunday,8.0,1244,Negative,Macro,True,False,Morning,0
Twitter,Retweet,Fitness,4492,244,997,24696,383,135479,4.23,7,Sunday,1.0,311,Negative,Macro,True,True,Morning,1
Twitter,Retweet,Fashion,3186,177,1551,27503,16,47435,10.36,11,Sunday,23.0,818,Neutral,Micro,True,False,Morning,1
Instagram,Carousel,Health,9902,174,48,760,226,373732,2.71,11,Sunday,21.0,188,Negative,Macro,True,True,Morning,1
LinkedIn,Article,Gaming,615,72,309,18554,208,309232,0.32,13,Sunday,10.0,905,Neutral,Macro,True,False,Afternoon,0
Facebook,Live,Health,6283,165,569,49857,522,352767,1.99,13,Sunday,10.0,523,Positive,Macro,True,True,Afternoon,0
Twitter,Tweet,Lifestyle,280,240,940,50483,119,484615,0.3,4,Monday,6.0,1692,Positive,Macro,True,False,Night,0
Instagram,Reel,Travel,545,440,95,46180,238,371362,0.29,5,Monday,6.0,561,Positive,Macro,True,True,Morning,0
LinkedIn,Article,Lifestyle,1635,90,194,14227,248,309567,0.62,6,Monday,24.0,863,Neutral,Macro,True,False,Morning,0
Instagram,Carousel,Health,6342,62,163,23890,486,44931,14.62,18,Monday,20.0,537,Positive,Micro,True,False,Evening,1
Twitter,Poll,Fashion,145,183,223,1947,282,119901,0.46,20,Monday,8.0,180,Positive,Macro,True,False,Evening,0
Twitter,Poll,Health,4073,129,1122,96934,425,26858,19.82,21,Monday,26.0,1660,Negative,Micro,True,True,Night,1
Facebook,Live,Entertainment,3270,132,535,10351,754,321725,1.22,0,Tuesday,24.0,358,Negative,Macro,True,True,Night,0
TikTok,Video,Business,33034,309,2036,242685,2609,185278,19.1,2,Tuesday,18.0,478,Negative,Macro,False,False,Night,1
TikTok,Duet,Fashion,8731,994,1938,75043,577,371740,3.14,3,Tuesday,24.0,491,Neutral,Macro,True,False,Night,1
Instagram,Carousel,Food,7684,20,151,3713,125,47275,16.62,3,Tuesday,28.0,726,Negative,Micro,True,False,Night,1
Facebook,Story,Entertainment,5232,366,371,10075,558,257653,2.32,11,Tuesday,11.0,1512,Positive,Macro,True,False,Morning,1
LinkedIn,Post,Health,472,94,425,18259,112,277798,0.36,11,Tuesday,18.0,755,Positive,Macro,True,False,Morning,0
Instagram,Story,Technology,8440,165,264,37752,483,477456,1.86,12,Tuesday,3.0,965,Negative,Macro,True,False,Afternoon,0
TikTok,Stitch,Lifestyle,46571,441,758,302431,1829,10027,476.41,13,Tuesday,19.0,272,Positive,Micro,True,False,Afternoon,1
LinkedIn,Poll,Health,794,7,127,14918,32,74896,1.24,16,Tuesday,20.0,1079,Neutral,Mid-tier,False,True,Afternoon,0
Facebook,Video,Sports,4283,106,38,73605,646,497216,0.89,18,Tuesday,5.0,291,Positive,Macro,True,True,Evening,0
YouTube,Community Post,Education,13734,469,172,726267,4479,272386,5.28,19,Tuesday,2.0,339,Positive,Macro,True,False,Evening,1
Facebook,Video,Gaming,3309,303,203,21871,590,93599,4.08,21,Tuesday,8.0,347,Negative,Mid-tier,True,True,Night,1
Facebook,Live,Business,6830,129,742,57034,78,235288,3.27,22,Tuesday,16.0,42,Neutral,Macro,True,False,Night,1
Facebook,Live,Sports,478,266,811,76686,562,382495,0.41,5,Wednesday,22.0,490,Positive,Macro,True,False,Morning,0
Twitter,Thread,Fitness,4449,21,209,57922,448,351032,1.33,10,Wednesday,29.0,303,Neutral,Macro,True,False,Morning,0
YouTube,Community Post,Lifestyle,4676,219,376,470105,4140,384995,1.37,11,Wednesday,5.0,1444,Neutral,Macro,True,False,Morning,0
Instagram,Photo,Technology,9883,67,77,43316,382,404723,2.48,14,Wednesday,15.0,695,Negative,Macro,False,False,Afternoon,1
LinkedIn,Poll,Lifestyle,1895,17,158,15208,205,406984,0.51,15,Wednesday,7.0,866,Neutral,Macro,False,True,Afternoon,0
Twitter,Thread,Education,400,4,1034,45335,106,245639,0.59,16,Wednesday,15.0,228,Neutral,Macro,True,False,Afternoon,0
TikTok,Stitch,Entertainment,35475,1898,2937,187442,1847,52432,76.88,21,Wednesday,6.0,87,Positive,Mid-tier,True,False,Night,1
Instagram,Photo,Food,5088,262,199,14888,660,435000,1.28,21,Wednesday,9.0,1786,Neutral,Macro,False,False,Night,0
TikTok,Duet,Lifestyle,32338,66,969,479514,2703,279271,11.95,22,Wednesday,18.0,447,Positive,Macro,True,False,Night,1
Facebook,Live,Sports,3204,107,380,57955,489,261013,1.41,0,Thursday,13.0,573,Positive,Macro,True,False,Night,0
Instagram,Story,Health,2366,255,107,32084,535,892,305.83,11,Thursday,21.0,1100,Neutral,Nano,True,True,Morning,1
TikTok,Duet,Technology,30187,821,4505,71771,2764,225519,15.75,14,Thursday,5.0,152,Neutral,Macro,True,False,Afternoon,1
LinkedIn,Article,Sports,170,19,259,25386,143,333768,0.13,21,Thursday,13.0,931,Neutral,Macro,True,True,Night,0
Facebook,Post,Food,6580,9,900,31319,646,30230,24.77,22,Thursday,24.0,1861,Neutral,Micro,True,False,Night,1
TikTok,Video,Health,31852,1590,801,323063,616,86675,39.51,8,Friday,28.0,21,Positive,Mid-tier,True,False,Morning,1
Twitter,Poll,Health,2640,172,1471,29943,329,466337,0.92,12,Friday,16.0,1184,Neutral,Macro,False,False,Afternoon,0
TikTok,Duet,Gaming,25781,1671,3381,20430,224,452037,6.82,15,Friday,26.0,16,Neutral,Macro,False,True,Afternoon,1
Facebook,Post,Gaming,6543,54,632,43676,465,374670,1.93,20,Friday,24.0,789,Positive,Macro,True,False,Evening,0
Facebook,Live,Business,504,234,46,44411,268,182875,0.43,20,Friday,5.0,326,Positive,Macro,True,False,Evening,0
Instagram,Carousel,Food,4453,438,291,663,248,148198,3.5,20,Friday,27.0,1250,Neutral,Macro,True,False,Evening,1
Facebook,Post,Sports,6260,5,169,6216,458,21174,30.39,21,Friday,4.0,1236,Positive,Micro,True,False,Night,1
Instagram,Photo,Gaming,5741,410,126,10052,350,259233,2.42,21,Friday,1.0,1804,Positive,Macro,True,True,Night,1
TikTok,Stitch,Fitness,38874,81,4338,232603,1319,286335,15.12,0,Saturday,9.0,467,Positive,Macro,True,False,Night,1
Twitter,Thread,Health,2813,177,396,67504,147,475435,0.71,7,Saturday,16.0,554,Positive,Macro,True,False,Morning,0
YouTube,Community Post,Health,4016,921,1195,677761,1270,471826,1.3,12,Saturday,13.0,1970,Negative,Macro,True,False,Afternoon,0
Instagram,Reel,Fitness,1899,280,211,45999,436,351424,0.68,18,Saturday,7.0,205,Neutral,Macro,True,False,Evening,0
Twitter,Tweet,Fashion,1910,32,362,17951,484,195649,1.18,18,Saturday,24.0,1569,Neutral,Macro,True,False,Evening,0
YouTube,Community Post,Technology,9823,417,589,639335,3961,453322,2.39,19,Saturday,22.0,739,Neutral,Macro,True,False,Evening,1
Twitter,Thread,Travel,2576,103,975,63465,221,316317,1.16,0,Sunday,4.0,1229,Positive,Macro,True,False,Night,0
LinkedIn,Poll,Sports,1545,120,12,2194,209,70581,2.38,5,Sunday,1.0,550,Positive,Mid-tier,True,False,Morning,1
YouTube,Video,Health,7987,542,791,398393,3449,223902,4.16,9,Sunday,10.0,160,Positive,Macro,True,False,Morning,1
Facebook,Live,Business,1062,134,81,28161,138,328440,0.39,21,Sunday,29.0,311,Positive,Macro,True,True,Night,0
YouTube,Short,Gaming,1100,821,1467,711542,4223,448840,0.75,21,Sunday,12.0,595,Negative,Macro,False,False,Night,0
TikTok,Stitch,Business,19793,1018,4074,257816,1086,295403,8.42,5,Monday,8.0,20,Neutral,Macro,True,False,Morning,1
Facebook,Post,Sports,4674,114,267,12139,303,122533,4.13,10,Monday,7.0,1408,Positive,Macro,True,True,Morning,1
LinkedIn,Article,Fashion,1574,48,478,23296,7,40387,5.2,22,Monday,1.0,1264,Neutral,Micro,False,False,Night,1
Instagram,Story,Education,150,43,291,2900,309,235868,0.21,2,Tuesday,25.0,1100,Positive,Macro,True,False,Night,0
Facebook,Video,Technology,286,219,454,69548,168,128453,0.75,6,Tuesday,5.0,252,Neutral,Macro,True,False,Morning,0
Instagram,Photo,Technology,9875,148,105,34673,464,240935,4.2,8,Tuesday,20.0,170,Positive,Macro,True,False,Morning,1
Twitter,Retweet,Technology,2508,106,230,19802,32,60754,4.68,15,Tuesday,0.0,702,Negative,Mid-tier,True,True,Afternoon,1
Instagram,Story,Education,1379,34,296,4199,917,209384,0.82,23,Tuesday,9.0,231,Positive,Macro,True,False,Night,0
YouTube,Video,Gaming,4368,808,275,190721,807,8798,61.96,6,Wednesday,6.0,504,Positive,Nano,False,False,Morning,1
Facebook,Video,Education,647,131,266,5057,494,211133,0.49,7,Wednesday,26.0,492,Neutral,Macro,False,True,Morning,0
Twitter,Poll,Sports,3399,215,947,53196,380,498316,0.92,8,Wednesday,7.0,1306,Positive,Macro,True,True,Morning,0
Facebook,Live,Lifestyle,7091,159,835,35164,583,64065,12.62,11,Wednesday,11.0,595,Neutral,Mid-tier,False,False,Morning,1
Instagram,Reel,Health,412,142,210,40620,74,371799,0.21,13,Wednesday,21.0,99,Positive,Macro,True,True,Afternoon,0
YouTube,Live,Health,19639,806,321,725703,2092,216772,9.58,16,Wednesday,24.0,34,Neutral,Macro,True,True,Afternoon,1
Instagram,Photo,Technology,3668,263,261,3706,470,313065,1.34,17,Wednesday,10.0,211,Neutral,Macro,True,False,Evening,0
Twitter,Poll,Fitness,26,207,1207,94651,187,216637,0.66,19,Wednesday,19.0,183,Positive,Macro,False,False,Evening,0
Facebook,Video,Business,5171,250,163,70298,748,230965,2.42,22,Wednesday,6.0,177,Negative,Macro,True,False,Night,1
Twitter,Retweet,Fitness,3940,142,1944,37624,55,94953,6.35,22,Wednesday,7.0,1786,Neutral,Mid-tier,True,True,Night,1
Twitter,Poll,Fashion,1613,51,1235,89627,346,417600,0.69,11,Thursday,24.0,1358,Negative,Macro,True,False,Morning,0
TikTok,Video,Fashion,5391,243,3142,9876,2778,334144,2.63,11,Thursday,8.0,199,Negative,Macro,True,False,Morning,1
Facebook,Post,Fashion,3046,9,192,60195,750,331736,0.98,16,Thursday,26.0,1143,Positive,Macro,True,False,Afternoon,0
Facebook,Post,Food,3401,57,340,76452,437,191616,1.98,1,Friday,23.0,1621,Positive,Macro,True,False,Night,0
Instagram,Photo,Gaming,5564,46,94,22263,290,389329,1.47,19,Friday,25.0,1257,Neutral,Macro,True,False,Evening,0
LinkedIn,Poll,Entertainment,1615,83,358,1184,201,419135,0.49,20,Friday,7.0,1133,Neutral,Macro,True,False,Evening,0
Facebook,Video,Sports,7957,303,613,33600,654,333889,2.66,21,Friday,21.0,408,Positive,Macro,True,False,Night,1
LinkedIn,Post,Business,1964,112,118,26278,250,344068,0.64,3,Saturday,14.0,1150,Negative,Macro,True,False,Night,0
Instagram,Carousel,Technology,1169,171,63,49825,262,51542,2.72,8,Saturday,24.0,1665,Positive,Mid-tier,True,False,Morning,1
Twitter,Retweet,Fitness,4251,281,83,43738,197,105394,4.38,12,Saturday,4.0,520,Neutral,Macro,True,False,Afternoon,1
Facebook,Video,Sports,4917,86,380,16484,458,177685,3.03,15,Saturday,9.0,282,Neutral,Macro,True,False,Afternoon,1
Instagram,Reel,Entertainment,1417,62,92,32890,871,487213,0.32,20,Saturday,16.0,53,Positive,Macro,True,False,Evening,0
Facebook,Story,Travel,4929,226,92,71992,436,117699,4.46,23,Saturday,27.0,415,Positive,Macro,True,False,Night,1
Facebook,Post,Sports,7406,273,937,20661,728,220994,3.9,1,Sunday,2.0,833,Neutral,Macro,True,False,Night,1
Instagram,Photo,Travel,1488,333,46,21794,342,383497,0.49,1,Sunday,5.0,314,Positive,Macro,True,False,Night,0
Instagram,Story,Travel,5701,337,47,4501,73,319398,1.91,12,Sunday,6.0,429,Positive,Macro,True,False,Afternoon,0
TikTok,Stitch,Food,39344,1057,3856,483575,2839,7666,577.32,16,Sunday,22.0,289,Positive,Nano,True,False,Afternoon,1
Facebook,Story,Lifestyle,7105,184,663,57034,787,388195,2.05,19,Sunday,15.0,379,Positive,Macro,True,True,Evening,0
Facebook,Video,Education,3160,17,801,64490,756,197420,2.01,22,Sunday,20.0,489,Positive,Macro,True,False,Night,0
YouTube,Video,Gaming,1601,167,967,69858,314,94188,2.9,0,Monday,22.0,315,Negative,Mid-tier,True,False,Night,1
Instagram,Reel,Technology,5014,121,200,34570,591,338316,1.58,5,Monday,6.0,396,Positive,Macro,True,True,Morning,0
Facebook,Post,Health,4000,301,563,17282,533,223263,2.18,10,Monday,14.0,1175,Positive,Macro,False,False,Morning,0
Instagram,Carousel,Technology,3582,261,269,32102,371,67550,6.09,19,Monday,13.0,1344,Neutral,Mid-tier,True,True,Evening,1
Twitter,Tweet,Education,4511,242,36,26120,204,412694,1.16,22,Monday,27.0,1131,Positive,Macro,True,True,Night,0
Facebook,Story,Entertainment,3406,66,294,43825,71,469285,0.8,4,Tuesday,9.0,874,Neutral,Macro,True,False,Night,0
Facebook,Story,Health,2646,146,360,15128,399,239280,1.32,4,Wednesday,19.0,1801,Neutral,Macro,True,False,Night,0
Facebook,Live,Gaming,3969,175,183,5188,382,367915,1.18,9,Wednesday,10.0,337,Neutral,Macro,True,True,Morning,0
Instagram,Carousel,Entertainment,980,463,10,46112,430,164423,0.88,10,Wednesday,20.0,549,Positive,Macro,True,False,Morning,0
YouTube,Live,Education,18368,441,862,395961,989,39996,49.18,16,Wednesday,27.0,448,Positive,Micro,False,True,Afternoon,1
Facebook,Post,Sports,7706,42,138,7407,198,143074,5.51,18,Wednesday,27.0,1042,Positive,Macro,True,False,Evening,1
TikTok,Stitch,Technology,49227,86,4822,379735,1115,344496,15.71,21,Wednesday,17.0,457,Positive,Macro,True,True,Night,1
LinkedIn,Document,Food,1699,140,161,19708,239,57036,3.51,14,Thursday,24.0,1820,Positive,Mid-tier,True,True,Afternoon,1
Instagram,Photo,Gaming,9387,466,117,43543,76,456679,2.18,19,Thursday,19.0,1434,Negative,Macro,True,False,Evening,0
YouTube,Video,Travel,19119,832,500,707443,3959,99624,20.53,21,Thursday,1.0,32,Neutral,Mid-tier,False,False,Night,1
Facebook,Live,Gaming,4105,21,179,58944,767,313836,1.37,12,Friday,17.0,120,Neutral,Macro,True,False,Afternoon,0
TikTok,Stitch,Entertainment,28457,874,808,482007,544,162847,18.51,15,Friday,14.0,16,Neutral,Macro,False,False,Afternoon,1
YouTube,Community Post,Health,11912,44,699,370992,966,413785,3.06,15,Friday,28.0,564,Positive,Macro,True,False,Afternoon,1
Instagram,Photo,Technology,4419,362,178,6368,793,351262,1.41,16,Friday,1.0,177,Neutral,Macro,True,False,Afternoon,0
Instagram,Carousel,Gaming,5039,401,199,46894,47,66810,8.44,23,Friday,19.0,699,Neutral,Mid-tier,True,False,Night,1
Facebook,Story,Lifestyle,2704,316,297,26466,794,10611,31.26,2,Saturday,17.0,379,Positive,Micro,True,False,Night,1
Instagram,Carousel,Education,7298,278,277,8550,967,224881,3.49,4,Saturday,24.0,1626,Neutral,Macro,True,False,Night,1
Instagram,Story,Food,7597,340,80,23442,462,418644,1.91,4,Saturday,22.0,312,Neutral,Macro,True,False,Night,0
LinkedIn,Post,Lifestyle,1596,75,145,16202,192,28123,6.46,6,Saturday,7.0,1132,Positive,Micro,True,False,Morning,1
Twitter,Thread,Travel,132,190,1140,39062,314,492341,0.3,10,Saturday,25.0,1198,Positive,Macro,True,False,Morning,0
Twitter,Thread,Entertainment,4938,80,350,87624,253,75802,7.08,12,Saturday,11.0,1965,Positive,Mid-tier,True,True,Afternoon,1
TikTok,Video,Lifestyle,21899,852,1624,216540,1355,208930,11.67,14,Saturday,26.0,259,Neutral,Macro,True,False,Afternoon,1
YouTube,Video,Technology,4055,392,410,714341,968,461106,1.05,20,Saturday,24.0,387,Positive,Macro,True,True,Evening,0
Twitter,Tweet,Gaming,4209,6,1592,55421,209,474433,1.22,22,Saturday,18.0,1709,Negative,Macro,False,False,Night,0
YouTube,Live,Technology,19439,416,1257,103552,111,404640,5.22,23,Saturday,10.0,235,Negative,Macro,False,True,Night,1
Instagram,Reel,Travel,5243,246,50,32559,743,199357,2.78,2,Sunday,23.0,555,Neutral,Macro,True,False,Night,1
Facebook,Post,Food,7415,241,458,69266,94,25271,32.11,5,Sunday,15.0,1971,Neutral,Micro,True,False,Morning,1
Instagram,Story,Lifestyle,7180,59,151,45196,972,399546,1.85,6,Sunday,24.0,1747,Negative,Macro,True,False,Morning,0
Facebook,Post,Gaming,7237,175,443,10194,605,456017,1.72,3,Monday,16.0,680,Positive,Macro,True,True,Night,0
Twitter,Poll,Lifestyle,2589,122,805,35253,169,235928,1.49,7,Monday,10.0,290,Neutral,Macro,True,False,Morning,0
Instagram,Story,Business,9569,107,246,42216,833,286216,3.47,10,Monday,22.0,1440,Positive,Macro,True,False,Morning,1
TikTok,Video,Gaming,47487,1549,256,159641,864,479906,10.27,12,Monday,18.0,598,Positive,Macro,True,False,Afternoon,1
Twitter,Tweet,Travel,2301,74,1385,30622,95,404521,0.93,17,Monday,8.0,1413,Neutral,Macro,True,False,Evening,0
YouTube,Short,Travel,13117,628,930,295203,1543,431364,3.4,18,Monday,15.0,202,Positive,Macro,True,False,Evening,1
Instagram,Carousel,Lifestyle,8458,200,282,3773,656,197652,4.52,1,Tuesday,19.0,827,Neutral,Macro,False,False,Night,1
LinkedIn,Document,Fitness,933,23,105,25316,208,225511,0.47,2,Tuesday,25.0,1157,Positive,Macro,True,False,Night,0
TikTok,Duet,Lifestyle,27941,1035,4109,372278,2894,216608,15.27,2,Tuesday,16.0,505,Positive,Macro,True,True,Night,1
Facebook,Post,Lifestyle,2076,216,192,53218,541,46036,5.4,5,Tuesday,4.0,1976,Positive,Micro,True,False,Morning,1
Twitter,Poll,Sports,427,134,1710,42573,480,42382,5.36,8,Tuesday,0.0,197,Positive,Micro,False,False,Morning,1
Instagram,Reel,Fitness,3768,498,25,39951,71,171219,2.51,12,Tuesday,10.0,524,Negative,Macro,True,True,Afternoon,1
Twitter,Poll,Lifestyle,1831,147,384,17551,261,448750,0.53,15,Tuesday,11.0,1986,Neutral,Macro,True,False,Afternoon,0
TikTok,Stitch,Fitness,17512,1627,1262,489469,642,134117,15.21,15,Tuesday,1.0,146,Neutral,Macro,True,True,Afternoon,1
Twitter,Poll,Gaming,2067,150,1269,29794,296,258757,1.35,15,Tuesday,21.0,1364,Positive,Macro,True,False,Afternoon,0
Instagram,Reel,Sports,8616,380,36,18276,38,13508,66.86,20,Tuesday,16.0,518,Neutral,Micro,True,False,Evening,1
TikTok,Duet,Fitness,42835,1976,1787,442991,291,15540,299.86,23,Tuesday,0.0,507,Neutral,Micro,True,False,Night,1
Facebook,Video,Fashion,1475,16,196,60885,649,141298,1.19,2,Wednesday,9.0,338,Neutral,Macro,True,True,Night,0
LinkedIn,Post,Lifestyle,1360,39,433,21326,41,185414,0.99,3,Wednesday,27.0,457,Negative,Macro,True,True,Night,0
YouTube,Short,Travel,7502,370,1922,302746,2392,122225,8.01,14,Wednesday,3.0,34,Neutral,Macro,True,False,Afternoon,1
TikTok,Duet,Sports,14790,205,564,15956,873,19618,79.31,7,Thursday,8.0,359,Neutral,Micro,False,False,Morning,1
Instagram,Reel,Sports,2029,205,116,18802,710,451007,0.52,7,Thursday,20.0,97,Positive,Macro,True,False,Morning,0
TikTok,Duet,Gaming,42071,1407,1697,33273,2547,493280,9.16,7,Thursday,29.0,211,Positive,Macro,True,True,Morning,1
Twitter,Poll,Gaming,2589,238,1485,18507,382,29355,14.69,13,Thursday,29.0,59,Neutral,Micro,True,False,Afternoon,1
Twitter,Retweet,Fashion,565,271,172,49809,86,309994,0.33,3,Friday,24.0,286,Neutral,Macro,True,True,Night,0
TikTok,Duet,Education,15555,1740,994,279823,401,373219,4.9,6,Friday,15.0,435,Positive,Macro,True,False,Morning,1
Instagram,Photo,Education,6091,235,276,8937,120,122702,5.38,10,Friday,21.0,1354,Positive,Macro,True,False,Morning,1
LinkedIn,Article,Sports,1681,142,450,29763,86,197811,1.15,10,Friday,20.0,1208,Neutral,Macro,True,False,Morning,0
Instagram,Reel,Travel,6826,292,12,9417,171,375834,1.9,18,Friday,28.0,100,Positive,Macro,True,False,Evening,0
Twitter,Retweet,Entertainment,4013,14,880,46221,154,132708,3.7,22,Friday,28.0,690,Neutral,Macro,True,False,Night,1
Instagram,Photo,Food,8994,182,83,30994,713,9032,102.51,7,Saturday,11.0,671,Positive,Nano,True,False,Morning,1
Facebook,Live,Business,7153,28,570,45513,402,31008,25.0,8,Saturday,9.0,393,Negative,Micro,True,False,Morning,1
Twitter,Retweet,Education,1095,113,139,62850,477,473835,0.28,10,Saturday,26.0,634,Positive,Macro,True,True,Morning,0
TikTok,Video,Business,13019,1420,4523,497812,1244,181666,10.44,14,Saturday,17.0,339,Neutral,Macro,True,False,Afternoon,1
YouTube,Community Post,Lifestyle,16356,856,933,270951,2210,455183,3.99,21,Saturday,28.0,1309,Positive,Macro,True,False,Night,1
Instagram,Carousel,Health,1362,333,260,22391,793,329817,0.59,1,Sunday,13.0,471,Negative,Macro,True,False,Night,0
Instagram,Carousel,Health,7333,154,7,49641,41,435804,1.72,6,Sunday,24.0,1696,Positive,Macro,True,False,Morning,0
TikTok,Video,Health,932,1932,1041,146257,944,235097,1.66,8,Sunday,23.0,165,Positive,Macro,False,True,Morning,0
LinkedIn,Poll,Gaming,256,105,361,18926,164,83175,0.87,9,Sunday,26.0,1586,Negative,Mid-tier,True,False,Morning,0
Instagram,Photo,Gaming,5955,25,276,29431,342,140736,4.45,14,Sunday,25.0,1323,Neutral,Macro,True,False,Afternoon,1
Twitter,Thread,Education,3485,259,1091,47116,20,182152,2.65,2,Monday,23.0,590,Positive,Macro,False,False,Night,1
Twitter,Thread,Gaming,2504,180,620,49601,126,183747,1.8,9,Monday,8.0,527,Positive,Macro,True,False,Morning,0
LinkedIn,Post,Education,537,107,219,28280,143,140083,0.62,16,Monday,17.0,1090,Neutral,Macro,True,False,Afternoon,0
Instagram,Reel,Business,365,314,79,33798,726,40420,1.88,21,Monday,2.0,102,Positive,Micro,True,False,Night,0
LinkedIn,Article,Education,694,18,51,25932,181,443409,0.17,2,Tuesday,24.0,998,Positive,Macro,True,False,Night,0
Facebook,Video,Education,3763,132,865,28418,276,389969,1.22,14,Tuesday,29.0,593,Neutral,Macro,True,False,Afternoon,0
LinkedIn,Poll,Food,752,48,87,3634,196,40260,2.2,17,Tuesday,19.0,446,Positive,Micro,True,True,Evening,0
Instagram,Story,Entertainment,3937,35,294,10335,293,270190,1.58,18,Tuesday,10.0,1831,Positive,Macro,True,False,Evening,0
Instagram,Story,Entertainment,6895,344,282,17627,480,53764,13.99,22,Tuesday,23.0,1564,Positive,Mid-tier,True,False,Night,1
LinkedIn,Poll,Gaming,135,72,39,12087,208,314413,0.08,4,Wednesday,8.0,1273,Negative,Macro,True,False,Night,0
Instagram,Photo,Travel,2485,297,180,31891,438,267799,1.11,8,Wednesday,2.0,349,Neutral,Macro,True,False,Morning,0
Twitter,Thread,Food,4755,83,1794,82844,225,270700,2.45,11,Wednesday,6.0,334,Positive,Macro,True,False,Morning,1
YouTube,Video,Technology,16027,610,584,952449,3346,159899,10.77,14,Wednesday,14.0,107,Neutral,Macro,True,False,Afternoon,1
LinkedIn,Document,Gaming,1756,33,116,20375,202,429876,0.44,17,Wednesday,2.0,1618,Negative,Macro,True,False,Evening,0
TikTok,Video,Fitness,20453,1334,627,338354,1842,268255,8.36,17,Wednesday,19.0,20,Positive,Macro,True,False,Evening,1
Instagram,Carousel,Health,7480,402,135,30722,445,276016,2.9,20,Wednesday,17.0,236,Positive,Macro,True,False,Evening,1
TikTok,Duet,Entertainment,36592,327,2775,115230,2553,471866,8.41,0,Thursday,1.0,110,Neutral,Macro,True,False,Night,1
Twitter,Poll,Technology,2235,55,1287,72094,115,170665,2.1,1,Thursday,16.0,810,Neutral,Macro,True,False,Night,0
YouTube,Video,Lifestyle,9014,651,1819,336415,3205,290432,3.95,2,Thursday,4.0,95,Negative,Macro,True,True,Night,1
LinkedIn,Poll,Gaming,1750,42,373,27883,75,226382,0.96,5,Thursday,11.0,1071,Positive,Macro,True,False,Morning,0
Instagram,Story,Sports,6678,81,122,19446,558,211923,3.25,6,Thursday,25.0,736,Positive,Macro,True,False,Morning,1
YouTube,Short,Entertainment,15486,347,1224,529926,2886,416825,4.09,9,Thursday,28.0,88,Neutral,Macro,True,True,Morning,1
YouTube,Live,Technology,3691,476,1098,661951,3661,286934,1.83,19,Thursday,25.0,574,Negative,Macro,True,False,Evening,0
Instagram,Story,Technology,7170,455,270,30559,633,205121,3.85,21,Thursday,8.0,720,Negative,Macro,True,False,Night,1
Facebook,Post,Entertainment,6011,337,121,70319,704,314823,2.05,23,Thursday,7.0,1669,Positive,Macro,False,True,Night,0
Instagram,Reel,Fitness,473,240,25,45950,459,118148,0.62,3,Friday,26.0,319,Neutral,Macro,True,True,Night,0
Instagram,Story,Fitness,2553,96,106,41898,507,261478,1.05,8,Friday,29.0,1847,Negative,Macro,True,False,Morning,0
Facebook,Live,Technology,5536,259,21,13917,55,207605,2.8,9,Friday,2.0,121,Neutral,Macro,True,True,Morning,1
Twitter,Poll,Travel,2368,101,729,93973,484,272965,1.17,12,Friday,9.0,392,Positive,Macro,True,False,Afternoon,0
Instagram,Photo,Fashion,6206,151,241,43602,836,445619,1.48,15,Friday,28.0,1306,Neutral,Macro,True,False,Afternoon,0
TikTok,Video,Business,41610,829,233,236042,718,414409,10.3,17,Friday,11.0,101,Negative,Macro,True,False,Evening,1
Instagram,Photo,Fashion,6054,212,64,19115,320,264052,2.4,7,Saturday,7.0,1260,Neutral,Macro,True,True,Morning,1
TikTok,Video,Sports,4189,122,2492,327453,2327,107869,6.31,9,Saturday,4.0,260,Positive,Macro,True,False,Morning,1
Instagram,Story,Education,2113,48,231,26316,408,161692,1.48,11,Saturday,20.0,620,Neutral,Macro,True,False,Morning,0
YouTube,Video,Health,10970,646,482,553073,1401,439999,2.75,12,Saturday,12.0,400,Positive,Macro,True,False,Afternoon,1
TikTok,Video,Education,38218,1236,4510,181375,963,403020,10.91,16,Saturday,18.0,485,Neutral,Macro,False,True,Afternoon,1
Twitter,Thread,Gaming,3537,26,512,66633,272,426943,0.95,17,Saturday,9.0,1455,Neutral,Macro,True,False,Evening,0
Instagram,Photo,Gaming,3622,245,171,39246,303,439901,0.92,20,Saturday,10.0,537,Negative,Macro,True,True,Evening,0
Instagram,Photo,Fashion,8546,207,234,21224,730,127434,7.05,1,Sunday,6.0,1502,Positive,Macro,True,False,Night,1
LinkedIn,Document,Fashion,672,90,365,8426,223,415532,0.27,2,Sunday,23.0,1041,Positive,Macro,True,False,Night,0
Facebook,Live,Gaming,313,96,229,30208,758,181885,0.35,4,Sunday,18.0,342,Neutral,Macro,True,False,Night,0
Twitter,Retweet,Travel,703,273,1530,80509,366,409741,0.61,5,Sunday,27.0,1774,Neutral,Macro,True,False,Morning,0
Twitter,Thread,Sports,1120,45,722,57869,322,329234,0.57,6,Sunday,23.0,310,Neutral,Macro,False,True,Morning,0
YouTube,Community Post,Health,5388,522,979,74836,3442,136789,5.04,11,Sunday,22.0,1486,Positive,Macro,True,False,Morning,1
TikTok,Duet,Education,10611,1076,3559,146630,576,394640,3.86,13,Sunday,6.0,318,Negative,Macro,True,False,Afternoon,1
Instagram,Story,Entertainment,1410,13,173,19015,851,93835,1.7,16,Sunday,28.0,1811,Negative,Mid-tier,False,False,Afternoon,0
Facebook,Story,Technology,5031,305,941,64842,132,103395,6.07,23,Sunday,5.0,168,Positive,Macro,True,False,Night,1
Facebook,Post,Fashion,484,204,736,51427,194,262224,0.54,0,Monday,23.0,1643,Neutral,Macro,True,False,Night,0
Facebook,Video,Gaming,7469,7,161,851,250,140341,5.44,3,Monday,11.0,205,Neutral,Macro,True,True,Night,1
Instagram,Reel,Fashion,4507,349,290,10836,967,162007,3.18,9,Monday,29.0,430,Positive,Macro,False,False,Morning,1
TikTok,Video,Health,4586,392,4131,317141,918,122177,7.46,11,Monday,17.0,147,Neutral,Macro,True,True,Morning,1
Instagram,Story,Sports,484,11,158,43498,692,51227,1.27,14,Monday,0.0,1762,Negative,Mid-tier,True,False,Afternoon,0
YouTube,Live,Sports,9365,109,1164,557420,3412,185489,5.74,19,Monday,22.0,57,Positive,Macro,True,False,Evening,1
TikTok,Video,Lifestyle,43148,340,1824,71714,2601,10571,428.64,23,Monday,1.0,508,Negative,Micro,False,False,Night,1
TikTok,Stitch,Travel,31633,832,961,131794,2541,58295,57.34,7,Tuesday,13.0,245,Negative,Mid-tier,True,False,Morning,1
YouTube,Short,Education,18120,67,675,320996,207,159822,11.8,7,Tuesday,26.0,226,Negative,Macro,True,False,Morning,1
Twitter,Poll,Travel,4795,10,1206,16987,100,386717,1.55,12,Tuesday,15.0,1973,Neutral,Macro,False,False,Afternoon,0
Instagram,Photo,Travel,9186,369,177,12348,993,131372,7.41,13,Tuesday,20.0,297,Negative,Macro,True,True,Afternoon,1
LinkedIn,Document,Gaming,1830,34,264,28996,89,51556,4.13,23,Tuesday,25.0,1969,Neutral,Mid-tier,True,False,Night,1
YouTube,Video,Fashion,11145,948,757,237576,3844,165565,7.76,23,Tuesday,8.0,303,Positive,Macro,True,True,Night,1
LinkedIn,Post,Lifestyle,1374,94,479,29167,228,31552,6.17,23,Tuesday,19.0,120,Negative,Micro,True,True,Night,1
Facebook,Post,Education,3993,97,323,4517,131,140748,3.14,1,Wednesday,15.0,56,Positive,Macro,True,False,Night,1
TikTok,Stitch,Fashion,28044,1976,2964,29336,1810,481961,6.84,4,Wednesday,18.0,506,Negative,Macro,False,False,Night,1
LinkedIn,Poll,Business,946,118,371,19140,79,119280,1.2,5,Wednesday,28.0,158,Neutral,Macro,True,False,Morning,0
YouTube,Live,Education,12863,353,515,800362,4353,70877,19.37,7,Wednesday,7.0,114,Neutral,Mid-tier,True,False,Morning,1
Instagram,Photo,Fashion,6619,33,73,22273,771,117674,5.71,8,Wednesday,14.0,1622,Neutral,Macro,True,False,Morning,1
Twitter,Tweet,Technology,3667,297,748,22661,60,45366,10.39,9,Wednesday,18.0,1353,Positive,Micro,True,False,Morning,1
TikTok,Video,Fitness,48498,1296,1549,113304,2609,274943,18.67,13,Wednesday,27.0,339,Positive,Macro,True,True,Afternoon,1
TikTok,Video,Sports,11376,1399,793,203752,2168,194449,6.98,19,Wednesday,9.0,444,Neutral,Macro,True,False,Evening,1
Instagram,Photo,Health,4364,60,243,40319,267,262252,1.78,23,Wednesday,11.0,1270,Positive,Macro,True,True,Night,0
Twitter,Poll,Fitness,3113,173,1632,88231,81,261947,1.88,23,Wednesday,28.0,569,Negative,Macro,False,False,Night,0
Twitter,Poll,Technology,599,149,1859,10857,478,119040,2.19,1,Thursday,2.0,719,Positive,Macro,True,False,Night,0
TikTok,Video,Entertainment,45313,337,3836,365306,2832,271882,18.2,1,Thursday,20.0,231,Neutral,Macro,True,False,Night,1
LinkedIn,Article,Education,1951,72,311,8572,167,228093,1.02,3,Thursday,5.0,135,Positive,Macro,True,False,Night,0
Facebook,Live,Lifestyle,837,139,825,10773,205,275388,0.65,4,Thursday,7.0,375,Positive,Macro,True,False,Night,0
Instagram,Carousel,Technology,8342,294,174,15178,937,308865,2.85,7,Thursday,26.0,870,Positive,Macro,True,True,Morning,1
TikTok,Stitch,Gaming,2071,1290,1211,451288,582,114666,3.99,12,Thursday,13.0,34,Positive,Macro,True,False,Afternoon,1
TikTok,Video,Travel,46976,1956,3976,115847,2275,369157,14.33,13,Thursday,21.0,264,Negative,Macro,True,False,Afternoon,1
TikTok,Video,Fashion,17266,96,3606,402010,562,325890,6.43,18,Thursday,17.0,53,Positive,Macro,False,True,Evening,1
TikTok,Duet,Sports,44037,892,2319,480270,572,198836,23.76,21,Thursday,12.0,556,Positive,Macro,True,False,Night,1
Twitter,Poll,Health,3769,151,879,89406,437,261770,1.83,22,Thursday,21.0,1473,Negative,Macro,True,False,Night,0
Facebook,Video,Lifestyle,725,378,774,79671,332,330572,0.57,0,Friday,2.0,316,Positive,Macro,True,True,Night,0
Instagram,Photo,Food,9604,430,267,25262,49,37858,27.21,0,Friday,13.0,93,Negative,Micro,True,False,Night,1
Instagram,Carousel,Food,8417,153,179,26011,391,287672,3.04,12,Friday,24.0,109,Neutral,Macro,True,False,Afternoon,1
Twitter,Poll,Fitness,2400,18,1452,9515,27,439716,0.88,15,Friday,22.0,511,Neutral,Macro,False,False,Afternoon,0
Facebook,Post,Food,6585,120,325,68170,206,400708,1.75,16,Friday,28.0,1542,Positive,Macro,True,False,Afternoon,0
TikTok,Video,Food,44647,1386,4739,87624,372,488724,10.39,21,Friday,19.0,225,Neutral,Macro,True,False,Night,1
Facebook,Video,Fitness,5780,145,85,57983,414,127495,4.71,7,Saturday,7.0,533,Positive,Macro,True,False,Morning,1
Instagram,Photo,Gaming,5386,200,298,47996,452,307700,1.91,8,Saturday,13.0,1308,Neutral,Macro,True,False,Morning,0
Twitter,Retweet,Technology,3521,126,527,38345,321,212749,1.96,19,Saturday,24.0,1223,Positive,Macro,False,False,Evening,0
YouTube,Live,Technology,8730,466,387,283187,3255,327029,2.93,3,Sunday,17.0,185,Positive,Macro,True,False,Night,1
Twitter,Poll,Lifestyle,1141,177,1773,63323,79,49528,6.24,4,Sunday,15.0,1294,Neutral,Micro,False,False,Night,1
YouTube,Short,Travel,18083,277,467,804959,3792,379782,4.96,5,Sunday,24.0,72,Positive,Macro,True,False,Morning,1
Twitter,Poll,Travel,912,290,1498,18355,107,470421,0.57,8,Sunday,12.0,1359,Negative,Macro,True,True,Morning,0
Twitter,Retweet,Technology,2983,177,324,53509,368,16860,20.66,11,Sunday,4.0,420,Neutral,Micro,True,False,Morning,1
Instagram,Reel,Health,1469,108,63,12328,830,459961,0.36,17,Sunday,16.0,430,Positive,Macro,True,False,Evening,0
TikTok,Duet,Fitness,22312,1255,2281,390939,2689,489066,5.29,20,Sunday,1.0,48,Neutral,Macro,True,True,Evening,1
LinkedIn,Poll,Fashion,1305,127,350,10458,48,281612,0.63,20,Sunday,19.0,717,Positive,Macro,False,True,Evening,0
TikTok,Stitch,Food,42262,1465,4681,118742,2521,50594,95.68,5,Monday,15.0,372,Neutral,Mid-tier,True,True,Morning,1
Instagram,Story,Business,8062,258,212,7577,860,468622,1.82,7,Monday,13.0,419,Neutral,Macro,True,False,Morning,0
Facebook,Post,Technology,7901,312,813,3748,480,193720,4.66,12,Monday,1.0,765,Negative,Macro,False,True,Afternoon,1
YouTube,Short,Health,13388,681,990,942967,2031,4930,305.46,20,Monday,24.0,535,Positive,Nano,True,False,Evening,1
YouTube,Live,Gaming,19219,610,1448,135229,4737,114653,18.56,15,Tuesday,8.0,568,Positive,Macro,True,False,Afternoon,1
YouTube,Community Post,Travel,7134,579,38,736588,384,238956,3.24,17,Tuesday,25.0,1004,Neutral,Macro,True,False,Evening,1
Instagram,Story,Fitness,8053,16,69,24990,338,27111,30.02,17,Tuesday,5.0,307,Positive,Micro,False,False,Evening,1
Facebook,Live,Lifestyle,3403,123,92,10232,580,86384,4.19,23,Tuesday,27.0,540,Positive,Mid-tier,True,False,Night,1
LinkedIn,Document,Health,1236,5,179,22027,179,284627,0.5,9,Wednesday,4.0,340,Positive,Macro,True,False,Morning,0
LinkedIn,Post,Food,1764,1,3,16069,229,285309,0.62,9,Wednesday,29.0,96,Neutral,Macro,True,False,Morning,0
Instagram,Carousel,Health,4100,405,147,21162,830,419792,1.11,10,Wednesday,24.0,1863,Positive,Macro,True,False,Morning,0
Facebook,Live,Sports,7327,247,357,59370,233,163730,4.84,21,Wednesday,3.0,364,Positive,Macro,False,True,Night,1
Twitter,Thread,Business,746,238,982,10840,221,131598,1.49,21,Wednesday,25.0,774,Negative,Macro,True,False,Night,0
LinkedIn,Post,Business,487,125,26,11445,104,315548,0.2,2,Thursday,5.0,1871,Positive,Macro,True,True,Night,0
Instagram,Story,Entertainment,4013,203,92,45515,668,206180,2.09,3,Thursday,20.0,311,Positive,Macro,False,False,Night,0
TikTok,Video,Education,20645,1876,3648,211422,507,154014,16.99,6,Thursday,4.0,256,Positive,Macro,True,True,Morning,1
Facebook,Live,Travel,4463,275,762,71892,46,430414,1.28,8,Thursday,2.0,560,Neutral,Macro,True,False,Morning,0
Instagram,Photo,Health,1544,161,295,36056,861,2150,93.02,9,Thursday,2.0,1551,Neutral,Nano,True,False,Morning,1
Facebook,Live,Entertainment,7058,66,854,18043,787,157088,5.08,12,Thursday,29.0,328,Neutral,Macro,True,False,Afternoon,1
Facebook,Post,Gaming,2780,382,650,73812,771,403291,0.95,13,Thursday,4.0,966,Positive,Macro,True,False,Afternoon,0
YouTube,Short,Travel,16201,371,1054,884003,4873,145928,12.08,20,Thursday,19.0,558,Neutral,Macro,True,False,Evening,1
Instagram,Photo,Gaming,3154,264,88,27047,274,329245,1.06,5,Friday,14.0,1630,Neutral,Macro,True,False,Morning,0
LinkedIn,Document,Lifestyle,361,70,39,1620,112,76842,0.61,5,Friday,29.0,1135,Neutral,Mid-tier,True,False,Morning,0
Twitter,Retweet,Education,264,39,732,5734,76,205499,0.5,5,Friday,14.0,1127,Neutral,Macro,True,True,Morning,0
TikTok,Duet,Technology,7104,1016,3210,104524,615,4279,264.78,10,Friday,29.0,364,Positive,Nano,True,False,Morning,1
Facebook,Video,Business,2605,289,288,56998,749,139016,2.29,10,Friday,8.0,574,Positive,Macro,True,True,Morning,0
Facebook,Post,Health,2847,133,11,28275,760,317494,0.94,19,Friday,26.0,966,Neutral,Macro,True,False,Evening,0
Instagram,Reel,Gaming,2622,438,158,2627,877,72804,4.42,20,Friday,3.0,165,Negative,Mid-tier,True,False,Evening,1
YouTube,Video,Education,6659,103,1932,628901,31,170735,5.09,20,Friday,21.0,305,Neutral,Macro,True,False,Evening,1
Facebook,Story,Gaming,4495,226,615,47231,492,428034,1.25,20,Friday,8.0,1445,Neutral,Macro,True,False,Evening,0
Facebook,Post,Health,4316,68,419,47694,754,85048,5.65,21,Friday,11.0,1173,Positive,Mid-tier,True,False,Night,1
TikTok,Stitch,Health,33864,1921,1455,419809,2595,400549,9.3,21,Friday,1.0,461,Positive,Macro,True,True,Night,1
Facebook,Live,Health,5849,339,974,70307,542,362404,1.98,2,Saturday,28.0,132,Positive,Macro,True,False,Night,0
Twitter,Retweet,Fashion,2412,51,1298,77907,50,207276,1.81,10,Saturday,13.0,1834,Neutral,Macro,False,False,Morning,0
TikTok,Stitch,Education,41035,1375,2820,41719,2439,75776,59.69,12,Saturday,7.0,511,Negative,Mid-tier,True,False,Afternoon,1
Twitter,Poll,Business,2462,115,837,96211,406,344836,0.99,14,Saturday,29.0,872,Positive,Macro,True,True,Afternoon,0
TikTok,Video,Sports,6931,13,3467,207192,2630,478084,2.18,18,Saturday,12.0,523,Positive,Macro,True,False,Evening,0
Instagram,Photo,Fashion,6773,210,237,4142,779,77883,9.27,20,Saturday,20.0,554,Positive,Mid-tier,True,True,Evening,1
Twitter,Tweet,Entertainment,3391,129,998,7844,174,12304,36.72,23,Saturday,28.0,969,Neutral,Micro,True,False,Night,1
Facebook,Live,Gaming,3132,335,80,14866,324,376595,0.94,0,Sunday,23.0,332,Neutral,Macro,True,False,Night,0
LinkedIn,Poll,Lifestyle,1120,94,53,28326,282,105718,1.2,2,Sunday,24.0,762,Positive,Macro,True,False,Night,0
Facebook,Video,Sports,4650,389,420,11202,794,446124,1.22,6,Sunday,24.0,433,Neutral,Macro,True,False,Morning,0
TikTok,Duet,Sports,20850,1993,1143,122828,1019,248852,9.64,7,Sunday,13.0,297,Neutral,Macro,True,True,Morning,1
Instagram,Story,Fashion,8577,67,256,41343,562,296010,3.01,7,Sunday,3.0,928,Positive,Macro,True,False,Morning,1
Instagram,Photo,Education,6310,140,297,46080,110,465578,1.45,10,Sunday,9.0,1600,Negative,Macro,True,False,Morning,0
Instagram,Story,Gaming,4958,331,134,47546,491,256530,2.11,17,Sunday,15.0,1831,Neutral,Macro,True,False,Evening,0
Facebook,Post,Technology,6732,248,507,7889,247,74545,10.04,22,Sunday,14.0,1079,Positive,Mid-tier,True,False,Night,1
Twitter,Tweet,Health,826,42,893,7820,325,209997,0.84,3,Monday,8.0,1369,Negative,Macro,True,False,Night,0
Instagram,Story,Travel,6042,55,35,15840,598,50950,12.04,9,Monday,22.0,1098,Positive,Mid-tier,True,True,Morning,1
Instagram,Photo,Education,1749,416,17,30213,145,183668,1.19,14,Monday,19.0,74,Positive,Macro,True,False,Afternoon,0
YouTube,Video,Gaming,12591,21,270,21180,2795,395914,3.25,16,Monday,28.0,386,Positive,Macro,True,False,Afternoon,1
TikTok,Duet,Fitness,42659,321,1281,117661,2277,424806,10.42,20,Monday,5.0,371,Positive,Macro,True,False,Evening,1
Facebook,Live,Travel,7371,223,359,61252,317,8221,96.74,3,Tuesday,7.0,438,Negative,Nano,True,False,Night,1
YouTube,Short,Business,11800,420,314,580779,4928,484082,2.59,4,Tuesday,12.0,217,Neutral,Macro,True,True,Night,1
Facebook,Post,Lifestyle,6083,241,480,46111,157,249809,2.72,6,Tuesday,26.0,1280,Positive,Macro,False,False,Morning,1
Twitter,Poll,Lifestyle,1853,292,1450,61482,255,312629,1.15,7,Tuesday,8.0,383,Positive,Macro,True,False,Morning,0
Instagram,Photo,Travel,7451,145,197,18405,564,39920,19.52,9,Tuesday,18.0,1789,Neutral,Micro,True,True,Morning,1
Twitter,Poll,Lifestyle,127,69,1972,65577,148,109375,1.98,10,Tuesday,12.0,344,Positive,Macro,True,False,Morning,0
Instagram,Story,Technology,7309,187,206,43870,716,186786,4.12,12,Tuesday,1.0,896,Neutral,Macro,True,True,Afternoon,1
TikTok,Duet,Health,44045,1364,699,127194,797,364792,12.64,17,Tuesday,29.0,490,Neutral,Macro,True,False,Evening,1
TikTok,Stitch,Education,42738,573,2300,205357,2588,112990,40.37,17,Tuesday,24.0,489,Positive,Macro,False,False,Evening,1
Instagram,Reel,Lifestyle,5360,361,69,2362,788,454246,1.27,21,Tuesday,10.0,158,Positive,Macro,True,False,Night,0
LinkedIn,Post,Entertainment,384,52,213,8732,95,387212,0.17,21,Tuesday,28.0,1685,Negative,Macro,True,False,Night,0
TikTok,Video,Gaming,32599,1697,3085,204867,956,450457,8.3,1,Wednesday,23.0,556,Neutral,Macro,True,False,Night,1
Facebook,Story,Sports,5777,262,490,72227,12,49137,13.29,2,Wednesday,26.0,1293,Negative,Micro,True,False,Night,1
LinkedIn,Article,Technology,772,127,300,21560,103,417905,0.29,7,Wednesday,24.0,1436,Neutral,Macro,True,True,Morning,0
Twitter,Poll,Sports,4992,275,1781,47205,333,439521,1.6,11,Wednesday,8.0,1328,Neutral,Macro,True,True,Morning,0
Instagram,Photo,Health,5180,460,219,17205,677,176265,3.32,19,Wednesday,6.0,1517,Positive,Macro,True,False,Evening,1
Twitter,Poll,Fashion,3631,84,1925,8075,367,238409,2.37,20,Wednesday,1.0,607,Positive,Macro,True,False,Evening,1
Facebook,Post,Education,4417,344,995,67350,617,418360,1.38,3,Thursday,25.0,1081,Positive,Macro,False,True,Night,0
LinkedIn,Article,Entertainment,1596,22,111,10042,37,96236,1.8,4,Thursday,17.0,1136,Positive,Mid-tier,True,True,Night,0
Twitter,Poll,Technology,309,292,487,80845,238,175120,0.62,7,Thursday,26.0,1602,Neutral,Macro,True,False,Morning,0
Instagram,Reel,Gaming,782,285,278,32809,522,439446,0.31,15,Friday,2.0,549,Neutral,Macro,False,False,Afternoon,0
Twitter,Poll,Fashion,1518,107,784,53929,462,40208,5.99,23,Friday,4.0,1411,Positive,Micro,True,False,Night,1
LinkedIn,Poll,Business,1091,35,76,11683,293,241549,0.5,5,Saturday,22.0,1693,Neutral,Macro,True,True,Morning,0
Instagram,Story,Gaming,8250,105,296,42174,913,209420,4.13,6,Saturday,8.0,1767,Positive,Macro,True,False,Morning,1
LinkedIn,Document,Lifestyle,1374,45,175,27290,201,163487,0.98,8,Saturday,29.0,658,Negative,Macro,True,False,Morning,0
Instagram,Reel,Lifestyle,8897,278,224,8199,638,338949,2.77,9,Saturday,26.0,23,Negative,Macro,True,False,Morning,1
Facebook,Video,Technology,6403,229,699,63394,584,173179,4.23,11,Saturday,0.0,94,Neutral,Macro,True,True,Morning,1
Instagram,Story,Gaming,7504,454,89,44849,28,344637,2.33,12,Saturday,17.0,1876,Neutral,Macro,True,False,Afternoon,1
TikTok,Video,Sports,38293,1879,3817,22021,214,156443,28.12,15,Saturday,20.0,156,Negative,Macro,True,False,Afternoon,1
Instagram,Carousel,Education,6673,75,21,19524,959,122705,5.52,16,Saturday,3.0,1511,Positive,Macro,True,False,Afternoon,1
YouTube,Community Post,Business,502,760,1202,3631,2206,327754,0.75,18,Saturday,29.0,185,Positive,Macro,True,False,Evening,0
TikTok,Video,Travel,15059,111,3368,442474,2941,61215,30.28,1,Sunday,25.0,462,Neutral,Mid-tier,True,False,Night,1
Twitter,Tweet,Fitness,2879,53,269,82122,197,204015,1.57,2,Sunday,23.0,1418,Positive,Macro,True,True,Night,0
Instagram,Story,Health,2030,279,29,23930,822,164510,1.42,8,Sunday,1.0,135,Positive,Macro,False,True,Morning,0
Facebook,Video,Technology,5382,125,878,63199,619,37789,16.9,12,Sunday,7.0,353,Neutral,Micro,False,False,Afternoon,1
Instagram,Photo,Sports,6034,468,296,44331,372,118616,5.73,15,Sunday,25.0,450,Positive,Macro,True,False,Afternoon,1
Facebook,Live,Education,3503,177,828,12913,85,128316,3.51,16,Sunday,2.0,252,Negative,Macro,True,False,Afternoon,1
TikTok,Video,Lifestyle,17560,242,1850,197711,723,155444,12.64,16,Sunday,4.0,134,Positive,Macro,True,False,Afternoon,1
TikTok,Duet,Food,27009,1237,838,15360,994,253259,11.48,23,Sunday,15.0,409,Neutral,Macro,True,True,Night,1
Facebook,Video,Technology,7340,239,291,31796,394,30408,25.88,4,Monday,14.0,109,Neutral,Micro,True,False,Night,1
Twitter,Poll,Fitness,552,153,1130,26474,492,137662,1.33,6,Monday,17.0,1092,Positive,Macro,False,True,Morning,0
Twitter,Poll,Food,1582,90,909,23568,308,361970,0.71,7,Monday,8.0,1779,Positive,Macro,True,False,Morning,0
Facebook,Post,Education,459,285,945,5956,400,311680,0.54,12,Monday,11.0,1336,Negative,Macro,True,False,Afternoon,0
YouTube,Live,Health,7395,16,1896,680864,2808,257944,3.61,13,Monday,12.0,399,Positive,Macro,True,False,Afternoon,1
Twitter,Thread,Education,2934,97,110,78818,147,44142,7.12,20,Monday,0.0,1170,Positive,Micro,False,False,Evening,1
Twitter,Poll,Sports,3720,73,356,69206,153,323666,1.28,21,Monday,4.0,1293,Positive,Macro,True,False,Night,0
Twitter,Poll,Business,4893,17,16,10290,216,326838,1.51,22,Monday,14.0,1651,Neutral,Macro,True,False,Night,0
LinkedIn,Article,Entertainment,493,17,180,21203,274,180699,0.38,22,Monday,7.0,1484,Neutral,Macro,True,False,Night,0
LinkedIn,Post,Fashion,1993,4,119,8714,237,54383,3.89,6,Tuesday,27.0,108,Positive,Mid-tier,False,True,Morning,1
YouTube,Community Post,Education,7179,784,1695,764008,1942,117915,8.19,7,Tuesday,7.0,1795,Negative,Macro,True,True,Morning,1
Facebook,Story,Travel,7801,276,860,67353,167,479153,1.87,8,Tuesday,21.0,1436,Positive,Macro,True,False,Morning,0
TikTok,Duet,Lifestyle,15801,1563,2709,386422,871,207774,9.66,8,Tuesday,27.0,485,Positive,Macro,True,False,Morning,1
LinkedIn,Document,Technology,139,115,451,26025,49,23283,3.03,11,Tuesday,13.0,919,Positive,Micro,True,True,Morning,1
Twitter,Thread,Food,3623,37,851,87437,410,38894,11.6,18,Tuesday,11.0,1810,Neutral,Micro,True,False,Evening,1
TikTok,Video,Entertainment,19097,1725,1589,22060,994,19962,112.27,20,Tuesday,29.0,177,Negative,Micro,True,True,Evening,1
Instagram,Photo,Business,5663,51,257,23987,695,7389,80.81,20,Tuesday,11.0,1288,Positive,Nano,True,False,Evening,1
Instagram,Reel,Sports,2423,329,239,14812,625,124791,2.4,8,Wednesday,9.0,117,Positive,Macro,True,False,Morning,1
YouTube,Community Post,Fashion,4868,24,224,321762,4603,179859,2.84,8,Wednesday,6.0,597,Positive,Macro,True,False,Morning,1
Instagram,Story,Health,4028,256,151,31813,199,15973,27.77,10,Wednesday,11.0,547,Positive,Micro,True,False,Morning,1
TikTok,Stitch,Travel,6587,1310,4788,429326,1522,141721,8.95,12,Wednesday,1.0,270,Negative,Macro,True,False,Afternoon,1
Instagram,Story,Food,8509,16,74,38379,883,403784,2.13,12,Wednesday,11.0,857,Neutral,Macro,True,True,Afternoon,0
TikTok,Video,Travel,42411,1942,4522,475328,1775,21155,231.03,15,Wednesday,28.0,246,Neutral,Micro,True,False,Afternoon,1
Facebook,Live,Fashion,7084,318,240,60862,770,357254,2.14,17,Wednesday,26.0,446,Positive,Macro,True,False,Evening,0
Instagram,Story,Fitness,9505,294,288,36015,404,483998,2.08,20,Wednesday,5.0,1927,Positive,Macro,True,False,Evening,0
Instagram,Carousel,Sports,2504,55,176,4308,270,217131,1.26,22,Wednesday,20.0,1242,Neutral,Macro,True,False,Night,0
Twitter,Retweet,Sports,4050,131,153,14105,213,115119,3.76,1,Thursday,19.0,1855,Neutral,Macro,True,False,Night,1
Instagram,Carousel,Travel,1833,459,68,28110,567,221341,1.07,4,Thursday,2.0,283,Positive,Macro,True,False,Night,0
Twitter,Tweet,Technology,2475,276,1253,12447,199,295934,1.35,6,Thursday,15.0,1993,Positive,Macro,True,False,Morning,0
Facebook,Video,Entertainment,2090,305,560,46015,161,224737,1.31,12,Thursday,4.0,434,Positive,Macro,True,True,Afternoon,0
Twitter,Retweet,Travel,3338,207,349,4901,290,45066,8.64,18,Thursday,10.0,357,Positive,Micro,False,False,Evening,1
Twitter,Tweet,Travel,1560,72,346,31558,420,80069,2.47,3,Friday,9.0,1205,Neutral,Mid-tier,True,True,Night,1
YouTube,Community Post,Sports,14425,169,1064,584667,1572,425837,3.68,6,Friday,16.0,633,Negative,Macro,True,False,Morning,1
Instagram,Story,Food,708,220,48,12622,829,20563,4.75,9,Friday,2.0,334,Negative,Micro,True,False,Morning,1
Instagram,Story,Education,2455,232,253,16158,882,401526,0.73,15,Friday,19.0,1079,Positive,Macro,True,False,Afternoon,0
Facebook,Video,Entertainment,5998,398,399,65938,82,368122,1.85,18,Friday,11.0,363,Positive,Macro,True,False,Evening,0
Twitter,Poll,Fashion,2433,160,491,30655,229,429131,0.72,1,Saturday,4.0,725,Neutral,Macro,True,False,Night,0
TikTok,Video,Gaming,27981,1971,2549,116513,1480,225462,14.42,2,Saturday,19.0,20,Positive,Macro,False,True,Night,1
Instagram,Reel,Sports,6149,451,182,13512,478,94261,7.19,3,Saturday,25.0,208,Neutral,Mid-tier,False,False,Night,1
Instagram,Story,Business,5743,70,81,15235,941,305334,1.93,6,Saturday,0.0,366,Positive,Macro,False,False,Morning,0
LinkedIn,Post,Entertainment,1115,31,237,3555,152,398564,0.35,7,Saturday,5.0,1667,Positive,Macro,True,False,Morning,0
Instagram,Story,Lifestyle,543,451,213,49129,163,218302,0.55,0,Sunday,15.0,1505,Positive,Macro,True,False,Night,0
Facebook,Video,Fitness,7110,200,280,1995,791,457798,1.66,2,Sunday,1.0,72,Neutral,Macro,True,False,Night,0
Facebook,Video,Health,6435,163,66,31062,430,246642,2.7,9,Sunday,10.0,155,Positive,Macro,True,False,Morning,1
TikTok,Video,Lifestyle,33547,212,3732,148092,1179,113597,33.0,11,Sunday,11.0,185,Neutral,Macro,True,False,Morning,1
Facebook,Story,Business,7933,251,244,44181,211,272208,3.1,16,Sunday,12.0,273,Neutral,Macro,True,False,Afternoon,1
Facebook,Post,Gaming,3793,33,601,45388,510,59540,7.44,17,Sunday,3.0,1677,Neutral,Mid-tier,True,True,Evening,1
TikTok,Duet,Education,25202,1675,1158,62803,2929,74163,37.8,21,Sunday,5.0,340,Negative,Mid-tier,True,False,Night,1
TikTok,Stitch,Business,10767,737,1175,421675,547,12239,103.6,2,Monday,28.0,85,Positive,Micro,False,False,Night,1
YouTube,Community Post,Fitness,18190,655,1033,31579,260,38439,51.71,7,Monday,25.0,1888,Positive,Micro,True,False,Morning,1
Twitter,Poll,Gaming,4563,282,297,73939,207,462794,1.11,8,Monday,10.0,1630,Negative,Macro,True,False,Morning,0
TikTok,Stitch,Education,41949,188,1999,77721,2560,417945,10.56,10,Monday,17.0,224,Positive,Macro,True,True,Morning,1
TikTok,Video,Health,30687,632,3844,343655,347,437567,8.04,12,Monday,3.0,508,Positive,Macro,True,False,Afternoon,1
TikTok,Video,Food,10786,1162,1314,315360,515,384969,3.44,14,Monday,18.0,125,Neutral,Macro,True,False,Afternoon,1
TikTok,Video,Sports,36253,1970,1985,37556,2477,206296,19.49,15,Monday,21.0,394,Positive,Macro,True,False,Afternoon,1
Instagram,Carousel,Education,3369,277,112,4409,857,238264,1.58,16,Monday,20.0,218,Positive,Macro,True,False,Afternoon,0
Instagram,Carousel,Travel,9918,276,215,40903,278,454249,2.29,17,Monday,16.0,1366,Neutral,Macro,True,False,Evening,0
LinkedIn,Article,Sports,741,80,42,2025,259,145344,0.59,17,Monday,20.0,772,Positive,Macro,True,True,Evening,0
Twitter,Tweet,Business,1223,41,780,45732,12,251398,0.81,8,Tuesday,19.0,309,Positive,Macro,True,False,Morning,0
Twitter,Retweet,Entertainment,1853,294,96,25783,208,422449,0.53,12,Tuesday,23.0,1061,Negative,Macro,True,False,Afternoon,0
Twitter,Tweet,Sports,4562,120,1743,66546,253,117537,5.47,15,Tuesday,14.0,1459,Positive,Macro,True,False,Afternoon,1
Instagram,Story,Travel,6503,53,285,35353,805,22103,30.95,15,Tuesday,17.0,509,Positive,Micro,True,False,Afternoon,1
Instagram,Carousel,Gaming,2914,126,36,34285,604,109491,2.81,15,Tuesday,7.0,962,Negative,Macro,True,True,Afternoon,1
TikTok,Video,Sports,3637,294,741,480521,999,224976,2.08,17,Tuesday,14.0,244,Neutral,Macro,True,False,Evening,0
Instagram,Photo,Education,5312,350,43,34942,594,496451,1.15,0,Wednesday,29.0,109,Positive,Macro,True,True,Night,0
TikTok,Video,Education,40867,75,2312,383936,1117,184846,23.4,13,Wednesday,28.0,259,Positive,Macro,True,False,Afternoon,1
Twitter,Thread,Gaming,3095,67,1088,92016,291,106135,4.0,17,Wednesday,27.0,1063,Positive,Macro,True,False,Evening,1
Instagram,Story,Food,1362,494,63,45033,789,373877,0.51,18,Wednesday,1.0,1907,Positive,Macro,True,True,Evening,0
Instagram,Carousel,Gaming,8889,366,155,43526,983,464173,2.03,1,Thursday,9.0,1914,Neutral,Macro,True,False,Night,0
LinkedIn,Post,Fashion,218,3,240,14113,236,413119,0.11,2,Thursday,19.0,1266,Positive,Macro,True,False,Night,0
TikTok,Stitch,Gaming,11037,1507,3013,478354,830,305265,5.1,8,Thursday,22.0,199,Neutral,Macro,True,False,Morning,1
Facebook,Post,Entertainment,7568,167,613,31112,31,75022,11.13,23,Thursday,2.0,1124,Neutral,Mid-tier,True,False,Night,1
LinkedIn,Post,Travel,547,53,366,17424,23,79093,1.22,0,Friday,13.0,732,Positive,Mid-tier,True,False,Night,0
YouTube,Short,Fitness,17169,638,1619,940035,1506,454197,4.28,6,Friday,28.0,555,Positive,Macro,False,True,Morning,1
Instagram,Photo,Entertainment,5253,19,135,9169,642,19871,27.21,6,Friday,15.0,1129,Positive,Micro,True,False,Morning,1
Instagram,Reel,Sports,9305,473,180,47220,968,383117,2.6,7,Friday,24.0,281,Neutral,Macro,True,False,Morning,1
LinkedIn,Post,Business,1983,49,165,3633,158,354245,0.62,11,Friday,14.0,899,Positive,Macro,True,False,Morning,0
Twitter,Thread,Travel,476,224,558,22500,8,280794,0.45,16,Friday,8.0,367,Neutral,Macro,True,True,Afternoon,0
Facebook,Live,Gaming,6579,318,232,33978,698,267106,2.67,22,Friday,23.0,354,Neutral,Macro,True,False,Night,1
Instagram,Story,Travel,7788,269,189,22066,829,288913,2.85,1,Saturday,8.0,697,Negative,Macro,True,False,Night,1
YouTube,Live,Fashion,472,560,1755,619531,550,295908,0.94,10,Saturday,6.0,224,Negative,Macro,False,False,Morning,0
Instagram,Story,Lifestyle,3166,294,206,22734,849,442145,0.83,11,Saturday,27.0,1871,Negative,Macro,True,False,Morning,0
LinkedIn,Poll,Entertainment,1475,147,103,7440,155,264878,0.65,12,Saturday,4.0,672,Positive,Macro,True,False,Afternoon,0
TikTok,Video,Fashion,23604,429,3699,454657,811,8572,323.52,14,Saturday,25.0,287,Negative,Nano,True,False,Afternoon,1
Instagram,Reel,Food,1130,101,199,8314,156,198854,0.72,14,Saturday,2.0,390,Neutral,Macro,True,False,Afternoon,0
Facebook,Live,Lifestyle,3357,236,972,22425,457,418867,1.09,15,Saturday,21.0,588,Negative,Macro,True,True,Afternoon,0
TikTok,Stitch,Food,15271,1254,2194,352938,2824,356786,5.25,15,Saturday,9.0,438,Neutral,Macro,False,False,Afternoon,1
YouTube,Video,Gaming,18790,743,873,935073,4376,465255,4.39,17,Saturday,24.0,38,Negative,Macro,True,False,Evening,1
Instagram,Carousel,Gaming,6374,18,181,45335,785,424973,1.55,18,Saturday,18.0,725,Neutral,Macro,True,False,Evening,0
Instagram,Carousel,Entertainment,5270,429,62,1706,933,57615,10.0,7,Sunday,7.0,1404,Negative,Mid-tier,True,False,Morning,1
Twitter,Tweet,Fitness,4480,182,738,45001,153,41269,13.08,11,Sunday,18.0,371,Neutral,Micro,True,True,Morning,1
Instagram,Photo,Fashion,9482,227,99,34747,540,409372,2.4,17,Sunday,29.0,665,Neutral,Macro,False,False,Evening,1
Facebook,Live,Business,7826,306,609,77002,663,411990,2.12,21,Sunday,12.0,148,Positive,Macro,False,False,Night,0
TikTok,Video,Food,21718,60,3774,414355,1588,107077,23.86,21,Sunday,7.0,220,Positive,Macro,True,True,Night,1
Instagram,Reel,Education,3167,5,167,48872,228,266352,1.25,0,Monday,23.0,62,Positive,Macro,True,False,Night,0
Twitter,Thread,Fitness,53,285,1846,34902,98,13761,15.87,4,Monday,29.0,1006,Negative,Micro,True,True,Night,1
Twitter,Tweet,Sports,3657,176,104,17285,267,263289,1.5,10,Monday,19.0,909,Positive,Macro,True,False,Morning,0
TikTok,Video,Fashion,45300,1860,754,285981,2910,272990,17.55,20,Monday,12.0,263,Positive,Macro,True,False,Evening,1
LinkedIn,Document,Business,1076,29,363,22635,35,243830,0.6,20,Monday,17.0,1748,Negative,Macro,False,False,Evening,0
Facebook,Live,Fashion,587,16,601,25378,35,432748,0.28,22,Monday,16.0,340,Positive,Macro,True,False,Night,0
Instagram,Story,Lifestyle,2660,67,81,3569,352,404464,0.69,0,Tuesday,11.0,1645,Positive,Macro,True,False,Night,0
YouTube,Community Post,Business,18395,942,1848,651099,444,126992,16.68,3,Tuesday,11.0,205,Positive,Macro,False,False,Night,1
LinkedIn,Poll,Entertainment,1913,17,389,4609,11,283849,0.82,3,Tuesday,13.0,394,Positive,Macro,True,False,Night,0
Facebook,Story,Travel,3173,182,563,66065,366,41003,9.56,3,Tuesday,26.0,1061,Positive,Micro,True,False,Night,1
TikTok,Video,Travel,9018,1841,1841,105120,141,219831,5.78,6,Tuesday,6.0,408,Negative,Macro,True,False,Morning,1
YouTube,Live,Business,13873,125,1399,660216,1095,19195,80.21,7,Tuesday,6.0,573,Negative,Micro,False,False,Morning,1
Facebook,Live,Fashion,6431,94,983,6080,156,182889,4.11,9,Tuesday,6.0,266,Negative,Macro,True,True,Morning,1
TikTok,Video,Entertainment,21487,998,134,469995,2535,224061,10.1,11,Tuesday,13.0,48,Negative,Macro,True,True,Morning,1
YouTube,Live,Food,14428,93,595,287876,1309,125650,12.03,20,Tuesday,0.0,250,Negative,Macro,True,False,Evening,1
Twitter,Retweet,Sports,3351,277,217,35754,477,385906,1.0,21,Tuesday,11.0,1443,Positive,Macro,True,False,Night,0
TikTok,Video,Lifestyle,42008,53,2099,318062,77,297356,14.85,7,Wednesday,20.0,581,Positive,Macro,False,False,Morning,1
Instagram,Carousel,Technology,2540,218,221,21265,765,173313,1.72,9,Wednesday,11.0,767,Positive,Macro,True,False,Morning,0
Twitter,Tweet,Lifestyle,4890,121,1943,94926,295,364659,1.91,10,Wednesday,2.0,1981,Positive,Macro,False,True,Morning,0
Twitter,Tweet,Lifestyle,4701,130,260,24461,235,169030,3.01,18,Wednesday,20.0,1574,Positive,Macro,True,False,Evening,1
YouTube,Live,Fashion,4398,738,487,936280,3770,217502,2.59,22,Wednesday,4.0,113,Negative,Macro,True,False,Night,1
Twitter,Thread,Health,1674,259,1560,23134,355,356945,0.98,22,Wednesday,18.0,559,Positive,Macro,True,True,Night,0
Facebook,Story,Sports,737,50,895,18289,116,357917,0.47,7,Thursday,10.0,1665,Positive,Macro,True,False,Morning,0
Instagram,Reel,Entertainment,2448,75,231,45680,799,355916,0.77,8,Thursday,1.0,256,Neutral,Macro,False,True,Morning,0
Twitter,Retweet,Health,4547,197,1752,46564,451,200410,3.24,12,Thursday,6.0,795,Positive,Macro,True,False,Afternoon,1
Twitter,Tweet,Health,3659,81,1334,68641,22,57701,8.79,13,Thursday,2.0,1971,Neutral,Mid-tier,True,True,Afternoon,1
Facebook,Live,Food,7279,344,990,22724,56,59384,14.5,13,Thursday,0.0,200,Positive,Mid-tier,True,False,Afternoon,1
Instagram,Photo,Fitness,4675,192,258,1153,145,370313,1.38,16,Thursday,9.0,1025,Negative,Macro,True,False,Afternoon,0
YouTube,Short,Health,11551,159,947,177968,2047,161932,7.82,18,Thursday,9.0,567,Positive,Macro,True,True,Evening,1
YouTube,Live,Travel,16782,846,903,320733,291,232504,7.97,19,Thursday,9.0,553,Positive,Macro,False,False,Evening,1
Instagram,Story,Entertainment,4628,220,159,19598,250,306083,1.64,20,Thursday,28.0,81,Positive,Macro,True,False,Evening,0
TikTok,Duet,Health,31451,1311,1089,215087,2719,47037,71.97,21,Thursday,7.0,156,Positive,Micro,True,True,Night,1
TikTok,Video,Education,16915,1996,967,493812,1717,378890,5.25,23,Thursday,19.0,120,Positive,Macro,True,False,Night,1
TikTok,Duet,Travel,2940,1773,2967,203382,1024,379338,2.02,0,Friday,29.0,232,Negative,Macro,True,False,Night,0
TikTok,Stitch,Sports,36594,688,1303,166424,791,40992,94.13,1,Friday,9.0,446,Positive,Micro,True,False,Night,1
Twitter,Retweet,Fitness,2720,77,162,95292,326,6987,42.35,2,Friday,21.0,1004,Negative,Nano,True,False,Night,1
YouTube,Video,Technology,3440,242,1578,126212,122,348385,1.51,13,Friday,13.0,111,Positive,Macro,True,False,Afternoon,0
Twitter,Tweet,Entertainment,333,219,1996,17767,257,226920,1.12,14,Friday,8.0,369,Neutral,Macro,True,False,Afternoon,0
Instagram,Reel,Lifestyle,3584,354,18,6085,744,79161,5.0,15,Friday,28.0,161,Neutral,Mid-tier,True,False,Afternoon,1
TikTok,Video,Travel,17852,1675,3820,71573,1432,381044,6.13,19,Friday,11.0,210,Negative,Macro,False,False,Evening,1
Instagram,Story,Food,1795,414,297,20661,77,278925,0.9,4,Saturday,1.0,917,Positive,Macro,True,False,Night,0
Instagram,Reel,Travel,975,348,85,39851,680,19056,7.39,10,Saturday,8.0,508,Positive,Micro,True,False,Morning,1
YouTube,Live,Fashion,11912,293,1682,2076,1391,238546,5.82,15,Saturday,17.0,495,Positive,Macro,True,False,Afternoon,1
Twitter,Thread,Entertainment,1201,186,802,32210,327,444682,0.49,16,Saturday,12.0,1981,Positive,Macro,True,True,Afternoon,0
TikTok,Stitch,Gaming,28905,780,3617,400771,1139,20354,163.61,20,Saturday,19.0,526,Positive,Micro,True,True,Evening,1
Twitter,Poll,Fitness,2524,143,1634,87679,257,258461,1.66,9,Sunday,15.0,1953,Positive,Macro,True,True,Morning,0
Instagram,Carousel,Travel,7207,320,259,22709,356,396871,1.96,11,Sunday,2.0,224,Positive,Macro,True,False,Morning,0
Twitter,Poll,Fitness,2207,68,1019,49951,22,190604,1.73,11,Sunday,18.0,997,Positive,Macro,False,False,Morning,0
Twitter,Poll,Business,4818,48,226,51708,162,329725,1.54,13,Sunday,10.0,668,Neutral,Macro,True,False,Afternoon,0
TikTok,Video,Sports,25462,748,969,452812,571,489062,5.56,15,Sunday,17.0,35,Positive,Macro,True,False,Afternoon,1
Facebook,Post,Lifestyle,7167,341,756,48409,172,335652,2.46,15,Sunday,9.0,1581,Negative,Macro,True,False,Afternoon,1
TikTok,Video,Education,34926,1449,3341,354835,1920,27992,141.88,3,Monday,9.0,286,Positive,Micro,True,False,Night,1
Facebook,Post,Health,3671,151,409,6050,76,485841,0.87,8,Monday,9.0,353,Positive,Macro,True,False,Morning,0
Twitter,Retweet,Travel,2445,186,430,17552,7,60343,5.07,9,Monday,1.0,1793,Negative,Mid-tier,True,False,Morning,1
LinkedIn,Poll,Technology,533,147,464,29868,241,416234,0.27,13,Monday,25.0,1756,Positive,Macro,True,False,Afternoon,0
Facebook,Video,Business,7911,212,503,32945,436,124002,6.96,23,Monday,14.0,439,Negative,Macro,True,False,Night,1
Facebook,Live,Entertainment,668,32,28,63734,208,336564,0.22,3,Tuesday,24.0,419,Neutral,Macro,True,False,Night,0
Instagram,Photo,Sports,6311,13,87,6586,249,88877,7.21,5,Tuesday,23.0,1421,Positive,Mid-tier,True,False,Morning,1
Twitter,Tweet,Entertainment,4062,189,977,13016,60,343023,1.52,8,Tuesday,29.0,1007,Neutral,Macro,False,False,Morning,0
TikTok,Stitch,Business,38307,721,1223,61152,1441,127710,31.52,9,Tuesday,9.0,341,Neutral,Macro,True,False,Morning,1
Instagram,Carousel,Business,4420,362,21,41598,959,80845,5.94,9,Tuesday,3.0,556,Positive,Mid-tier,False,False,Morning,1
Instagram,Photo,Entertainment,925,19,212,12593,552,318853,0.36,9,Tuesday,4.0,389,Neutral,Macro,True,False,Morning,0
Facebook,Story,Technology,4590,202,205,5224,687,410912,1.22,10,Tuesday,2.0,550,Neutral,Macro,True,False,Morning,0
Facebook,Post,Lifestyle,6010,170,123,1811,512,233594,2.7,13,Tuesday,11.0,1786,Positive,Macro,True,True,Afternoon,1
TikTok,Video,Fashion,21177,913,4600,467745,2648,55301,48.26,17,Tuesday,4.0,202,Positive,Mid-tier,True,False,Evening,1
Instagram,Reel,Gaming,3763,64,120,35066,480,393133,1.0,21,Tuesday,21.0,370,Neutral,Macro,True,True,Night,0
Twitter,Retweet,Sports,689,207,314,52798,271,362381,0.33,1,Wednesday,26.0,828,Positive,Macro,True,False,Night,0
YouTube,Community Post,Education,10640,178,326,456592,37,140748,7.92,4,Wednesday,29.0,966,Neutral,Macro,True,False,Night,1
Instagram,Reel,Gaming,2583,371,17,46427,444,214849,1.38,9,Wednesday,5.0,584,Negative,Macro,True,False,Morning,0
TikTok,Duet,Food,48063,1256,4979,212537,1221,431285,12.59,9,Wednesday,24.0,433,Neutral,Macro,True,False,Morning,1
TikTok,Stitch,Health,10104,1622,4446,460216,297,418587,3.86,13,Wednesday,5.0,545,Positive,Macro,True,False,Afternoon,1
Twitter,Retweet,Fashion,1362,243,1696,43042,14,297465,1.11,17,Wednesday,15.0,617,Neutral,Macro,True,False,Evening,0
TikTok,Stitch,Lifestyle,31658,947,4470,48585,2944,441067,8.41,18,Wednesday,8.0,240,Positive,Macro,True,False,Evening,1
Facebook,Video,Fashion,5023,273,405,11823,163,172617,3.3,18,Wednesday,18.0,352,Neutral,Macro,True,True,Evening,1
LinkedIn,Article,Sports,259,80,285,25273,224,153491,0.41,20,Wednesday,13.0,586,Positive,Macro,True,True,Evening,0
YouTube,Community Post,Gaming,1908,380,935,537630,3669,442916,0.73,21,Wednesday,9.0,796,Neutral,Macro,True,True,Night,0
Instagram,Carousel,Business,9913,172,238,26704,14,21619,47.75,23,Wednesday,21.0,613,Positive,Micro,True,True,Night,1
Facebook,Story,Sports,2893,343,559,30227,188,476833,0.8,2,Thursday,29.0,156,Neutral,Macro,False,False,Night,0
LinkedIn,Document,Education,1834,143,392,13771,94,246901,0.96,3,Thursday,3.0,1612,Positive,Macro,True,True,Night,0
Instagram,Carousel,Gaming,5649,79,231,46709,64,336128,1.77,3,Thursday,5.0,354,Positive,Macro,True,True,Night,0
YouTube,Short,Sports,17810,395,1148,460099,20,71458,27.08,3,Thursday,0.0,380,Negative,Mid-tier,False,False,Night,1
TikTok,Stitch,Lifestyle,30757,737,580,122339,1202,390792,8.21,3,Thursday,5.0,17,Positive,Macro,True,False,Night,1
Facebook,Live,Health,3122,221,597,11328,550,465020,0.85,7,Thursday,24.0,545,Negative,Macro,True,True,Morning,0
TikTok,Stitch,Entertainment,15804,1927,1376,429388,207,404820,4.72,10,Thursday,3.0,408,Neutral,Macro,True,False,Morning,1
YouTube,Video,Sports,11690,842,163,875113,590,304988,4.16,16,Thursday,14.0,567,Positive,Macro,False,True,Afternoon,1
Twitter,Thread,Gaming,1698,280,1962,71184,463,275535,1.43,18,Thursday,0.0,1308,Negative,Macro,True,False,Evening,0
Instagram,Story,Business,5353,49,244,23854,955,461273,1.22,21,Thursday,27.0,128,Negative,Macro,True,False,Night,0
TikTok,Stitch,Lifestyle,6157,1293,2712,180050,2352,144042,7.05,23,Thursday,26.0,397,Negative,Macro,True,False,Night,1
Instagram,Story,Food,1592,259,76,15030,196,109105,1.77,9,Friday,13.0,539,Positive,Macro,True,False,Morning,0
Facebook,Video,Gaming,6318,237,695,15855,143,311281,2.33,9,Friday,12.0,364,Positive,Macro,True,False,Morning,1
Facebook,Story,Entertainment,4551,383,490,10747,192,12350,43.92,13,Friday,20.0,263,Neutral,Micro,False,False,Afternoon,1
LinkedIn,Document,Business,900,67,439,13193,30,179133,0.78,17,Friday,5.0,1815,Positive,Macro,True,True,Evening,0
Facebook,Video,Technology,7625,387,57,50221,414,456802,1.77,19,Friday,6.0,383,Neutral,Macro,True,False,Evening,0
TikTok,Stitch,Technology,48699,671,3192,349638,1678,97037,54.17,21,Friday,9.0,399,Positive,Mid-tier,False,False,Night,1
LinkedIn,Post,Education,1264,84,414,18398,53,55001,3.2,1,Saturday,28.0,583,Neutral,Mid-tier,True,False,Night,1
Facebook,Live,Travel,7171,40,875,49303,567,31302,25.83,5,Saturday,18.0,441,Positive,Micro,True,False,Morning,1
Instagram,Story,Entertainment,5232,414,280,38846,595,364561,1.63,8,Saturday,5.0,774,Neutral,Macro,True,False,Morning,0
Twitter,Poll,Travel,4986,258,132,96387,149,358369,1.5,9,Saturday,25.0,174,Positive,Macro,True,True,Morning,0
Instagram,Reel,Fitness,511,346,118,39053,373,148121,0.66,9,Saturday,28.0,483,Neutral,Macro,False,False,Morning,0
Instagram,Story,Education,546,58,176,43805,800,395107,0.2,15,Saturday,19.0,680,Neutral,Macro,False,True,Afternoon,0
Facebook,Story,Health,4787,69,709,12160,538,176550,3.15,16,Saturday,21.0,1145,Positive,Macro,True,False,Afternoon,1
Instagram,Photo,Fashion,2843,391,171,38193,707,63970,5.32,4,Sunday,0.0,1114,Positive,Mid-tier,False,False,Night,1
Twitter,Retweet,Sports,653,168,1022,26968,49,310380,0.59,10,Sunday,17.0,1354,Positive,Macro,True,False,Morning,0
TikTok,Video,Gaming,49949,41,4894,67355,598,204123,26.89,15,Sunday,27.0,212,Positive,Macro,True,False,Afternoon,1
Instagram,Carousel,Sports,4163,107,71,24682,660,34828,12.46,22,Sunday,4.0,1333,Positive,Micro,True,True,Night,1
Twitter,Retweet,Sports,3032,138,1938,53762,141,139845,3.65,3,Monday,27.0,151,Positive,Macro,True,False,Night,1
Twitter,Thread,Travel,769,174,305,38463,403,318346,0.39,3,Monday,25.0,492,Neutral,Macro,True,False,Night,0
Instagram,Story,Sports,5426,47,243,2077,104,332368,1.72,6,Monday,4.0,1602,Positive,Macro,True,True,Morning,0
TikTok,Video,Health,17244,783,1572,28115,1007,17755,110.39,10,Monday,16.0,71,Neutral,Micro,False,False,Morning,1
Instagram,Carousel,Gaming,1675,376,176,30325,575,33048,6.74,12,Monday,21.0,1126,Positive,Micro,True,True,Afternoon,1
LinkedIn,Article,Travel,388,139,137,19661,113,10881,6.1,14,Monday,27.0,612,Neutral,Micro,True,True,Afternoon,1
Twitter,Poll,Lifestyle,136,11,1108,3693,436,456594,0.27,20,Monday,18.0,167,Neutral,Macro,True,False,Evening,0
TikTok,Stitch,Food,6493,1424,740,157531,2279,168516,5.14,22,Monday,8.0,429,Positive,Macro,True,True,Night,1
Twitter,Thread,Entertainment,1360,155,1833,27013,99,55290,6.06,7,Tuesday,2.0,1280,Positive,Mid-tier,False,True,Morning,1
Instagram,Photo,Health,5987,51,280,30931,739,37309,16.93,11,Tuesday,19.0,401,Negative,Micro,True,False,Morning,1
Instagram,Story,Entertainment,8608,436,159,14381,95,351092,2.62,12,Tuesday,29.0,162,Positive,Macro,True,False,Afternoon,1
Instagram,Carousel,Lifestyle,6842,344,33,20512,274,285501,2.53,13,Tuesday,0.0,1713,Negative,Macro,True,False,Afternoon,1
Twitter,Tweet,Lifestyle,358,127,1877,41452,70,221093,1.07,13,Tuesday,0.0,1613,Positive,Macro,True,False,Afternoon,0
Facebook,Story,Entertainment,5439,52,514,72654,309,50120,11.98,19,Tuesday,3.0,1521,Positive,Mid-tier,True,False,Evening,1
YouTube,Community Post,Technology,15488,771,1690,804922,2809,372996,4.81,19,Tuesday,17.0,406,Neutral,Macro,True,False,Evening,1
Instagram,Carousel,Gaming,2089,296,256,30449,394,382968,0.69,4,Wednesday,25.0,1755,Negative,Macro,True,False,Night,0
TikTok,Video,Health,38849,1991,767,313697,850,232446,17.9,7,Wednesday,26.0,76,Positive,Macro,True,False,Morning,1
Instagram,Carousel,Technology,5032,270,76,11853,514,46332,11.61,9,Wednesday,0.0,137,Neutral,Micro,True,False,Morning,1
LinkedIn,Poll,Health,1634,109,292,19039,44,470866,0.43,19,Wednesday,6.0,1096,Positive,Macro,False,False,Evening,0
Instagram,Carousel,Business,9056,295,209,7086,465,376615,2.54,10,Thursday,26.0,1960,Positive,Macro,True,False,Morning,1
Twitter,Retweet,Fitness,3602,143,1613,43589,73,112446,4.76,11,Thursday,26.0,751,Positive,Macro,False,False,Morning,1
Twitter,Retweet,Sports,4074,294,1618,49343,460,282035,2.12,11,Thursday,13.0,769,Neutral,Macro,True,False,Morning,0
Facebook,Post,Lifestyle,7117,149,96,39538,792,334536,2.2,14,Thursday,11.0,1533,Positive,Macro,True,False,Afternoon,0
Instagram,Carousel,Education,6862,265,196,9533,360,220263,3.32,16,Thursday,22.0,992,Positive,Macro,True,False,Afternoon,1
LinkedIn,Article,Entertainment,1720,6,376,6417,159,171872,1.22,22,Thursday,4.0,1759,Negative,Macro,False,True,Night,0
Instagram,Carousel,Lifestyle,2741,463,20,21932,796,493485,0.65,0,Friday,16.0,791,Negative,Macro,True,True,Night,0
Instagram,Carousel,Travel,6526,457,52,35741,145,428857,1.64,1,Friday,3.0,326,Positive,Macro,True,True,Night,0
Instagram,Photo,Health,157,76,109,29992,407,480704,0.07,6,Friday,6.0,156,Positive,Macro,True,True,Morning,0
Instagram,Carousel,Fitness,3658,68,238,47894,814,232457,1.71,6,Friday,16.0,1976,Positive,Macro,True,True,Morning,0
Facebook,Video,Sports,2016,312,30,30964,483,375602,0.63,7,Friday,11.0,304,Positive,Macro,True,False,Morning,0
LinkedIn,Post,Entertainment,1842,26,29,20531,227,150377,1.26,10,Friday,15.0,201,Neutral,Macro,True,True,Morning,0
Facebook,Story,Fashion,4406,252,231,28062,65,75833,6.45,11,Friday,2.0,1314,Positive,Mid-tier,True,True,Morning,1
Instagram,Reel,Fitness,1747,132,256,11180,878,340852,0.63,12,Friday,25.0,31,Neutral,Macro,True,False,Afternoon,0
Twitter,Poll,Health,1604,24,578,80114,333,190416,1.16,12,Friday,18.0,291,Positive,Macro,True,True,Afternoon,0
TikTok,Video,Travel,34898,551,637,296174,1391,76939,46.9,22,Friday,14.0,124,Positive,Mid-tier,True,True,Night,1
Instagram,Reel,Fitness,7710,138,240,20420,589,86087,9.4,23,Friday,0.0,360,Negative,Mid-tier,True,False,Night,1
Facebook,Video,Sports,5693,211,648,45449,40,80866,8.1,1,Saturday,26.0,265,Positive,Mid-tier,True,False,Night,1
Facebook,Live,Fitness,3085,383,16,11122,39,26854,12.97,14,Saturday,4.0,31,Positive,Micro,True,False,Afternoon,1
Instagram,Reel,Business,2903,405,294,48522,698,325082,1.11,16,Saturday,3.0,106,Positive,Macro,True,False,Afternoon,0
TikTok,Stitch,Fitness,27295,1327,199,71332,1517,278487,10.35,17,Saturday,16.0,385,Positive,Macro,True,False,Evening,1
Facebook,Post,Gaming,2410,368,791,49386,137,137227,2.6,19,Saturday,21.0,383,Neutral,Macro,True,False,Evening,1
Facebook,Post,Education,4779,124,289,20993,367,118391,4.39,0,Sunday,19.0,1115,Negative,Macro,False,True,Night,1
TikTok,Stitch,Technology,36687,1326,1777,468070,2890,38522,103.29,4,Sunday,6.0,307,Negative,Micro,True,False,Night,1
TikTok,Duet,Food,47307,1839,3771,146295,2555,390184,13.56,10,Sunday,8.0,47,Neutral,Macro,True,False,Morning,1
Twitter,Thread,Fitness,3466,86,1904,41950,387,473533,1.15,13,Sunday,3.0,178,Positive,Macro,True,False,Afternoon,0
Twitter,Thread,Fashion,4950,191,142,65435,461,198064,2.67,16,Sunday,2.0,250,Positive,Macro,True,False,Afternoon,1
Instagram,Photo,Fitness,1948,124,134,2927,611,458021,0.48,17,Sunday,22.0,591,Positive,Macro,True,True,Evening,0
Instagram,Reel,Gaming,6836,186,195,41477,480,159666,4.52,19,Sunday,14.0,218,Neutral,Macro,True,True,Evening,1
YouTube,Live,Fashion,2039,743,538,724500,3215,309921,1.07,20,Sunday,15.0,60,Positive,Macro,True,True,Evening,0
Instagram,Reel,Fitness,8692,390,57,29912,666,496986,1.84,1,Monday,7.0,211,Positive,Macro,True,False,Night,0
LinkedIn,Document,Technology,404,45,344,3712,31,335476,0.24,3,Monday,21.0,648,Positive,Macro,True,False,Night,0
YouTube,Short,Travel,6825,443,1292,833834,504,208029,4.11,11,Monday,9.0,77,Positive,Macro,False,True,Morning,1
Twitter,Poll,Education,1363,232,1974,90117,26,295777,1.21,16,Monday,0.0,1387,Positive,Macro,True,False,Afternoon,0
Instagram,Carousel,Lifestyle,9700,117,270,30864,963,230006,4.39,16,Monday,15.0,851,Neutral,Macro,False,False,Afternoon,1
TikTok,Stitch,Lifestyle,46828,683,612,160091,2829,153852,31.28,17,Monday,10.0,365,Neutral,Macro,False,False,Evening,1
LinkedIn,Article,Health,1616,55,474,5289,26,35658,6.02,19,Monday,9.0,405,Negative,Micro,True,False,Evening,1
Twitter,Poll,Travel,648,150,1297,27300,145,242794,0.86,21,Monday,23.0,1723,Neutral,Macro,True,True,Night,0
Twitter,Tweet,Lifestyle,616,156,791,11866,310,426465,0.37,23,Monday,10.0,1875,Positive,Macro,True,False,Night,0
Instagram,Story,Sports,1936,315,10,18488,549,111940,2.02,0,Tuesday,5.0,353,Positive,Macro,True,False,Night,0
Instagram,Photo,Sports,2563,293,119,49493,101,215721,1.38,0,Tuesday,13.0,242,Positive,Macro,True,False,Night,0
Instagram,Carousel,Gaming,3882,477,218,5221,535,363595,1.26,1,Tuesday,5.0,624,Positive,Macro,True,False,Night,0
Twitter,Thread,Health,773,197,1013,28299,180,50856,3.9,1,Tuesday,8.0,277,Neutral,Mid-tier,True,True,Night,1
Twitter,Retweet,Sports,1941,295,649,5433,296,338197,0.85,2,Tuesday,14.0,70,Positive,Macro,True,False,Night,0
Facebook,Post,Fitness,4024,125,599,38846,501,291790,1.63,7,Tuesday,26.0,1035,Positive,Macro,True,False,Morning,0
TikTok,Stitch,Lifestyle,14539,629,1551,227552,2484,215224,7.77,10,Tuesday,17.0,127,Neutral,Macro,True,True,Morning,1
Twitter,Thread,Fashion,3349,91,761,63761,35,440974,0.95,13,Tuesday,1.0,483,Neutral,Macro,True,False,Afternoon,0
YouTube,Live,Sports,18416,595,203,9164,4478,219517,8.75,14,Tuesday,1.0,412,Negative,Macro,False,False,Afternoon,1
LinkedIn,Document,Technology,1005,144,261,12844,117,353122,0.4,14,Tuesday,4.0,1480,Neutral,Macro,True,False,Afternoon,0
Facebook,Post,Gaming,5436,309,671,42304,444,346947,1.85,15,Tuesday,9.0,427,Neutral,Macro,True,False,Afternoon,0
Twitter,Tweet,Entertainment,4767,150,1423,97299,375,134041,4.73,21,Tuesday,20.0,835,Negative,Macro,True,False,Night,1
Facebook,Post,Entertainment,3568,392,279,50900,250,128737,3.29,1,Wednesday,15.0,1275,Positive,Macro,True,True,Night,1
YouTube,Live,Fitness,8233,809,1424,837103,3927,399302,2.62,6,Wednesday,5.0,379,Positive,Macro,True,False,Morning,1
TikTok,Duet,Education,44650,731,2320,320795,2230,303171,15.73,7,Wednesday,3.0,515,Negative,Macro,False,True,Morning,1
Twitter,Poll,Food,562,181,1030,13197,292,13021,13.62,8,Wednesday,9.0,241,Positive,Micro,True,False,Morning,1
Twitter,Retweet,Education,1828,204,721,55232,408,392473,0.7,8,Wednesday,1.0,721,Neutral,Macro,False,False,Morning,0
YouTube,Live,Business,10190,770,166,86066,1221,73416,15.15,12,Wednesday,11.0,418,Neutral,Mid-tier,True,True,Afternoon,1
Facebook,Post,Gaming,5117,233,106,24311,239,474729,1.15,16,Wednesday,20.0,988,Neutral,Macro,True,True,Afternoon,0
TikTok,Video,Lifestyle,46998,801,2942,322649,2353,264047,19.22,16,Wednesday,6.0,347,Neutral,Macro,True,False,Afternoon,1
Twitter,Thread,Fitness,835,64,1481,39380,138,62588,3.8,2,Thursday,25.0,1306,Positive,Mid-tier,True,False,Night,1
TikTok,Duet,Fitness,5592,453,1691,163564,1863,499675,1.55,4,Thursday,18.0,568,Positive,Macro,True,True,Night,0
Instagram,Story,Gaming,238,278,72,7645,817,49848,1.18,6,Thursday,23.0,1391,Neutral,Micro,True,False,Morning,0
Facebook,Video,Fashion,1097,274,906,50989,378,60388,3.77,10,Thursday,17.0,232,Positive,Mid-tier,True,True,Morning,1
Twitter,Poll,Food,1930,291,1791,77286,404,1647,243.59,15,Thursday,20.0,863,Neutral,Nano,True,False,Afternoon,1
Twitter,Tweet,Sports,107,107,919,71949,99,15931,7.11,17,Thursday,14.0,1315,Positive,Micro,True,False,Evening,1
Twitter,Retweet,Health,1124,252,567,53508,373,26967,7.21,20,Thursday,27.0,1589,Neutral,Micro,True,False,Evening,1
YouTube,Video,Food,7105,551,1434,76976,3852,54876,16.56,22,Thursday,24.0,245,Neutral,Mid-tier,True,True,Night,1
Facebook,Video,Entertainment,5542,56,450,44656,400,306176,1.98,22,Thursday,15.0,1471,Negative,Macro,True,False,Night,0
TikTok,Video,Technology,43887,1769,2799,219838,1485,453410,10.69,22,Thursday,26.0,29,Positive,Macro,True,False,Night,1
LinkedIn,Article,Food,1189,113,319,16418,242,184571,0.88,3,Friday,16.0,501,Negative,Macro,True,False,Night,0
Twitter,Thread,Entertainment,2116,7,383,70001,378,273587,0.92,4,Friday,26.0,1319,Positive,Macro,True,True,Night,0
LinkedIn,Document,Sports,1196,39,186,13894,199,438463,0.32,5,Friday,27.0,1451,Positive,Macro,True,False,Morning,0
LinkedIn,Poll,Gaming,256,45,147,4259,46,95068,0.47,7,Friday,10.0,875,Neutral,Mid-tier,True,True,Morning,0
Instagram,Story,Gaming,3824,302,183,4929,520,432693,1.0,14,Friday,13.0,1928,Neutral,Macro,True,False,Afternoon,0
Instagram,Story,Fitness,9526,67,165,12084,855,248709,3.92,14,Friday,26.0,1230,Neutral,Macro,True,False,Afternoon,1
YouTube,Video,Technology,6088,549,401,301201,2008,53755,13.09,20,Friday,1.0,490,Negative,Mid-tier,True,True,Evening,1
Instagram,Carousel,Gaming,7940,302,2,4618,512,18967,43.46,23,Friday,12.0,1470,Positive,Micro,True,False,Night,1
Instagram,Story,Travel,1567,243,75,13675,341,324477,0.58,0,Saturday,23.0,96,Positive,Macro,False,False,Night,0
Instagram,Carousel,Entertainment,9181,151,112,22878,367,92545,10.2,8,Saturday,5.0,1734,Positive,Mid-tier,True,False,Morning,1
Instagram,Story,Gaming,2431,110,188,43154,719,255389,1.07,9,Saturday,23.0,1302,Neutral,Macro,True,False,Morning,0
TikTok,Video,Entertainment,37848,1840,1969,221452,2178,122204,34.09,10,Saturday,10.0,282,Positive,Macro,False,True,Morning,1
Facebook,Video,Lifestyle,1567,252,738,18130,145,187716,1.36,10,Saturday,0.0,67,Negative,Macro,False,False,Morning,0
Facebook,Post,Fashion,1542,101,186,60360,240,65998,2.77,13,Saturday,14.0,1492,Positive,Mid-tier,True,True,Afternoon,1
LinkedIn,Post,Technology,322,68,454,2634,187,81115,1.04,13,Saturday,25.0,385,Positive,Mid-tier,True,False,Afternoon,0
Facebook,Post,Travel,6017,260,574,53571,497,98714,6.94,16,Saturday,11.0,776,Positive,Mid-tier,True,True,Afternoon,1
Facebook,Story,Fitness,7996,213,957,49847,65,135461,6.77,21,Saturday,9.0,320,Positive,Macro,True,True,Night,1
Instagram,Carousel,Sports,4144,367,110,10024,61,6118,75.53,0,Sunday,19.0,677,Negative,Nano,False,False,Night,1
YouTube,Video,Business,18120,712,926,949244,276,385238,5.13,3,Sunday,14.0,399,Positive,Macro,True,False,Night,1
YouTube,Short,Sports,18276,105,336,654638,3246,335758,5.57,6,Sunday,15.0,453,Negative,Macro,False,True,Morning,1
Twitter,Retweet,Travel,2638,148,500,90547,391,433681,0.76,17,Sunday,9.0,954,Positive,Macro,False,False,Evening,0
Facebook,Live,Fitness,1290,89,612,61654,296,202012,0.99,22,Sunday,21.0,90,Negative,Macro,True,False,Night,0
Facebook,Live,Entertainment,7660,122,980,54960,135,482156,1.82,22,Sunday,9.0,366,Neutral,Macro,True,False,Night,0
TikTok,Duet,Fitness,30956,776,1007,174695,1253,304110,10.77,23,Sunday,19.0,51,Neutral,Macro,True,True,Night,1
YouTube,Video,Business,11609,574,599,902321,1024,432151,2.96,1,Monday,13.0,50,Positive,Macro,True,False,Night,1
Instagram,Story,Sports,4871,202,8,27009,20,24438,20.79,3,Monday,15.0,1979,Neutral,Micro,False,False,Night,1
YouTube,Short,Entertainment,12972,460,56,151859,2211,494240,2.73,3,Monday,10.0,470,Positive,Macro,True,False,Night,1
Facebook,Video,Gaming,5023,30,158,71478,726,462412,1.13,4,Monday,17.0,220,Positive,Macro,True,False,Night,0
LinkedIn,Post,Business,427,95,57,17427,235,3107,18.64,11,Monday,7.0,1492,Negative,Nano,True,False,Morning,1
Facebook,Video,Entertainment,1690,118,395,24012,194,294790,0.75,12,Monday,27.0,88,Neutral,Macro,True,False,Afternoon,0
Twitter,Poll,Food,3698,73,505,94055,491,368667,1.16,17,Monday,27.0,875,Neutral,Macro,True,False,Evening,0
LinkedIn,Document,Food,1859,137,360,28867,246,461337,0.51,18,Monday,10.0,1930,Positive,Macro,True,False,Evening,0
Twitter,Thread,Fashion,1514,247,1857,8160,388,363727,0.99,22,Monday,8.0,1427,Positive,Macro,True,False,Night,0
YouTube,Community Post,Food,18498,249,727,249577,736,108143,18.01,22,Monday,17.0,1976,Positive,Macro,False,False,Night,1
LinkedIn,Article,Fashion,1717,38,286,23850,56,382290,0.53,2,Tuesday,29.0,737,Neutral,Macro,True,False,Night,0
Facebook,Live,Health,3543,309,784,78334,133,323254,1.43,2,Tuesday,7.0,128,Positive,Macro,True,False,Night,0
Instagram,Story,Lifestyle,7934,405,227,46285,220,390912,2.19,5,Tuesday,15.0,128,Neutral,Macro,False,False,Morning,0
TikTok,Stitch,Entertainment,6189,1352,4911,490357,778,396720,3.14,6,Tuesday,13.0,585,Positive,Macro,True,False,Morning,1
Twitter,Poll,Entertainment,3527,98,516,15744,440,277481,1.49,8,Tuesday,0.0,1822,Positive,Macro,True,False,Morning,0
TikTok,Stitch,Entertainment,28510,352,4447,131407,1510,386463,8.62,21,Tuesday,6.0,468,Positive,Macro,True,False,Night,1
Instagram,Carousel,Lifestyle,9563,337,250,12744,694,175578,5.78,22,Tuesday,11.0,357,Negative,Macro,True,True,Night,1
Instagram,Carousel,Sports,8018,425,180,44956,550,356918,2.42,23,Tuesday,6.0,348,Positive,Macro,True,False,Night,1
Instagram,Carousel,Technology,5961,375,93,4812,165,28473,22.58,9,Wednesday,3.0,203,Negative,Micro,True,False,Morning,1
Twitter,Thread,Sports,3929,201,1363,13268,97,449869,1.22,12,Wednesday,28.0,1337,Neutral,Macro,True,False,Afternoon,0
Facebook,Post,Technology,2702,65,376,70615,284,19476,16.14,16,Wednesday,12.0,1567,Negative,Micro,True,False,Afternoon,1
Facebook,Live,Sports,783,237,692,50674,550,367770,0.47,1,Thursday,11.0,160,Positive,Macro,True,True,Night,0
YouTube,Community Post,Sports,16307,455,608,673153,1936,460045,3.78,3,Thursday,3.0,303,Positive,Macro,True,False,Night,1
TikTok,Duet,Education,12193,1470,320,492450,2751,321866,4.34,4,Thursday,24.0,176,Negative,Macro,True,False,Night,1
TikTok,Duet,Technology,3669,1252,4349,297229,2345,348195,2.66,5,Thursday,15.0,392,Neutral,Macro,True,False,Morning,1
Facebook,Live,Business,372,208,417,45496,191,380920,0.26,10,Thursday,19.0,298,Neutral,Macro,True,False,Morning,0
Instagram,Photo,Food,2119,291,106,37512,281,366450,0.69,10,Thursday,19.0,1814,Positive,Macro,True,False,Morning,0
Instagram,Carousel,Travel,6926,210,99,8782,485,98726,7.33,13,Thursday,13.0,1184,Positive,Mid-tier,True,False,Afternoon,1
TikTok,Video,Food,48764,266,3826,149836,1497,19931,265.19,17,Thursday,1.0,187,Neutral,Micro,True,False,Evening,1
Twitter,Thread,Fashion,4540,294,1213,60945,435,133986,4.51,20,Thursday,25.0,935,Positive,Macro,True,False,Evening,1
Instagram,Carousel,Business,3067,323,133,40611,61,91371,3.86,20,Thursday,28.0,1137,Positive,Mid-tier,True,False,Evening,1
Instagram,Reel,Travel,3504,120,150,37555,754,117013,3.23,21,Thursday,21.0,269,Positive,Macro,True,False,Night,1
LinkedIn,Post,Travel,1429,71,490,20827,93,458042,0.43,0,Friday,29.0,806,Neutral,Macro,True,False,Night,0
TikTok,Stitch,Lifestyle,32639,1752,4916,397070,180,221695,17.73,2,Friday,21.0,404,Negative,Macro,True,False,Night,1
Facebook,Story,Lifestyle,2737,294,854,67245,449,185617,2.09,4,Friday,23.0,748,Neutral,Macro,True,True,Night,0
Instagram,Reel,Entertainment,8882,338,293,21586,549,201096,4.73,5,Friday,13.0,125,Neutral,Macro,True,False,Morning,1
YouTube,Video,Fitness,3942,161,160,604832,3269,418122,1.02,10,Friday,0.0,214,Positive,Macro,True,False,Morning,0
Twitter,Poll,Technology,826,49,31,91638,267,430328,0.21,10,Friday,12.0,202,Negative,Macro,True,False,Morning,0
Twitter,Tweet,Fashion,4061,266,1410,12179,451,25894,22.16,12,Friday,19.0,94,Positive,Micro,True,False,Afternoon,1
TikTok,Video,Gaming,49194,299,1311,441374,1792,424287,11.97,13,Friday,7.0,355,Positive,Macro,True,False,Afternoon,1
YouTube,Video,Fashion,14601,108,1760,485405,2397,122941,13.4,23,Friday,21.0,217,Neutral,Macro,False,False,Night,1
Instagram,Story,Travel,5154,301,158,16569,956,203324,2.76,0,Saturday,24.0,1216,Positive,Macro,False,False,Night,1
TikTok,Duet,Lifestyle,37945,1226,2317,112532,2664,472400,8.78,0,Saturday,14.0,596,Positive,Macro,True,False,Night,1
Twitter,Tweet,Lifestyle,1856,274,1709,7476,397,467606,0.82,3,Saturday,16.0,1282,Neutral,Macro,False,True,Night,0
LinkedIn,Document,Education,1013,17,423,19196,216,140857,1.03,15,Saturday,0.0,101,Positive,Macro,True,False,Afternoon,0
Facebook,Story,Business,1515,58,234,40763,590,46816,3.86,15,Saturday,3.0,1991,Positive,Micro,True,True,Afternoon,1
Facebook,Video,Business,7986,16,989,29191,643,59204,15.19,18,Saturday,7.0,254,Positive,Mid-tier,True,False,Evening,1
LinkedIn,Poll,Gaming,1515,89,466,9774,156,83617,2.48,19,Saturday,18.0,1118,Neutral,Mid-tier,False,False,Evening,1
YouTube,Community Post,Travel,11733,428,496,529089,108,220366,5.74,20,Saturday,18.0,823,Neutral,Macro,True,True,Evening,1
Twitter,Thread,Travel,4150,163,1785,36797,291,104085,5.86,21,Saturday,23.0,441,Positive,Macro,True,False,Night,1
Instagram,Carousel,Lifestyle,8504,74,150,40649,881,414573,2.11,4,Sunday,18.0,1307,Positive,Macro,True,False,Night,0
Instagram,Story,Lifestyle,7127,157,240,3761,672,409142,1.84,5,Sunday,8.0,78,Positive,Macro,True,False,Morning,0
TikTok,Stitch,Technology,9028,909,1948,348937,2220,225095,5.28,10,Sunday,1.0,340,Positive,Macro,True,False,Morning,1
Facebook,Live,Fashion,1005,77,666,35651,249,29194,5.99,14,Sunday,18.0,24,Neutral,Micro,True,False,Afternoon,1
Facebook,Story,Travel,1158,165,583,49729,565,491940,0.39,14,Sunday,10.0,1715,Positive,Macro,True,False,Afternoon,0
Facebook,Video,Fitness,5155,32,451,43780,392,165850,3.4,21,Sunday,10.0,248,Neutral,Macro,False,True,Night,1
LinkedIn,Article,Lifestyle,1466,115,427,18136,16,119528,1.68,0,Monday,23.0,315,Positive,Macro,True,False,Night,0
Facebook,Video,Fitness,890,209,152,51975,556,203580,0.61,1,Monday,19.0,583,Neutral,Macro,True,False,Night,0
Facebook,Live,Travel,3733,14,126,64776,258,261407,1.48,7,Monday,20.0,343,Neutral,Macro,True,False,Morning,0
Facebook,Live,Food,2117,155,110,73032,683,295435,0.81,8,Monday,16.0,150,Positive,Macro,True,True,Morning,0
Facebook,Live,Fashion,3331,25,992,40387,288,187937,2.31,10,Monday,10.0,202,Neutral,Macro,True,False,Morning,1
Twitter,Retweet,Technology,3341,194,794,13170,242,14739,29.37,16,Monday,23.0,1817,Negative,Micro,True,False,Afternoon,1
Instagram,Photo,Lifestyle,764,280,243,9731,418,290168,0.44,21,Monday,27.0,1190,Neutral,Macro,False,False,Night,0
YouTube,Video,Entertainment,4041,459,1924,968713,3013,113161,5.68,3,Tuesday,13.0,254,Neutral,Macro,True,False,Night,1
Facebook,Video,Sports,7832,218,294,58588,559,19483,42.83,9,Tuesday,20.0,399,Positive,Micro,True,True,Morning,1
Facebook,Video,Sports,7968,362,9,4637,371,126503,6.59,9,Tuesday,19.0,421,Neutral,Macro,True,True,Morning,1
Twitter,Retweet,Business,737,83,1608,16014,408,223046,1.09,14,Tuesday,26.0,1045,Negative,Macro,True,True,Afternoon,0
Instagram,Photo,Education,2110,194,265,36048,113,191055,1.34,15,Tuesday,3.0,1684,Positive,Macro,True,False,Afternoon,0
TikTok,Stitch,Education,16624,1341,4559,462199,2523,215182,10.47,16,Tuesday,3.0,93,Positive,Macro,True,False,Afternoon,1
Instagram,Reel,Education,6682,104,241,45940,721,192554,3.65,2,Wednesday,4.0,339,Positive,Macro,True,False,Night,1
Facebook,Live,Health,1374,284,142,54402,77,92131,1.95,2,Wednesday,26.0,299,Positive,Mid-tier,False,True,Night,0
LinkedIn,Post,Food,554,18,275,1433,293,369031,0.23,3,Wednesday,21.0,1517,Negative,Macro,True,False,Night,0
Facebook,Live,Entertainment,3035,342,865,33496,309,256476,1.65,11,Wednesday,1.0,268,Neutral,Macro,False,False,Morning,0
TikTok,Duet,Business,10637,1013,3618,238705,2672,131051,11.65,11,Wednesday,2.0,515,Neutral,Macro,True,True,Morning,1
TikTok,Stitch,Lifestyle,42598,1920,4069,282091,2692,65626,74.04,19,Wednesday,5.0,450,Positive,Mid-tier,True,False,Evening,1
Facebook,Live,Health,7520,86,974,69587,793,416380,2.06,1,Thursday,5.0,228,Positive,Macro,True,False,Night,0
TikTok,Video,Entertainment,22258,1277,3110,432047,1683,460438,5.79,4,Thursday,28.0,82,Neutral,Macro,True,False,Night,1
Instagram,Photo,Fitness,3241,65,27,15462,484,323955,1.03,7,Thursday,8.0,1071,Positive,Macro,True,False,Morning,0
YouTube,Video,Health,16123,504,1895,973512,3686,171649,10.79,7,Thursday,11.0,232,Neutral,Macro,True,False,Morning,1
Facebook,Video,Business,2803,34,190,28621,573,112738,2.68,10,Thursday,17.0,334,Negative,Macro,True,False,Morning,1
LinkedIn,Document,Fashion,203,140,28,13857,139,384971,0.1,10,Thursday,10.0,311,Positive,Macro,True,False,Morning,0
Facebook,Post,Fitness,6756,264,753,46674,470,222864,3.49,10,Thursday,26.0,760,Positive,Macro,True,False,Morning,1
TikTok,Duet,Entertainment,17038,1726,2454,325168,2873,313509,6.77,11,Thursday,23.0,32,Neutral,Macro,True,False,Morning,1
LinkedIn,Post,Technology,236,123,445,15384,100,14582,5.51,15,Thursday,6.0,1963,Neutral,Micro,True,False,Afternoon,1
Instagram,Reel,Food,2795,186,144,18329,727,445618,0.7,18,Thursday,8.0,95,Neutral,Macro,True,True,Evening,0
TikTok,Duet,Fitness,1097,829,2339,106511,648,162498,2.62,18,Thursday,24.0,595,Neutral,Macro,False,True,Evening,1
Instagram,Reel,Gaming,2309,207,215,29280,977,75950,3.6,23,Thursday,16.0,348,Positive,Mid-tier,True,False,Night,1
TikTok,Stitch,Technology,46732,212,3507,445959,191,174531,28.91,23,Thursday,11.0,303,Negative,Macro,False,False,Night,1
Instagram,Story,Food,5482,398,294,33955,897,206319,2.99,3,Friday,11.0,512,Positive,Macro,True,False,Night,1
TikTok,Duet,Health,20522,1060,4042,46104,2684,361187,7.09,4,Friday,5.0,590,Positive,Macro,False,False,Night,1
Twitter,Tweet,Lifestyle,1285,239,1159,10820,499,83046,3.23,8,Friday,29.0,692,Negative,Mid-tier,True,False,Morning,1
Instagram,Reel,Health,4810,354,188,14896,806,372402,1.44,11,Friday,9.0,307,Positive,Macro,True,False,Morning,0
Twitter,Poll,Health,2588,186,811,46702,114,122203,2.93,12,Friday,24.0,1981,Positive,Macro,True,False,Afternoon,1
Twitter,Retweet,Fitness,1040,78,1567,40767,159,201852,1.33,13,Friday,3.0,1220,Neutral,Macro,True,False,Afternoon,0
Instagram,Reel,Lifestyle,2579,193,240,46980,855,291190,1.03,15,Friday,13.0,195,Negative,Macro,True,False,Afternoon,0
TikTok,Stitch,Travel,6477,1721,2545,491974,2080,313820,3.42,19,Friday,20.0,162,Positive,Macro,True,False,Evening,1
Facebook,Video,Food,1411,359,882,28363,436,35000,7.58,20,Friday,1.0,351,Negative,Micro,True,False,Evening,1
Instagram,Story,Sports,208,448,126,38497,558,99566,0.79,5,Saturday,13.0,403,Neutral,Mid-tier,False,True,Morning,0
Twitter,Tweet,Sports,1598,169,196,82583,421,131512,1.49,5,Saturday,6.0,957,Positive,Macro,True,False,Morning,0
Instagram,Story,Business,4704,363,92,14825,62,271673,1.9,17,Saturday,18.0,403,Negative,Macro,True,True,Evening,0
Instagram,Carousel,Fitness,612,182,140,3499,848,388323,0.24,21,Saturday,3.0,53,Negative,Macro,True,False,Night,0
Instagram,Photo,Sports,9534,348,41,41185,423,220385,4.5,22,Saturday,19.0,1962,Neutral,Macro,True,False,Night,1
TikTok,Duet,Travel,23926,96,173,449912,364,82939,29.17,2,Sunday,15.0,243,Positive,Mid-tier,True,False,Night,1
Instagram,Reel,Education,8396,169,183,9954,658,201065,4.35,3,Sunday,21.0,218,Negative,Macro,True,True,Night,1
Instagram,Photo,Education,3237,408,203,5995,259,31337,12.28,7,Sunday,15.0,1653,Positive,Micro,True,False,Morning,1
Facebook,Post,Health,5547,197,855,10752,732,381924,1.73,9,Sunday,19.0,1850,Positive,Macro,True,True,Morning,0
Facebook,Story,Business,4403,208,594,61104,335,173132,3.01,13,Sunday,19.0,1017,Neutral,Macro,True,False,Afternoon,1
TikTok,Duet,Gaming,488,1886,3442,69333,2966,261921,2.22,18,Sunday,17.0,138,Positive,Macro,True,False,Evening,0
Facebook,Live,Entertainment,5846,82,17,20754,452,494565,1.2,2,Monday,5.0,395,Neutral,Macro,True,True,Night,0
LinkedIn,Document,Education,200,137,189,5739,246,433503,0.12,8,Monday,9.0,1450,Positive,Macro,True,False,Morning,0
Instagram,Photo,Gaming,2320,496,12,16560,521,55878,5.06,9,Monday,18.0,653,Positive,Mid-tier,True,False,Morning,1
YouTube,Video,Health,12839,581,1822,20192,3351,326880,4.66,0,Tuesday,22.0,573,Positive,Macro,True,False,Night,1
Twitter,Tweet,Technology,4739,52,998,65366,392,109773,5.27,0,Tuesday,1.0,1999,Neutral,Macro,False,False,Night,1
Instagram,Photo,Lifestyle,5381,12,123,6685,342,454105,1.21,2,Tuesday,0.0,1600,Neutral,Macro,True,False,Night,0
Instagram,Story,Technology,5875,196,68,44228,887,52584,11.67,5,Tuesday,13.0,661,Positive,Mid-tier,True,True,Morning,1
TikTok,Stitch,Entertainment,6690,1699,1037,425945,1130,469033,2.01,7,Tuesday,4.0,135,Positive,Macro,True,True,Morning,0
Facebook,Story,Food,2918,14,485,33344,327,37459,9.12,11,Tuesday,19.0,621,Neutral,Micro,True,True,Morning,1
YouTube,Video,Fitness,11107,342,796,345619,2059,210246,5.82,13,Tuesday,27.0,551,Positive,Macro,True,True,Afternoon,1
Instagram,Story,Education,774,308,201,40978,811,342753,0.37,15,Tuesday,14.0,1596,Neutral,Macro,True,True,Afternoon,0
Instagram,Photo,Technology,3228,431,290,33453,567,401572,0.98,16,Tuesday,3.0,1829,Positive,Macro,True,False,Afternoon,0
Instagram,Reel,Food,8685,424,206,30683,788,157724,5.91,16,Tuesday,21.0,131,Neutral,Macro,False,False,Afternoon,1
Facebook,Post,Fitness,1952,235,732,54544,213,449687,0.65,20,Tuesday,6.0,842,Positive,Macro,False,False,Evening,0
YouTube,Community Post,Gaming,9951,62,1000,181934,4324,214780,5.13,20,Tuesday,4.0,1530,Positive,Macro,True,False,Evening,1
TikTok,Video,Business,31408,776,1313,57018,1724,283466,11.82,23,Tuesday,28.0,79,Neutral,Macro,True,False,Night,1
Facebook,Video,Fashion,6935,297,202,4974,685,362090,2.05,2,Wednesday,10.0,336,Neutral,Macro,True,True,Night,0
Twitter,Tweet,Health,770,268,218,2617,132,317655,0.4,4,Wednesday,23.0,791,Neutral,Macro,True,False,Night,0
YouTube,Short,Fitness,2987,603,1055,902841,4420,153262,3.03,4,Wednesday,29.0,147,Positive,Macro,True,False,Night,1
Instagram,Story,Fitness,4468,336,244,49179,439,101970,4.95,5,Wednesday,6.0,885,Neutral,Macro,True,False,Morning,1
LinkedIn,Post,Gaming,1547,76,481,21981,204,287347,0.73,7,Wednesday,20.0,865,Negative,Macro,True,False,Morning,0
Facebook,Video,Lifestyle,5962,36,216,12166,725,202920,3.06,7,Wednesday,24.0,53,Positive,Macro,False,True,Morning,1
YouTube,Short,Technology,4786,566,349,529197,423,180049,3.17,7,Wednesday,9.0,563,Positive,Macro,True,False,Morning,1
Instagram,Photo,Fitness,5117,177,278,3288,415,470225,1.18,12,Wednesday,22.0,827,Negative,Macro,True,False,Afternoon,0
YouTube,Short,Education,11629,594,597,216611,1215,89089,14.39,19,Wednesday,0.0,555,Positive,Mid-tier,True,False,Evening,1
Instagram,Photo,Business,5093,120,156,42824,838,35651,15.06,20,Wednesday,2.0,1337,Neutral,Micro,True,True,Evening,1
Facebook,Live,Gaming,3856,108,587,59756,61,319525,1.42,21,Wednesday,18.0,78,Positive,Macro,True,False,Night,0
Twitter,Thread,Food,4703,85,1371,81541,290,242360,2.54,0,Thursday,27.0,1000,Neutral,Macro,True,True,Night,1
Facebook,Story,Fitness,7427,23,112,7819,248,73223,10.33,0,Thursday,27.0,1446,Neutral,Mid-tier,True,False,Night,1
Twitter,Tweet,Food,1056,147,482,61022,207,297751,0.57,2,Thursday,11.0,389,Neutral,Macro,True,False,Night,0
Twitter,Retweet,Food,4140,35,1168,91386,374,362061,1.48,3,Thursday,17.0,1518,Positive,Macro,True,False,Night,0
LinkedIn,Document,Fashion,1123,109,60,25554,110,454140,0.28,3,Thursday,5.0,180,Neutral,Macro,True,False,Night,0
Instagram,Reel,Fitness,3334,325,20,38374,128,260376,1.41,11,Thursday,7.0,280,Positive,Macro,True,False,Morning,0
LinkedIn,Document,Food,1606,105,338,28673,81,68792,2.98,12,Thursday,19.0,250,Positive,Mid-tier,True,False,Afternoon,1
TikTok,Duet,Health,20052,1170,2422,449015,2243,445662,5.31,16,Thursday,17.0,435,Positive,Macro,True,False,Afternoon,1
Instagram,Reel,Fashion,2459,207,5,13940,35,173630,1.54,1,Friday,12.0,373,Positive,Macro,True,False,Night,0
Facebook,Story,Sports,4819,342,495,5625,170,281835,2.01,4,Friday,26.0,1517,Positive,Macro,False,False,Night,0
Instagram,Story,Fashion,2076,325,208,35123,737,284847,0.92,7,Friday,10.0,1219,Neutral,Macro,True,False,Morning,0
YouTube,Live,Technology,9660,457,629,849928,1406,178753,6.01,8,Friday,23.0,572,Positive,Macro,True,False,Morning,1
Facebook,Video,Fitness,4043,34,181,11956,72,398368,1.07,12,Friday,24.0,183,Neutral,Macro,False,False,Afternoon,0
LinkedIn,Poll,Fashion,282,3,286,21001,170,364182,0.16,13,Friday,29.0,508,Positive,Macro,True,False,Afternoon,0
Instagram,Reel,Sports,3185,265,240,1920,346,456550,0.81,16,Friday,18.0,331,Neutral,Macro,True,False,Afternoon,0
TikTok,Video,Health,17540,222,2446,194441,958,196151,10.3,17,Friday,9.0,50,Positive,Macro,True,True,Evening,1
Facebook,Live,Business,5261,186,876,8998,570,330523,1.91,17,Friday,10.0,479,Neutral,Macro,True,False,Evening,0
Instagram,Story,Gaming,9771,18,51,30779,78,48397,20.33,18,Friday,6.0,1000,Positive,Micro,True,False,Evening,1
Instagram,Story,Entertainment,7227,475,45,43246,395,16479,47.01,22,Friday,7.0,595,Positive,Micro,True,False,Night,1
Twitter,Poll,Fashion,3053,72,1016,90606,204,417217,0.99,23,Friday,18.0,1937,Positive,Macro,True,False,Night,0
Instagram,Carousel,Food,4062,49,121,18559,574,60057,7.05,0,Saturday,0.0,968,Positive,Mid-tier,False,True,Night,1
Instagram,Reel,Entertainment,2972,133,219,43330,951,132555,2.51,15,Saturday,10.0,457,Negative,Macro,True,False,Afternoon,1
YouTube,Community Post,Sports,141,810,1921,609544,1600,468350,0.61,22,Saturday,23.0,1514,Negative,Macro,True,False,Night,0
LinkedIn,Document,Food,649,103,134,15998,250,85081,1.04,22,Saturday,27.0,1037,Neutral,Mid-tier,True,False,Night,0
LinkedIn,Article,Lifestyle,1326,97,225,2526,16,123411,1.34,4,Sunday,12.0,186,Positive,Macro,False,True,Night,0
YouTube,Live,Education,8711,763,858,132605,4582,498218,2.07,4,Sunday,29.0,68,Neutral,Macro,True,True,Night,0
Twitter,Tweet,Food,2024,50,1450,88342,76,71305,4.94,13,Sunday,2.0,458,Neutral,Mid-tier,True,False,Afternoon,1
TikTok,Video,Travel,35943,1666,2712,314046,1814,433699,9.3,14,Sunday,16.0,113,Neutral,Macro,True,True,Afternoon,1
Facebook,Video,Lifestyle,4130,359,347,1003,681,264710,1.83,16,Sunday,28.0,391,Neutral,Macro,False,False,Afternoon,0
Instagram,Reel,Travel,8352,491,90,22121,443,484126,1.85,0,Monday,13.0,586,Positive,Macro,True,False,Night,0
TikTok,Duet,Fashion,16427,730,3373,269952,1613,152067,13.5,1,Monday,8.0,237,Positive,Macro,False,False,Night,1
Instagram,Carousel,Food,401,417,152,11123,45,471522,0.21,1,Monday,3.0,264,Positive,Macro,True,False,Night,0
Twitter,Retweet,Sports,1370,155,623,51321,256,153334,1.4,2,Monday,16.0,997,Positive,Macro,True,False,Night,0
Twitter,Poll,Sports,4242,226,1045,42456,485,360646,1.53,5,Monday,28.0,624,Negative,Macro,True,False,Morning,0
LinkedIn,Document,Travel,158,124,300,527,153,264526,0.22,11,Monday,22.0,170,Positive,Macro,False,True,Morning,0
Instagram,Reel,Fitness,9248,53,256,6673,94,323968,2.95,11,Monday,23.0,212,Positive,Macro,True,False,Morning,1
Instagram,Reel,Fashion,1942,367,23,1473,962,399129,0.58,14,Monday,19.0,536,Neutral,Macro,True,True,Afternoon,0
Twitter,Thread,Fashion,1275,252,1113,7462,197,45072,5.86,15,Monday,21.0,418,Positive,Micro,True,False,Afternoon,1
Facebook,Video,Sports,2301,25,661,36339,560,426728,0.7,18,Monday,21.0,498,Positive,Macro,True,False,Evening,0
Instagram,Story,Sports,3675,173,250,1644,396,312419,1.31,8,Tuesday,6.0,203,Neutral,Macro,True,True,Morning,0
Twitter,Tweet,Travel,427,38,472,91053,208,149367,0.63,9,Tuesday,5.0,1053,Neutral,Macro,True,False,Morning,0
TikTok,Video,Fashion,31194,1253,3345,133721,237,275298,13.0,14,Tuesday,9.0,323,Positive,Macro,True,True,Afternoon,1
TikTok,Stitch,Lifestyle,14157,1519,4558,476963,2148,357489,5.66,22,Tuesday,5.0,319,Negative,Macro,True,False,Night,1
Instagram,Reel,Entertainment,500,267,206,35160,418,199235,0.49,3,Wednesday,6.0,428,Positive,Macro,True,False,Night,0
YouTube,Video,Business,19344,83,1021,789449,4243,395525,5.17,4,Wednesday,12.0,511,Neutral,Macro,True,False,Night,1
LinkedIn,Post,Lifestyle,523,149,199,28446,249,158954,0.55,4,Wednesday,12.0,382,Neutral,Macro,False,True,Night,0
LinkedIn,Document,Travel,206,122,414,14267,268,388891,0.19,9,Wednesday,26.0,1630,Positive,Macro,False,True,Morning,0
Facebook,Post,Education,6226,132,840,5088,598,315456,2.28,10,Wednesday,25.0,409,Positive,Macro,True,False,Morning,0
Facebook,Live,Fashion,3407,74,223,7662,180,424468,0.87,18,Wednesday,18.0,198,Positive,Macro,True,False,Evening,0
Instagram,Photo,Business,5322,57,150,41962,879,8652,63.9,20,Wednesday,24.0,1952,Positive,Nano,True,False,Evening,1
Instagram,Carousel,Technology,6393,376,69,21724,707,365636,1.87,23,Wednesday,7.0,1352,Negative,Macro,True,True,Night,0
Twitter,Tweet,Fashion,942,89,402,12106,287,346702,0.41,4,Thursday,27.0,1933,Positive,Macro,True,False,Night,0
Twitter,Poll,Fitness,4720,4,908,70050,6,145079,3.88,4,Thursday,26.0,818,Neutral,Macro,True,True,Night,1
Instagram,Carousel,Health,7784,23,268,22145,325,431738,1.87,6,Thursday,28.0,447,Positive,Macro,False,False,Morning,0
Facebook,Video,Sports,4895,18,610,26757,653,214589,2.57,8,Thursday,26.0,592,Positive,Macro,True,False,Morning,1
TikTok,Stitch,Lifestyle,8170,810,1180,124837,2243,22893,44.38,16,Thursday,17.0,382,Negative,Micro,True,False,Afternoon,1
LinkedIn,Article,Sports,18,141,83,7961,26,190184,0.13,16,Thursday,27.0,1767,Neutral,Macro,True,True,Afternoon,0
Instagram,Story,Fitness,2274,261,23,23425,505,195923,1.31,23,Thursday,23.0,904,Neutral,Macro,False,True,Night,0
YouTube,Video,Business,2778,468,654,812406,424,162364,2.4,1,Friday,3.0,457,Neutral,Macro,True,False,Night,1
Twitter,Poll,Gaming,4454,166,761,9627,454,338606,1.59,10,Friday,4.0,205,Positive,Macro,True,False,Morning,0
Facebook,Live,Entertainment,1263,349,105,28893,790,432926,0.4,10,Friday,10.0,134,Neutral,Macro,True,False,Morning,0
Twitter,Retweet,Education,721,294,1717,95147,165,310876,0.88,15,Friday,12.0,252,Neutral,Macro,True,False,Afternoon,0
TikTok,Duet,Travel,7270,112,1577,255714,2561,270746,3.31,16,Friday,22.0,139,Positive,Macro,True,False,Afternoon,1
Twitter,Thread,Health,2558,284,866,84796,304,463143,0.8,23,Friday,17.0,340,Neutral,Macro,False,False,Night,0
Twitter,Poll,Fitness,4925,31,1037,4034,174,274528,2.18,2,Saturday,7.0,1120,Positive,Macro,True,False,Night,0
TikTok,Duet,Sports,5480,994,4525,63770,1743,42793,25.7,3,Saturday,28.0,316,Positive,Micro,False,False,Night,1
TikTok,Duet,Education,24676,176,3274,485196,2995,109593,25.66,9,Saturday,16.0,142,Positive,Macro,True,False,Morning,1
Facebook,Story,Gaming,7272,216,370,20801,660,115598,6.8,11,Saturday,14.0,550,Positive,Macro,False,False,Morning,1
Facebook,Story,Sports,3895,174,16,21173,340,467422,0.87,17,Saturday,9.0,1007,Positive,Macro,True,False,Evening,0
Instagram,Carousel,Entertainment,4052,217,6,41578,865,179439,2.38,18,Saturday,3.0,1833,Positive,Macro,True,False,Evening,1
TikTok,Stitch,Lifestyle,10034,484,4036,81086,580,186045,7.82,5,Sunday,3.0,472,Neutral,Macro,True,True,Morning,1
Instagram,Story,Entertainment,3647,359,110,34197,410,489595,0.84,5,Sunday,25.0,439,Positive,Macro,False,False,Morning,0
TikTok,Stitch,Sports,20836,209,4725,112623,1445,213011,12.1,9,Sunday,1.0,128,Positive,Macro,True,False,Morning,1
YouTube,Community Post,Lifestyle,6705,835,1222,87120,2741,187704,4.67,13,Sunday,28.0,951,Neutral,Macro,True,False,Afternoon,1
Instagram,Photo,Fashion,6082,294,237,12054,48,439089,1.51,19,Sunday,19.0,1243,Neutral,Macro,True,False,Evening,0
Twitter,Tweet,Food,1466,28,946,65289,293,95247,2.56,19,Sunday,16.0,823,Positive,Mid-tier,True,False,Evening,1
Instagram,Story,Fashion,238,340,190,21330,590,168975,0.45,22,Sunday,0.0,762,Neutral,Macro,True,False,Night,0
Twitter,Poll,Sports,943,273,1518,1835,450,369081,0.74,6,Monday,10.0,1995,Positive,Macro,True,True,Morning,0
YouTube,Video,Lifestyle,7166,952,747,875819,2934,159814,5.55,10,Monday,4.0,162,Positive,Macro,False,True,Morning,1
Facebook,Video,Fashion,2351,179,268,58120,286,372943,0.75,10,Monday,16.0,61,Positive,Macro,True,False,Morning,0
YouTube,Live,Sports,8472,456,1375,254380,2324,454425,2.27,14,Monday,9.0,405,Positive,Macro,True,True,Afternoon,0
Instagram,Carousel,Lifestyle,1894,273,132,37612,457,440143,0.52,15,Monday,6.0,1293,Positive,Macro,True,False,Afternoon,0
Facebook,Live,Fashion,5559,259,914,64274,72,405761,1.66,15,Monday,20.0,218,Neutral,Macro,True,True,Afternoon,0
LinkedIn,Document,Fashion,1070,86,14,22186,149,380564,0.31,20,Monday,14.0,1144,Negative,Macro,True,False,Evening,0
Facebook,Video,Fitness,5426,373,317,40682,102,277192,2.21,0,Tuesday,20.0,132,Positive,Macro,True,False,Night,0
Facebook,Live,Fashion,7310,170,869,69660,448,342664,2.44,2,Tuesday,22.0,472,Positive,Macro,True,False,Night,1
Twitter,Retweet,Food,3695,151,1262,99200,341,393625,1.3,5,Tuesday,15.0,277,Neutral,Macro,True,False,Morning,0
TikTok,Video,Travel,45035,1438,2371,324367,2945,137345,35.56,6,Tuesday,20.0,221,Negative,Macro,True,False,Morning,1
Twitter,Tweet,Sports,3058,195,847,27065,345,238555,1.72,10,Tuesday,9.0,490,Positive,Macro,True,False,Morning,0
Twitter,Thread,Sports,2758,51,1841,97342,37,121618,3.82,10,Tuesday,9.0,139,Positive,Macro,False,False,Morning,1
TikTok,Duet,Entertainment,14830,1070,3342,48654,2360,403502,4.77,11,Tuesday,17.0,362,Negative,Macro,True,True,Morning,1
Twitter,Thread,Sports,1304,74,690,70863,274,363807,0.57,21,Tuesday,18.0,1903,Neutral,Macro,True,False,Night,0
Facebook,Post,Sports,1736,75,151,41075,324,107195,1.83,6,Wednesday,16.0,770,Positive,Macro,True,False,Morning,0
Twitter,Poll,Food,627,15,629,84220,412,275215,0.46,7,Wednesday,22.0,1105,Neutral,Macro,True,False,Morning,0
Facebook,Post,Gaming,7594,212,478,62904,691,339881,2.44,10,Wednesday,19.0,1839,Positive,Macro,True,False,Morning,1
Instagram,Story,Health,5479,367,247,30008,679,123271,4.94,15,Wednesday,25.0,716,Positive,Macro,True,True,Afternoon,1
LinkedIn,Poll,Travel,1182,28,369,4611,180,452595,0.35,15,Wednesday,13.0,1536,Positive,Macro,False,True,Afternoon,0
Instagram,Reel,Food,5330,165,129,38538,453,244556,2.3,17,Wednesday,8.0,385,Neutral,Macro,True,False,Evening,1
Instagram,Reel,Health,7971,36,264,49350,80,308567,2.68,20,Wednesday,9.0,585,Neutral,Macro,True,False,Evening,1
Facebook,Story,Business,1656,19,641,69667,362,211144,1.1,8,Thursday,20.0,1462,Neutral,Macro,True,False,Morning,0
Instagram,Reel,Gaming,9513,170,146,38898,552,235917,4.17,12,Thursday,16.0,360,Neutral,Macro,True,False,Afternoon,1
YouTube,Community Post,Business,13129,146,1842,923793,4128,174247,8.68,13,Thursday,13.0,142,Positive,Macro,False,False,Afternoon,1
Facebook,Post,Business,473,354,759,28980,671,62923,2.52,14,Thursday,14.0,1324,Neutral,Mid-tier,True,True,Afternoon,1
Facebook,Video,Lifestyle,4369,315,80,76837,238,130705,3.64,16,Thursday,10.0,372,Positive,Macro,True,False,Afternoon,1
YouTube,Short,Fashion,10569,28,961,412344,2059,193993,5.96,0,Friday,27.0,93,Neutral,Macro,True,False,Night,1
TikTok,Video,Entertainment,46981,1648,1672,285395,2919,311889,16.13,6,Friday,0.0,237,Neutral,Macro,True,False,Morning,1
Twitter,Retweet,Entertainment,1466,25,1754,23597,372,203833,1.59,8,Friday,17.0,1450,Neutral,Macro,True,False,Morning,0
Instagram,Carousel,Health,3046,400,277,48040,713,399621,0.93,8,Friday,10.0,1594,Positive,Macro,True,False,Morning,0
Instagram,Carousel,Lifestyle,5739,263,163,6944,315,258681,2.38,15,Friday,28.0,667,Positive,Macro,True,False,Afternoon,1
Instagram,Reel,Entertainment,8519,324,22,23924,506,75943,11.67,16,Friday,20.0,382,Positive,Mid-tier,True,True,Afternoon,1
TikTok,Duet,Education,18648,977,211,253595,2715,343601,5.77,2,Saturday,15.0,469,Neutral,Macro,True,False,Night,1
Instagram,Carousel,Fashion,1409,285,5,32144,136,235732,0.72,9,Saturday,17.0,231,Positive,Macro,False,False,Morning,0
LinkedIn,Post,Sports,1266,111,417,23961,236,52878,3.39,12,Saturday,27.0,1240,Positive,Mid-tier,True,False,Afternoon,1
Facebook,Post,Fashion,3963,151,772,11651,574,116965,4.18,15,Saturday,28.0,479,Positive,Macro,True,False,Afternoon,1
TikTok,Video,Entertainment,6768,1018,23,480313,795,238116,3.28,16,Saturday,25.0,241,Positive,Macro,True,False,Afternoon,1
Twitter,Thread,Fitness,4846,258,189,11384,182,423887,1.25,20,Saturday,5.0,857,Positive,Macro,True,False,Evening,0
YouTube,Community Post,Technology,13333,923,1503,633230,3636,432910,3.64,2,Sunday,20.0,1270,Positive,Macro,True,False,Night,1
Instagram,Carousel,Sports,8788,18,196,36645,343,126662,7.11,2,Sunday,0.0,136,Negative,Macro,True,False,Night,1
Instagram,Story,Sports,6523,223,209,34961,854,8497,81.85,6,Sunday,13.0,1219,Positive,Nano,True,False,Morning,1
YouTube,Live,Entertainment,6659,843,1610,8131,1332,349145,2.61,9,Sunday,0.0,510,Positive,Macro,True,False,Morning,1
Facebook,Live,Gaming,1268,219,400,32752,508,128768,1.47,9,Sunday,7.0,513,Neutral,Macro,True,True,Morning,0
LinkedIn,Post,Education,1413,25,226,26253,284,337015,0.49,10,Sunday,27.0,1004,Neutral,Macro,True,False,Morning,0
Twitter,Poll,Food,269,294,1229,9727,465,465993,0.38,11,Sunday,14.0,1311,Positive,Macro,True,False,Morning,0
LinkedIn,Poll,Food,190,5,198,21026,44,15474,2.54,15,Sunday,19.0,1987,Negative,Micro,True,False,Afternoon,1
Instagram,Reel,Health,1067,410,182,10760,684,138665,1.2,15,Sunday,13.0,337,Neutral,Macro,True,False,Afternoon,0
Instagram,Carousel,Business,3976,413,273,33490,596,426722,1.09,17,Sunday,19.0,78,Positive,Macro,True,True,Evening,0
YouTube,Short,Education,611,473,50,428463,4486,463297,0.24,23,Sunday,6.0,264,Neutral,Macro,False,False,Night,0
LinkedIn,Document,Travel,1510,29,331,10771,91,395969,0.47,0,Monday,22.0,1119,Positive,Macro,True,True,Night,0
YouTube,Community Post,Entertainment,6931,655,1655,81868,4412,373077,2.48,2,Monday,20.0,559,Neutral,Macro,True,False,Night,1
Instagram,Reel,Education,8872,172,190,24503,260,355567,2.6,3,Monday,7.0,72,Neutral,Macro,True,False,Night,1
TikTok,Stitch,Travel,5236,603,1057,261080,253,422708,1.63,5,Monday,14.0,18,Negative,Macro,True,False,Morning,0
Instagram,Photo,Lifestyle,7193,54,281,22987,763,69631,10.81,10,Monday,0.0,1064,Negative,Mid-tier,True,False,Morning,1
YouTube,Community Post,Fitness,7011,936,1669,848116,816,442982,2.17,13,Monday,2.0,1533,Neutral,Macro,True,True,Afternoon,0
Facebook,Post,Health,2570,238,499,57975,395,130718,2.53,14,Monday,25.0,789,Positive,Macro,True,True,Afternoon,1
YouTube,Community Post,Gaming,2550,750,207,785642,1732,388827,0.9,16,Monday,8.0,619,Positive,Macro,True,True,Afternoon,0
Twitter,Tweet,Travel,2433,10,1487,93758,374,233014,1.69,16,Monday,4.0,826,Neutral,Macro,False,False,Afternoon,0
Facebook,Story,Sports,2016,252,573,79453,603,387226,0.73,20,Monday,24.0,211,Positive,Macro,True,True,Evening,0
YouTube,Community Post,Food,7657,693,1331,599422,3399,93892,10.31,22,Monday,2.0,446,Positive,Mid-tier,True,False,Night,1
Instagram,Reel,Fashion,2857,299,159,8072,10,89854,3.69,22,Monday,21.0,365,Positive,Mid-tier,True,False,Night,1
Facebook,Story,Lifestyle,1452,7,986,29901,530,43816,5.58,3,Tuesday,15.0,1316,Positive,Micro,True,False,Night,1
Facebook,Video,Fashion,4590,24,506,76392,723,246009,2.08,3,Tuesday,2.0,219,Neutral,Macro,False,False,Night,0
YouTube,Live,Entertainment,11330,72,142,666275,2986,343628,3.36,4,Tuesday,6.0,51,Positive,Macro,True,False,Night,1
Twitter,Thread,Sports,2061,116,1365,76283,182,125217,2.83,7,Tuesday,29.0,1358,Neutral,Macro,True,False,Morning,1
Instagram,Photo,Food,811,175,108,20610,529,479650,0.23,16,Tuesday,21.0,1154,Positive,Macro,True,False,Afternoon,0
Facebook,Story,Business,7540,331,10,66529,749,175928,4.48,21,Tuesday,6.0,1215,Positive,Macro,False,True,Night,1
YouTube,Community Post,Business,18279,497,1712,247150,674,52984,38.67,21,Tuesday,29.0,364,Positive,Mid-tier,False,True,Night,1
LinkedIn,Article,Fitness,1486,90,200,26132,93,387982,0.46,22,Tuesday,26.0,1993,Positive,Macro,True,False,Night,0
Twitter,Poll,Sports,1736,134,932,73364,316,402702,0.7,0,Wednesday,7.0,1008,Positive,Macro,False,False,Night,0
Twitter,Poll,Health,2904,37,254,42620,444,418550,0.76,4,Wednesday,17.0,1345,Positive,Macro,True,False,Night,0
Facebook,Post,Health,3144,133,220,2429,527,46424,7.53,6,Wednesday,19.0,152,Negative,Micro,True,False,Morning,1
Twitter,Poll,Gaming,4605,128,195,48774,335,268134,1.84,7,Wednesday,2.0,1089,Positive,Macro,True,False,Morning,0
YouTube,Live,Health,17690,638,1162,340765,1772,220153,8.85,9,Wednesday,7.0,588,Neutral,Macro,True,True,Morning,1
LinkedIn,Post,Lifestyle,727,49,196,12736,86,92710,1.05,18,Wednesday,19.0,1132,Positive,Mid-tier,True,False,Evening,0
TikTok,Video,Education,26073,1784,4417,311534,2027,103316,31.24,18,Wednesday,14.0,306,Positive,Macro,True,True,Evening,1
Twitter,Poll,Sports,211,42,1892,11051,265,172707,1.24,20,Wednesday,5.0,835,Neutral,Macro,True,False,Evening,0
TikTok,Video,Fashion,1611,440,878,488557,2467,347611,0.84,22,Wednesday,24.0,483,Positive,Macro,True,True,Night,0
LinkedIn,Article,Entertainment,1392,62,255,24449,249,424158,0.4,23,Wednesday,29.0,623,Neutral,Macro,True,True,Night,0
YouTube,Video,Education,11114,489,1222,427855,4410,488018,2.63,1,Thursday,25.0,341,Positive,Macro,True,True,Night,1
Facebook,Video,Fitness,1723,365,571,39027,609,410078,0.65,3,Thursday,1.0,463,Neutral,Macro,True,True,Night,0
TikTok,Stitch,Lifestyle,24900,1419,83,72323,1010,201379,13.11,3,Thursday,12.0,64,Positive,Macro,True,True,Night,1
TikTok,Stitch,Technology,32994,1520,1640,78230,531,58675,61.62,7,Thursday,8.0,74,Neutral,Mid-tier,True,False,Morning,1
LinkedIn,Document,Fashion,1708,9,361,21629,34,399892,0.52,11,Thursday,8.0,1489,Neutral,Macro,True,False,Morning,0
Facebook,Video,Health,6864,248,494,18979,627,201575,3.77,15,Thursday,18.0,446,Positive,Macro,True,False,Afternoon,1
TikTok,Duet,Health,27118,723,3565,423014,913,472288,6.65,22,Thursday,8.0,181,Neutral,Macro,True,False,Night,1
Twitter,Retweet,Fitness,3626,118,396,25583,105,317572,1.3,23,Thursday,19.0,192,Positive,Macro,False,False,Night,0
Facebook,Video,Entertainment,1893,245,133,26575,416,248741,0.91,15,Friday,6.0,247,Neutral,Macro,False,True,Afternoon,0
TikTok,Video,Travel,46227,868,389,182338,1597,92102,51.56,22,Friday,26.0,579,Positive,Mid-tier,True,True,Night,1
Twitter,Thread,Education,3117,8,595,55703,391,121434,3.06,9,Saturday,6.0,493,Positive,Macro,True,True,Morning,1
Facebook,Video,Fashion,3934,30,360,23143,72,12843,33.67,11,Saturday,23.0,463,Negative,Micro,True,True,Morning,1
Facebook,Story,Business,1808,108,299,58788,458,52715,4.2,11,Saturday,11.0,1336,Positive,Mid-tier,True,False,Morning,1
Twitter,Tweet,Fitness,681,246,456,73249,160,458907,0.3,13,Saturday,26.0,1458,Negative,Macro,True,False,Afternoon,0
Facebook,Story,Gaming,519,270,17,64936,322,285509,0.28,14,Saturday,16.0,201,Positive,Macro,True,True,Afternoon,0
Twitter,Tweet,Gaming,2817,67,1876,73853,197,78068,6.1,2,Sunday,8.0,1788,Neutral,Mid-tier,False,False,Night,1
Twitter,Retweet,Technology,3356,14,500,37155,110,91133,4.25,4,Sunday,19.0,889,Positive,Mid-tier,True,False,Night,1
YouTube,Live,Lifestyle,18726,482,318,42190,4270,229045,8.52,8,Sunday,10.0,201,Positive,Macro,True,False,Morning,1
Facebook,Story,Fitness,1557,375,155,28557,592,307310,0.68,8,Sunday,18.0,242,Neutral,Macro,True,False,Morning,0
Instagram,Reel,Health,8944,105,106,895,455,488120,1.88,18,Sunday,20.0,292,Positive,Macro,True,False,Evening,0
Instagram,Story,Entertainment,3946,93,159,17611,905,232068,1.81,18,Sunday,25.0,142,Neutral,Macro,True,False,Evening,0
YouTube,Video,Lifestyle,6959,426,89,709793,4673,413893,1.81,20,Sunday,20.0,598,Positive,Macro,True,False,Evening,0
Twitter,Thread,Technology,4780,81,935,81145,159,89091,6.51,21,Sunday,28.0,1549,Positive,Mid-tier,True,False,Night,1
Instagram,Carousel,Food,7383,346,79,25794,832,226592,3.45,3,Monday,13.0,871,Negative,Macro,True,False,Night,1
TikTok,Stitch,Gaming,602,478,2433,158488,673,389209,0.9,6,Monday,28.0,298,Positive,Macro,False,False,Morning,0
Twitter,Retweet,Food,272,39,1071,75356,409,143633,0.96,6,Monday,21.0,1192,Negative,Macro,True,False,Morning,0
Facebook,Story,Food,4327,246,673,5808,444,485585,1.08,9,Monday,25.0,1583,Neutral,Macro,True,False,Morning,0
Twitter,Poll,Health,3771,279,1777,21143,57,333804,1.75,9,Monday,26.0,1635,Positive,Macro,True,True,Morning,0
Twitter,Thread,Health,919,131,1255,22113,48,220487,1.05,13,Monday,17.0,1194,Positive,Macro,True,True,Afternoon,0
Instagram,Carousel,Entertainment,9925,62,238,20537,975,120145,8.51,17,Monday,10.0,391,Positive,Macro,True,False,Evening,1
Facebook,Story,Fashion,5507,194,652,61466,443,441627,1.44,19,Monday,20.0,1497,Neutral,Macro,True,False,Evening,0
Instagram,Story,Fitness,6875,430,103,24857,518,158828,4.66,20,Monday,14.0,1451,Neutral,Macro,False,False,Evening,1
TikTok,Stitch,Sports,24612,887,4815,15691,2510,39830,76.11,1,Tuesday,25.0,140,Neutral,Micro,True,False,Night,1
Facebook,Live,Fashion,5848,118,449,13657,589,51919,12.36,5,Tuesday,15.0,107,Neutral,Mid-tier,True,False,Morning,1
Facebook,Post,Fitness,6796,256,715,7285,294,236202,3.29,6,Tuesday,10.0,959,Negative,Macro,True,True,Morning,1
Facebook,Post,Travel,2531,35,736,36958,704,53769,6.14,9,Tuesday,3.0,1736,Positive,Mid-tier,True,False,Morning,1
Twitter,Poll,Technology,4552,254,861,9505,23,408813,1.39,10,Tuesday,20.0,912,Positive,Macro,True,True,Morning,0
TikTok,Duet,Travel,3622,1412,2077,368169,775,424038,1.68,11,Tuesday,25.0,535,Neutral,Macro,True,True,Morning,0
Facebook,Live,Lifestyle,1523,114,529,43180,592,300367,0.72,19,Tuesday,28.0,499,Neutral,Macro,True,True,Evening,0
TikTok,Stitch,Entertainment,49606,1615,4493,172035,2177,205607,27.1,20,Tuesday,16.0,127,Neutral,Macro,True,False,Evening,1
LinkedIn,Poll,Technology,1000,110,166,2741,11,267818,0.48,0,Wednesday,28.0,992,Positive,Macro,True,False,Night,0
Instagram,Photo,Lifestyle,1996,488,144,39085,270,263141,1.0,9,Wednesday,24.0,927,Neutral,Macro,True,False,Morning,0
Instagram,Photo,Gaming,1401,143,30,17392,260,144831,1.09,13,Wednesday,18.0,318,Positive,Macro,True,False,Afternoon,0
Facebook,Story,Technology,4892,167,376,17385,609,71171,7.64,14,Wednesday,14.0,1975,Neutral,Mid-tier,True,True,Afternoon,1
Facebook,Story,Health,5331,299,477,68759,88,353164,1.73,23,Wednesday,16.0,1829,Negative,Macro,True,False,Night,0
Instagram,Carousel,Fashion,6104,37,299,30644,937,282011,2.28,23,Wednesday,2.0,881,Positive,Macro,True,False,Night,0
Instagram,Reel,Health,3551,167,265,49637,77,373708,1.07,23,Wednesday,28.0,99,Negative,Macro,True,False,Night,0
Twitter,Tweet,Lifestyle,3222,128,449,46832,313,3268,116.25,11,Thursday,7.0,1602,Neutral,Nano,True,True,Morning,1
Facebook,Story,Health,1693,306,932,78704,268,195400,1.5,21,Thursday,13.0,139,Neutral,Macro,True,False,Night,0
Instagram,Story,Fitness,805,150,240,20458,613,368150,0.32,22,Thursday,1.0,1688,Neutral,Macro,False,False,Night,0
Twitter,Tweet,Education,1823,105,1951,62061,348,395081,0.98,22,Thursday,16.0,1802,Positive,Macro,True,True,Night,0
YouTube,Short,Business,9796,491,160,272718,2435,185651,5.63,1,Friday,11.0,346,Positive,Macro,True,False,Night,1
Instagram,Story,Food,3977,11,137,5802,718,159534,2.59,2,Friday,14.0,538,Positive,Macro,True,False,Night,1
LinkedIn,Article,Fashion,1889,103,108,2514,21,105203,2.0,3,Friday,17.0,1616,Positive,Macro,True,False,Night,0
Twitter,Thread,Education,1572,117,1180,81201,120,464041,0.62,9,Friday,10.0,1897,Positive,Macro,True,False,Morning,0
Facebook,Post,Entertainment,5023,263,449,49181,27,372074,1.54,12,Friday,13.0,1308,Positive,Macro,False,False,Afternoon,0
Twitter,Thread,Food,2674,142,338,35928,113,398196,0.79,13,Friday,24.0,509,Positive,Macro,True,False,Afternoon,0
TikTok,Stitch,Food,29768,656,3615,137339,471,106831,31.86,15,Friday,17.0,78,Positive,Macro,True,True,Afternoon,1
Instagram,Reel,Fitness,4277,346,244,21719,683,280354,1.74,19,Friday,11.0,483,Neutral,Macro,True,False,Evening,0
Twitter,Poll,Travel,4793,293,662,50229,116,318958,1.8,1,Saturday,15.0,111,Positive,Macro,True,False,Night,0
TikTok,Stitch,Fashion,20401,1173,2181,34251,1580,467749,5.08,2,Saturday,28.0,174,Positive,Macro,True,False,Night,1
Twitter,Thread,Education,382,211,1019,2634,17,365671,0.44,4,Saturday,24.0,124,Positive,Macro,True,False,Night,0
Facebook,Live,Education,3752,14,129,72266,666,462911,0.84,10,Saturday,20.0,504,Positive,Macro,False,True,Morning,0
Twitter,Retweet,Sports,3127,254,1978,54100,219,209790,2.55,12,Saturday,11.0,1725,Negative,Macro,True,False,Afternoon,1
Twitter,Retweet,Health,2049,19,1626,69232,405,397113,0.93,14,Saturday,17.0,1096,Positive,Macro,True,False,Afternoon,0
Instagram,Story,Travel,9646,161,176,1637,398,486602,2.05,17,Saturday,2.0,1108,Positive,Macro,True,True,Evening,0
Facebook,Live,Health,4378,62,270,30904,38,362667,1.3,18,Saturday,8.0,454,Positive,Macro,True,True,Evening,0
Instagram,Carousel,Gaming,2617,373,276,37855,836,482956,0.68,19,Saturday,28.0,664,Positive,Macro,True,False,Evening,0
Twitter,Thread,Gaming,1275,102,133,92154,361,222604,0.68,20,Saturday,26.0,97,Positive,Macro,True,False,Evening,0
Facebook,Video,Entertainment,3970,318,65,55297,342,335303,1.3,20,Saturday,24.0,443,Neutral,Macro,True,False,Evening,0
YouTube,Video,Lifestyle,8714,710,868,962453,2460,27789,37.04,0,Sunday,24.0,188,Neutral,Micro,True,True,Night,1
Instagram,Photo,Gaming,3357,281,42,27756,284,492396,0.75,5,Sunday,5.0,1455,Neutral,Macro,True,False,Morning,0
LinkedIn,Post,Food,1658,129,315,5366,259,229565,0.92,10,Sunday,17.0,1743,Neutral,Macro,True,True,Morning,0
TikTok,Video,Travel,30809,367,4559,484344,1103,272130,13.13,10,Sunday,24.0,306,Neutral,Macro,True,True,Morning,1
Instagram,Carousel,Fashion,8806,464,282,47412,142,438354,2.18,15,Sunday,0.0,604,Neutral,Macro,True,False,Afternoon,0
Instagram,Photo,Sports,2477,94,233,5430,267,437772,0.64,16,Sunday,24.0,1761,Positive,Macro,True,False,Afternoon,0
Instagram,Story,Education,6714,75,91,26635,149,195994,3.51,19,Sunday,17.0,1413,Positive,Macro,True,False,Evening,1
Instagram,Story,Sports,3692,199,51,10122,305,387295,1.02,4,Monday,11.0,264,Positive,Macro,True,False,Night,0
Facebook,Post,Business,3685,161,908,10442,439,276863,1.72,22,Monday,8.0,1039,Neutral,Macro,True,True,Night,0
Instagram,Story,Technology,7171,8,92,7756,329,436810,1.66,6,Tuesday,13.0,1763,Negative,Macro,True,True,Morning,0
TikTok,Duet,Education,9432,625,4672,345081,2952,206685,7.13,13,Tuesday,20.0,129,Neutral,Macro,True,True,Afternoon,1
TikTok,Duet,Education,9351,766,3515,355558,237,498323,2.74,21,Tuesday,22.0,550,Positive,Macro,True,False,Night,1
Facebook,Live,Food,3235,198,982,61605,620,346587,1.27,6,Wednesday,5.0,28,Positive,Macro,True,True,Morning,0
Facebook,Video,Fashion,2576,176,667,60791,516,479786,0.71,6,Wednesday,23.0,448,Neutral,Macro,False,False,Morning,0
Facebook,Video,Fitness,3987,337,164,40576,537,322805,1.39,9,Wednesday,21.0,212,Positive,Macro,True,False,Morning,0
TikTok,Video,Sports,19462,1261,3912,267120,1111,262570,9.38,20,Wednesday,27.0,443,Neutral,Macro,True,False,Evening,1
Facebook,Post,Fitness,4837,37,518,37440,468,64584,8.35,0,Thursday,19.0,1206,Neutral,Mid-tier,True,True,Night,1
TikTok,Video,Fashion,14551,1728,1802,256979,2853,449333,4.02,1,Thursday,13.0,584,Neutral,Macro,True,False,Night,1
Twitter,Poll,Food,1386,26,1579,69004,385,479778,0.62,14,Thursday,10.0,1162,Neutral,Macro,True,False,Afternoon,0
Twitter,Retweet,Food,4858,34,392,49603,414,172738,3.06,15,Thursday,2.0,1619,Positive,Macro,True,False,Afternoon,1
Twitter,Retweet,Food,2493,45,1119,33210,343,80127,4.56,15,Thursday,2.0,723,Positive,Mid-tier,True,True,Afternoon,1
Instagram,Photo,Education,1991,306,31,37489,366,70723,3.29,22,Thursday,11.0,301,Negative,Mid-tier,True,False,Night,1
Instagram,Carousel,Health,2933,257,240,37853,891,150525,2.28,1,Friday,29.0,1414,Neutral,Macro,True,False,Night,0
Facebook,Story,Sports,6846,89,25,64875,660,336760,2.07,7,Friday,23.0,417,Negative,Macro,True,False,Morning,0
Facebook,Post,Fashion,5797,233,12,69851,335,38138,15.84,13,Friday,28.0,273,Positive,Micro,True,True,Afternoon,1
Instagram,Carousel,Travel,2099,237,252,26021,842,98831,2.62,21,Friday,29.0,1167,Positive,Mid-tier,True,False,Night,1
Twitter,Poll,Travel,204,289,1090,71514,466,299088,0.53,1,Saturday,11.0,975,Positive,Macro,True,False,Night,0
YouTube,Community Post,Fashion,12321,808,398,581159,3354,221193,6.12,3,Saturday,1.0,1125,Neutral,Macro,True,True,Night,1
Instagram,Reel,Food,1315,162,99,13438,804,148077,1.06,6,Saturday,0.0,267,Positive,Macro,False,False,Morning,0
Instagram,Reel,Lifestyle,897,207,289,47648,838,218790,0.64,8,Saturday,13.0,104,Positive,Macro,True,False,Morning,0
TikTok,Duet,Fashion,49123,416,2354,102772,541,286913,18.09,11,Saturday,21.0,107,Positive,Macro,True,False,Morning,1
Instagram,Photo,Business,2683,332,277,49860,276,481081,0.68,15,Saturday,7.0,1111,Positive,Macro,True,False,Afternoon,0
Facebook,Post,Education,7416,62,995,20914,626,334650,2.53,17,Saturday,8.0,1008,Positive,Macro,True,False,Evening,1
Facebook,Post,Fashion,1688,91,611,78486,307,231388,1.03,21,Saturday,28.0,1937,Positive,Macro,True,False,Night,0
Instagram,Photo,Health,7478,310,298,36177,249,256342,3.15,0,Sunday,18.0,824,Neutral,Macro,False,False,Night,1
YouTube,Video,Fashion,7713,121,1375,607065,2307,175898,5.24,3,Sunday,10.0,147,Neutral,Macro,True,True,Night,1
Twitter,Poll,Education,2083,297,872,36326,280,326232,1.0,7,Sunday,7.0,1046,Positive,Macro,True,False,Morning,0
Instagram,Story,Travel,3438,488,145,30530,27,23802,17.1,16,Sunday,1.0,522,Positive,Micro,False,False,Afternoon,1
Instagram,Carousel,Business,4340,255,49,13932,508,369777,1.26,17,Sunday,19.0,475,Positive,Macro,False,True,Evening,0
Twitter,Tweet,Technology,2339,125,1952,27991,496,418503,1.06,17,Sunday,28.0,835,Neutral,Macro,True,False,Evening,0
Instagram,Reel,Fashion,1040,77,247,43988,482,9710,14.05,19,Sunday,10.0,239,Neutral,Nano,True,False,Evening,1
Instagram,Photo,Gaming,3107,224,72,15804,863,228122,1.49,2,Monday,15.0,1116,Negative,Macro,True,False,Night,0
Facebook,Post,Business,6192,154,264,16835,596,384048,1.72,8,Monday,3.0,1675,Negative,Macro,True,False,Morning,0
Facebook,Story,Fitness,998,156,157,64578,149,256096,0.51,8,Monday,10.0,612,Positive,Macro,True,False,Morning,0
Facebook,Live,Technology,7534,28,984,32952,84,465010,1.84,11,Monday,12.0,419,Neutral,Macro,True,False,Morning,0
YouTube,Video,Entertainment,11449,946,407,350921,4507,21020,60.9,11,Monday,2.0,576,Positive,Micro,True,False,Morning,1
Instagram,Story,Business,3734,248,233,4151,201,458254,0.92,13,Monday,4.0,1947,Negative,Macro,True,False,Afternoon,0
YouTube,Short,Fashion,8310,520,1525,580823,4476,269762,3.84,14,Monday,29.0,99,Positive,Macro,False,True,Afternoon,1
Twitter,Tweet,Travel,1983,233,1802,53587,107,373560,1.08,14,Monday,28.0,660,Positive,Macro,True,True,Afternoon,0
Instagram,Reel,Lifestyle,1825,299,113,11851,749,373506,0.6,15,Monday,11.0,423,Positive,Macro,True,False,Afternoon,0
Facebook,Video,Fashion,4593,72,205,5203,259,409478,1.19,17,Monday,27.0,75,Negative,Macro,True,True,Evening,0
Facebook,Post,Business,1468,136,271,30828,787,4928,38.05,19,Monday,0.0,1829,Positive,Nano,True,False,Evening,1
TikTok,Stitch,Fitness,19437,1045,1378,96150,77,479924,4.55,23,Monday,17.0,452,Positive,Macro,True,False,Night,1
TikTok,Duet,Travel,43452,1793,4633,135078,1782,396412,12.58,2,Tuesday,17.0,405,Positive,Macro,True,True,Night,1
Instagram,Story,Entertainment,7647,117,31,6607,170,417524,1.87,15,Tuesday,16.0,1306,Positive,Macro,False,True,Afternoon,0
Twitter,Tweet,Entertainment,1039,273,1459,2049,74,124297,2.23,16,Tuesday,4.0,149,Positive,Macro,False,False,Afternoon,0
Facebook,Live,Gaming,818,10,40,56731,16,111536,0.78,18,Tuesday,3.0,132,Negative,Macro,True,True,Evening,0
TikTok,Stitch,Business,30896,347,1889,29401,962,232380,14.26,19,Tuesday,16.0,17,Neutral,Macro,True,False,Evening,1
Instagram,Story,Health,450,369,66,5945,590,183920,0.48,23,Tuesday,14.0,181,Positive,Macro,False,False,Night,0
TikTok,Stitch,Technology,38498,1499,1983,401523,1411,127080,33.03,0,Wednesday,13.0,547,Positive,Macro,True,True,Night,1
YouTube,Short,Travel,14502,754,1397,84857,223,497562,3.35,0,Wednesday,1.0,330,Negative,Macro,True,False,Night,1
Facebook,Story,Business,1726,246,891,59565,258,279923,1.02,3,Wednesday,25.0,1217,Neutral,Macro,True,True,Night,0
LinkedIn,Post,Travel,1680,148,428,11114,59,474463,0.48,5,Wednesday,27.0,1378,Neutral,Macro,True,False,Morning,0
Facebook,Story,Education,598,349,306,35513,354,174388,0.72,8,Wednesday,1.0,1772,Positive,Macro,True,False,Morning,0
Instagram,Reel,Health,1582,355,268,16515,902,34250,6.44,15,Wednesday,2.0,597,Neutral,Micro,True,False,Afternoon,1
TikTok,Stitch,Gaming,35600,1882,4740,334649,934,477861,8.84,21,Wednesday,11.0,112,Neutral,Macro,True,False,Night,1
Instagram,Reel,Lifestyle,4030,97,281,11097,405,3747,117.64,5,Thursday,25.0,239,Negative,Nano,True,False,Morning,1
Twitter,Thread,Food,411,275,849,91069,450,309059,0.5,9,Thursday,15.0,316,Negative,Macro,True,False,Morning,0
TikTok,Video,Fashion,27553,915,2443,411122,2750,459640,6.73,10,Thursday,21.0,505,Positive,Macro,True,False,Morning,1
LinkedIn,Poll,Lifestyle,833,116,425,16174,224,489649,0.28,14,Thursday,2.0,1367,Negative,Macro,True,False,Afternoon,0
TikTok,Stitch,Health,48335,1743,2281,457082,807,272825,19.19,16,Thursday,14.0,127,Positive,Macro,False,False,Afternoon,1
TikTok,Stitch,Fashion,28487,43,474,394563,261,232601,12.47,16,Thursday,5.0,218,Positive,Macro,True,False,Afternoon,1
TikTok,Video,Health,10320,1664,4569,468593,1953,315949,5.24,18,Thursday,25.0,570,Positive,Macro,True,False,Evening,1
Twitter,Thread,Gaming,516,86,465,78554,478,339434,0.31,22,Thursday,15.0,1222,Positive,Macro,True,False,Night,0
LinkedIn,Article,Entertainment,1007,127,294,6085,158,58735,2.43,22,Thursday,13.0,608,Positive,Mid-tier,True,False,Night,1
TikTok,Duet,Technology,23670,881,3481,493835,1168,6783,413.27,2,Friday,6.0,517,Positive,Nano,True,False,Night,1
Facebook,Live,Entertainment,7882,354,549,53233,503,281748,3.12,10,Friday,21.0,584,Positive,Macro,True,False,Morning,1
TikTok,Duet,Gaming,8071,559,995,292795,1294,245061,3.93,17,Friday,27.0,301,Neutral,Macro,True,False,Evening,1
Instagram,Reel,Education,1513,295,40,38139,52,98612,1.87,19,Friday,15.0,26,Positive,Mid-tier,True,False,Evening,0
Instagram,Reel,Lifestyle,3130,480,168,18244,916,200379,1.89,22,Friday,14.0,487,Negative,Macro,True,False,Night,0
Twitter,Tweet,Fashion,4031,47,1420,34910,425,73630,7.47,23,Friday,22.0,1696,Positive,Mid-tier,False,False,Night,1
Twitter,Tweet,Sports,4133,165,1827,31261,67,309780,1.98,23,Friday,23.0,1304,Positive,Macro,True,False,Night,0
Twitter,Thread,Technology,2023,73,1385,94232,350,20382,17.08,4,Saturday,19.0,514,Neutral,Micro,False,True,Night,1
Instagram,Reel,Lifestyle,1686,41,108,18727,194,132412,1.39,5,Saturday,20.0,416,Negative,Macro,True,False,Morning,0
Instagram,Carousel,Fitness,1836,392,85,10149,380,216896,1.07,5,Saturday,2.0,961,Negative,Macro,True,True,Morning,0
LinkedIn,Poll,Lifestyle,798,3,143,3829,289,172454,0.55,17,Saturday,10.0,1032,Neutral,Macro,True,False,Evening,0
Instagram,Story,Technology,9169,418,10,37392,665,480969,2.0,18,Saturday,5.0,1676,Positive,Macro,True,False,Evening,0
Facebook,Post,Business,7885,69,70,24239,602,2523,318.03,8,Sunday,24.0,1820,Positive,Nano,True,False,Morning,1
LinkedIn,Post,Gaming,1832,133,229,2563,216,262821,0.83,9,Sunday,28.0,1446,Positive,Macro,True,False,Morning,0
Facebook,Video,Fitness,6830,103,595,10523,464,461394,1.63,12,Sunday,7.0,148,Positive,Macro,True,False,Afternoon,0
YouTube,Short,Food,6733,722,1014,619882,1271,214531,3.95,14,Sunday,1.0,452,Positive,Macro,False,False,Afternoon,1
Twitter,Retweet,Health,4217,113,697,49743,20,20839,24.12,15,Sunday,7.0,386,Neutral,Micro,True,True,Afternoon,1
Facebook,Live,Food,3614,289,388,12310,98,319603,1.34,8,Monday,9.0,155,Neutral,Macro,True,False,Morning,0
Instagram,Reel,Technology,3130,417,207,20889,839,199237,1.88,10,Monday,4.0,575,Positive,Macro,True,True,Morning,0
YouTube,Live,Gaming,11156,90,1249,400782,3411,112993,11.06,10,Monday,12.0,72,Neutral,Macro,True,True,Morning,1
Instagram,Reel,Technology,9249,274,94,48568,387,132657,7.25,13,Monday,20.0,240,Negative,Macro,True,True,Afternoon,1
Facebook,Post,Entertainment,776,244,495,69048,715,4182,36.23,15,Monday,18.0,1236,Neutral,Nano,True,False,Afternoon,1
Instagram,Reel,Fitness,2673,384,20,49983,327,266771,1.15,19,Monday,1.0,566,Positive,Macro,True,False,Evening,0
Facebook,Post,Sports,2325,195,423,51300,313,178263,1.65,2,Tuesday,17.0,1057,Negative,Macro,True,True,Night,0
Instagram,Story,Fitness,6249,172,206,2294,200,292364,2.27,6,Tuesday,4.0,676,Negative,Macro,False,False,Morning,0
Instagram,Photo,Lifestyle,5030,269,214,2880,19,211409,2.61,7,Tuesday,3.0,1203,Positive,Macro,True,False,Morning,1
Instagram,Carousel,Lifestyle,5457,70,154,48094,444,67914,8.36,14,Tuesday,7.0,680,Positive,Mid-tier,True,False,Afternoon,1
Twitter,Poll,Fitness,145,62,124,51603,194,32271,1.03,18,Tuesday,24.0,373,Positive,Micro,True,False,Evening,0
LinkedIn,Article,Fashion,1270,14,350,790,13,58719,2.78,22,Tuesday,13.0,1462,Neutral,Mid-tier,True,False,Night,1
Twitter,Retweet,Food,4282,91,268,22711,216,411441,1.13,23,Tuesday,4.0,836,Positive,Macro,False,False,Night,0
TikTok,Video,Education,36970,740,2246,333848,465,426032,9.38,3,Wednesday,27.0,109,Positive,Macro,True,True,Night,1
TikTok,Video,Health,29643,660,53,491080,916,398128,7.62,4,Wednesday,27.0,403,Positive,Macro,True,False,Night,1
Twitter,Thread,Health,3334,165,328,98847,43,189659,2.02,8,Wednesday,12.0,1245,Positive,Macro,False,False,Morning,0
Facebook,Live,Fashion,6763,69,180,8445,262,312388,2.24,13,Wednesday,25.0,253,Positive,Macro,False,False,Afternoon,0
Instagram,Carousel,Health,1178,470,253,34287,938,360088,0.53,1,Thursday,19.0,839,Neutral,Macro,True,False,Night,0
LinkedIn,Post,Fashion,377,79,434,20982,262,475457,0.19,1,Thursday,14.0,177,Positive,Macro,True,False,Night,0
Instagram,Reel,Health,9225,227,21,31978,849,455201,2.08,2,Thursday,9.0,463,Positive,Macro,True,False,Night,0
TikTok,Video,Fashion,15705,567,1300,442599,1994,99489,17.66,8,Thursday,25.0,139,Positive,Mid-tier,True,False,Morning,1
Facebook,Story,Technology,3803,186,71,2864,390,220755,1.84,13,Thursday,2.0,1181,Positive,Macro,True,True,Afternoon,0
Instagram,Carousel,Fashion,2481,81,235,2237,494,4296,65.11,14,Thursday,20.0,1600,Positive,Nano,True,False,Afternoon,1
LinkedIn,Post,Food,688,14,493,23732,159,101847,1.17,15,Thursday,29.0,486,Neutral,Macro,True,False,Afternoon,0
YouTube,Short,Fashion,1818,380,1045,670103,4546,194760,1.67,16,Thursday,13.0,418,Neutral,Macro,True,False,Afternoon,0
Facebook,Post,Education,782,136,161,27848,442,453167,0.24,17,Thursday,28.0,956,Positive,Macro,True,False,Evening,0
YouTube,Video,Gaming,3016,337,1208,529016,4556,188811,2.42,17,Thursday,24.0,544,Positive,Macro,False,False,Evening,1
Facebook,Video,Business,3400,12,98,67773,378,205827,1.71,20,Thursday,3.0,529,Positive,Macro,True,False,Evening,0
Instagram,Reel,Entertainment,7128,158,12,17456,653,488571,1.49,1,Friday,1.0,481,Negative,Macro,True,True,Night,0
TikTok,Stitch,Health,9864,310,2721,411058,677,302622,4.26,2,Friday,23.0,172,Positive,Macro,True,False,Night,1
Twitter,Poll,Lifestyle,4619,226,1578,48800,447,116916,5.49,2,Friday,23.0,135,Positive,Macro,True,False,Night,1
Instagram,Carousel,Fashion,7153,450,126,40290,337,366133,2.11,2,Friday,17.0,770,Positive,Macro,False,False,Night,0
Instagram,Story,Gaming,9799,160,215,19669,806,169991,5.99,7,Friday,16.0,1985,Neutral,Macro,True,False,Morning,1
Facebook,Live,Fashion,6447,157,655,35960,742,208476,3.48,15,Friday,13.0,313,Neutral,Macro,False,False,Afternoon,1
TikTok,Stitch,Technology,19738,1402,2768,21396,2257,421285,5.68,23,Friday,25.0,403,Neutral,Macro,True,True,Night,1
LinkedIn,Poll,Food,170,103,335,5007,278,109393,0.56,0,Saturday,25.0,1847,Neutral,Macro,True,True,Night,0
TikTok,Video,Fashion,43142,975,56,227029,2926,304302,14.52,1,Saturday,0.0,117,Positive,Macro,True,False,Night,1
Twitter,Thread,Gaming,4909,210,1161,90468,437,60305,10.41,18,Saturday,24.0,502,Neutral,Mid-tier,False,True,Evening,1
LinkedIn,Post,Gaming,183,74,232,3306,165,470879,0.1,21,Saturday,22.0,1730,Positive,Macro,True,False,Night,0
Instagram,Photo,Sports,3585,250,82,42121,918,93906,4.17,21,Saturday,24.0,133,Positive,Mid-tier,True,True,Night,1
Facebook,Post,Travel,6107,373,309,49284,155,335558,2.02,0,Sunday,20.0,1925,Neutral,Macro,False,False,Night,0
Twitter,Thread,Education,4291,263,768,30602,204,212021,2.51,10,Sunday,9.0,457,Positive,Macro,True,False,Morning,1
Facebook,Video,Gaming,6386,281,760,51355,124,203357,3.65,18,Sunday,26.0,594,Positive,Macro,True,False,Evening,1
Twitter,Retweet,Entertainment,180,5,1430,2733,324,354262,0.46,18,Sunday,21.0,1886,Neutral,Macro,True,True,Evening,0
LinkedIn,Post,Food,283,12,311,6862,5,31393,1.93,18,Sunday,15.0,1878,Neutral,Micro,True,False,Evening,0
YouTube,Community Post,Fashion,5950,802,1230,763129,609,293866,2.72,21,Sunday,29.0,1371,Negative,Macro,True,True,Night,1
TikTok,Stitch,Food,253,591,807,75422,2231,405948,0.41,2,Monday,1.0,440,Negative,Macro,True,True,Night,0
Twitter,Poll,Lifestyle,2106,207,1927,70535,47,340226,1.25,2,Monday,17.0,1923,Positive,Macro,True,False,Night,0
Twitter,Thread,Education,1865,7,471,36712,203,272967,0.86,7,Monday,19.0,1959,Positive,Macro,True,False,Morning,0
TikTok,Video,Food,6118,1766,1818,403929,833,252259,3.85,19,Monday,9.0,28,Positive,Macro,True,False,Evening,1
Facebook,Story,Gaming,6884,160,849,50938,426,300791,2.62,21,Monday,2.0,1391,Neutral,Macro,True,False,Night,1
YouTube,Short,Fitness,10959,625,530,536872,2126,449912,2.69,8,Tuesday,16.0,64,Negative,Macro,True,False,Morning,1
LinkedIn,Poll,Lifestyle,400,136,329,18122,239,122611,0.71,11,Tuesday,24.0,695,Negative,Macro,True,False,Morning,0
Instagram,Story,Food,4633,110,194,25552,131,467655,1.06,5,Wednesday,20.0,514,Positive,Macro,True,False,Morning,0
TikTok,Video,Travel,555,1509,4325,206228,725,496262,1.29,6,Wednesday,1.0,391,Positive,Macro,True,True,Morning,0
Twitter,Poll,Travel,1038,231,669,28546,292,443722,0.44,10,Wednesday,14.0,314,Positive,Macro,True,False,Morning,0
Facebook,Live,Travel,4436,220,918,27311,350,461642,1.21,12,Wednesday,1.0,409,Neutral,Macro,True,True,Afternoon,0
Instagram,Photo,Fitness,4141,448,216,29250,484,144106,3.33,14,Wednesday,2.0,474,Positive,Macro,True,True,Afternoon,1
Instagram,Photo,Education,5297,90,29,47725,260,250300,2.16,16,Wednesday,19.0,214,Neutral,Macro,False,False,Afternoon,0
Instagram,Reel,Fashion,4195,89,184,11434,13,56721,7.88,17,Wednesday,10.0,394,Positive,Mid-tier,True,False,Evening,1
YouTube,Short,Education,12569,653,169,386367,224,461273,2.9,18,Wednesday,27.0,433,Positive,Macro,True,False,Evening,1
Instagram,Reel,Fitness,6877,129,66,1292,793,217506,3.25,0,Thursday,5.0,372,Neutral,Macro,True,False,Night,1
Twitter,Tweet,Fitness,4386,96,146,49821,210,443944,1.04,3,Thursday,5.0,408,Positive,Macro,True,False,Night,0
Twitter,Poll,Fitness,1414,52,219,21856,416,340932,0.49,7,Thursday,0.0,1428,Positive,Macro,True,False,Morning,0
Instagram,Story,Fitness,7588,275,166,24134,816,92879,8.64,11,Thursday,2.0,607,Neutral,Mid-tier,True,True,Morning,1
Instagram,Reel,Sports,5657,22,57,19850,44,65758,8.72,12,Thursday,6.0,503,Neutral,Mid-tier,False,True,Afternoon,1
LinkedIn,Document,Education,1102,102,377,29889,149,104804,1.51,19,Thursday,1.0,708,Neutral,Macro,True,False,Evening,0
LinkedIn,Article,Health,112,132,441,15568,114,61132,1.12,19,Thursday,13.0,1887,Negative,Mid-tier,True,True,Evening,0
Twitter,Tweet,Food,3351,5,1916,45954,474,148516,3.55,6,Friday,21.0,375,Positive,Macro,True,False,Morning,1
LinkedIn,Post,Gaming,1028,66,406,13670,67,402183,0.37,8,Friday,10.0,1294,Negative,Macro,True,False,Morning,0
Facebook,Story,Entertainment,491,268,206,33440,229,354582,0.27,8,Friday,26.0,675,Neutral,Macro,True,False,Morning,0
TikTok,Duet,Business,16808,995,4802,459412,1789,421644,5.36,12,Friday,22.0,172,Neutral,Macro,True,False,Afternoon,1
Twitter,Retweet,Gaming,4830,92,385,22323,154,190737,2.78,20,Friday,29.0,1163,Negative,Macro,True,False,Evening,1
Twitter,Thread,Fitness,85,11,206,20332,218,490512,0.06,20,Friday,9.0,172,Neutral,Macro,True,False,Evening,0
YouTube,Community Post,Fashion,19528,322,534,399216,3367,19847,102.71,20,Friday,23.0,1854,Positive,Micro,False,False,Evening,1
Twitter,Tweet,Travel,985,278,1184,89598,204,489332,0.5,22,Friday,24.0,516,Positive,Macro,False,False,Night,0
Twitter,Thread,Education,175,103,1041,40419,469,439863,0.3,1,Saturday,1.0,629,Negative,Macro,True,False,Night,0
Twitter,Poll,Fitness,2019,126,145,4386,325,145744,1.57,2,Saturday,26.0,1181,Positive,Macro,False,False,Night,0
LinkedIn,Document,Lifestyle,818,66,436,21553,162,475801,0.28,6,Saturday,18.0,1928,Neutral,Macro,True,False,Morning,0
Facebook,Video,Health,5900,5,98,26458,747,352542,1.7,8,Saturday,27.0,571,Positive,Macro,True,True,Morning,0
YouTube,Community Post,Health,15275,349,40,883318,3970,151601,10.33,14,Saturday,4.0,1281,Positive,Macro,False,True,Afternoon,1
Facebook,Video,Education,2803,286,490,9424,192,109765,3.26,19,Saturday,27.0,446,Negative,Macro,True,True,Evening,1
Instagram,Carousel,Lifestyle,4407,334,245,30646,912,194918,2.56,20,Saturday,4.0,672,Neutral,Macro,True,False,Evening,1
Facebook,Post,Business,5404,355,381,63916,365,12113,50.69,22,Saturday,0.0,276,Positive,Micro,True,False,Night,1
Twitter,Poll,Business,360,183,1705,81855,268,146412,1.54,1,Sunday,13.0,1262,Neutral,Macro,False,False,Night,0
Instagram,Carousel,Fashion,5361,129,297,21408,401,113245,5.11,9,Sunday,21.0,1355,Neutral,Macro,True,False,Morning,1
YouTube,Community Post,Education,2803,202,1382,146306,1464,263047,1.67,10,Sunday,25.0,1465,Positive,Macro,True,False,Morning,0
Facebook,Video,Sports,3206,371,505,74987,254,401795,1.02,12,Sunday,4.0,217,Neutral,Macro,True,False,Afternoon,0
Twitter,Tweet,Travel,1703,193,1365,33481,246,418708,0.78,14,Sunday,2.0,743,Positive,Macro,True,True,Afternoon,0
TikTok,Video,Entertainment,11138,1367,4080,427452,1441,405347,4.09,15,Sunday,23.0,235,Neutral,Macro,True,True,Afternoon,1
Instagram,Photo,Fitness,7533,344,79,2249,537,6980,113.98,15,Sunday,29.0,1586,Positive,Nano,True,False,Afternoon,1
YouTube,Video,Food,7538,43,1030,43448,1981,414582,2.08,17,Sunday,16.0,447,Neutral,Macro,True,False,Evening,0
Facebook,Live,Fashion,6906,189,47,66083,524,182437,3.91,20,Sunday,5.0,162,Positive,Macro,False,False,Evening,1
Instagram,Reel,Fashion,4152,350,14,27715,295,400246,1.13,21,Sunday,0.0,488,Negative,Macro,True,True,Night,0
LinkedIn,Article,Travel,740,117,267,26752,240,385448,0.29,23,Sunday,28.0,833,Neutral,Macro,True,True,Night,0
LinkedIn,Document,Education,840,82,143,11761,45,18379,5.79,6,Monday,22.0,1028,Positive,Micro,True,False,Morning,1
Facebook,Video,Technology,3718,7,652,2827,11,42845,10.22,6,Monday,12.0,111,Positive,Micro,True,True,Morning,1
LinkedIn,Poll,Lifestyle,1002,47,350,28889,36,377316,0.37,13,Monday,26.0,477,Positive,Macro,True,False,Afternoon,0
Instagram,Carousel,Education,6461,399,114,31385,677,196277,3.55,15,Monday,23.0,832,Negative,Macro,False,False,Afternoon,1
Twitter,Retweet,Food,674,246,1959,44952,47,123155,2.34,16,Monday,19.0,758,Positive,Macro,True,False,Afternoon,1
TikTok,Duet,Fashion,29515,1848,2471,88872,654,63468,53.31,20,Monday,6.0,84,Positive,Mid-tier,True,False,Evening,1
LinkedIn,Document,Lifestyle,1706,102,396,29371,5,110760,1.99,21,Monday,8.0,1367,Neutral,Macro,True,False,Night,0
Twitter,Tweet,Fashion,649,241,779,25935,10,316762,0.53,3,Tuesday,27.0,1021,Neutral,Macro,True,False,Night,0
TikTok,Video,Technology,22937,991,3243,406634,1316,95745,28.38,8,Tuesday,5.0,431,Positive,Mid-tier,True,True,Morning,1
LinkedIn,Poll,Travel,1535,147,442,1515,292,245472,0.87,10,Tuesday,25.0,908,Negative,Macro,True,False,Morning,0
TikTok,Stitch,Food,39818,50,4675,95577,1150,107389,41.48,14,Tuesday,17.0,92,Positive,Macro,True,True,Afternoon,1
Twitter,Thread,Health,1426,75,1297,54262,333,272360,1.03,22,Tuesday,19.0,131,Positive,Macro,True,False,Night,0
TikTok,Duet,Gaming,34492,1642,2977,196703,1575,391827,9.98,2,Wednesday,18.0,211,Negative,Macro,False,False,Night,1
Instagram,Story,Health,9376,494,130,9456,687,392185,2.55,2,Wednesday,16.0,122,Positive,Macro,True,False,Night,1
Facebook,Video,Food,119,262,878,34819,86,28234,4.46,5,Wednesday,5.0,173,Neutral,Micro,True,False,Morning,1
Instagram,Carousel,Sports,1351,242,204,9450,756,115059,1.56,8,Wednesday,15.0,435,Positive,Macro,True,False,Morning,0
Facebook,Post,Lifestyle,1417,337,15,52074,307,3693,47.9,10,Wednesday,28.0,1425,Positive,Nano,True,True,Morning,1
Instagram,Photo,Technology,8644,335,28,27520,962,261869,3.44,13,Wednesday,0.0,680,Neutral,Macro,False,False,Afternoon,1
Facebook,Video,Sports,4400,199,380,53384,551,79586,6.26,13,Wednesday,21.0,356,Neutral,Mid-tier,True,False,Afternoon,1
TikTok,Video,Business,45795,1936,2701,368254,2305,142529,35.38,16,Wednesday,21.0,298,Positive,Macro,False,False,Afternoon,1
Twitter,Thread,Entertainment,3226,11,585,11068,391,421673,0.91,17,Wednesday,22.0,1952,Neutral,Macro,True,False,Evening,0
Instagram,Story,Food,3147,256,4,36341,613,166533,2.05,17,Wednesday,2.0,108,Positive,Macro,True,False,Evening,0
TikTok,Stitch,Technology,44071,1218,3145,332716,1878,163888,29.55,18,Wednesday,5.0,443,Positive,Macro,True,False,Evening,1
Instagram,Photo,Fashion,2171,59,237,8239,33,48112,5.13,19,Wednesday,14.0,504,Neutral,Micro,True,False,Evening,1
Facebook,Live,Fashion,7744,116,575,55109,552,420123,2.01,23,Wednesday,21.0,562,Positive,Macro,True,False,Night,0
Instagram,Photo,Entertainment,7741,256,217,29297,619,382906,2.15,3,Thursday,7.0,1285,Neutral,Macro,True,True,Night,0
YouTube,Community Post,Entertainment,7060,575,1189,548449,651,351974,2.51,14,Thursday,20.0,728,Positive,Macro,True,False,Afternoon,1
TikTok,Duet,Business,47180,921,3480,285364,1447,86109,59.9,16,Thursday,16.0,293,Positive,Mid-tier,True,False,Afternoon,1
TikTok,Stitch,Education,20240,1633,501,184809,649,175795,12.73,19,Thursday,9.0,527,Negative,Macro,False,False,Evening,1
Instagram,Reel,Gaming,2379,143,88,49141,988,481723,0.54,12,Friday,13.0,73,Positive,Macro,True,False,Afternoon,0
Facebook,Live,Fashion,4408,289,944,60223,507,289720,1.95,12,Friday,7.0,31,Positive,Macro,True,True,Afternoon,0
Facebook,Live,Fitness,3556,198,430,34618,134,28134,14.87,15,Friday,24.0,565,Positive,Micro,True,False,Afternoon,1
LinkedIn,Poll,Technology,1062,138,28,16326,17,352750,0.35,16,Friday,11.0,348,Neutral,Macro,True,True,Afternoon,0
LinkedIn,Article,Business,1846,36,88,18025,186,41475,4.75,19,Friday,8.0,1715,Positive,Micro,False,False,Evening,1
Instagram,Reel,Fashion,3237,146,198,34057,549,113545,3.15,1,Saturday,2.0,226,Positive,Macro,True,False,Night,1
Instagram,Story,Education,371,71,136,12842,985,43751,1.32,8,Saturday,0.0,569,Positive,Micro,True,False,Morning,0
TikTok,Stitch,Travel,25230,102,4997,298441,2728,143504,21.13,14,Saturday,18.0,87,Neutral,Macro,True,False,Afternoon,1
Instagram,Story,Sports,5218,403,62,5790,152,77714,7.31,14,Saturday,3.0,1305,Neutral,Mid-tier,True,True,Afternoon,1
TikTok,Stitch,Sports,5660,575,2287,434613,821,86798,9.82,16,Saturday,6.0,42,Neutral,Mid-tier,True,False,Afternoon,1
Facebook,Live,Education,5867,49,733,7846,470,431619,1.54,23,Saturday,15.0,584,Neutral,Macro,True,True,Night,0
Facebook,Live,Lifestyle,2344,282,92,31974,633,468043,0.58,5,Sunday,13.0,135,Positive,Macro,True,True,Morning,0
Facebook,Live,Health,237,262,934,37926,790,50611,2.83,6,Sunday,25.0,438,Positive,Mid-tier,True,False,Morning,1
Twitter,Thread,Lifestyle,4954,47,672,16847,436,242126,2.34,8,Sunday,20.0,1054,Positive,Macro,True,False,Morning,1
Twitter,Tweet,Fitness,1240,110,1888,61635,268,16300,19.87,20,Sunday,6.0,143,Negative,Micro,True,False,Evening,1
YouTube,Short,Health,12274,33,1022,805350,2867,366156,3.64,0,Monday,1.0,546,Positive,Macro,True,True,Night,1
TikTok,Stitch,Health,13311,699,860,59235,1511,424418,3.5,3,Monday,0.0,246,Positive,Macro,True,True,Night,1
Facebook,Story,Sports,561,341,25,25408,140,270739,0.34,8,Monday,8.0,1010,Neutral,Macro,False,True,Morning,0
Twitter,Thread,Entertainment,3385,238,1935,22663,324,333858,1.66,11,Monday,26.0,988,Positive,Macro,True,False,Morning,0
LinkedIn,Post,Fitness,917,30,480,17738,197,437850,0.33,11,Monday,18.0,1615,Positive,Macro,True,True,Morning,0
Instagram,Reel,Lifestyle,4311,493,235,22378,442,373979,1.35,14,Monday,2.0,221,Neutral,Macro,True,True,Afternoon,0
Facebook,Post,Sports,4808,185,6,40929,173,400800,1.25,0,Tuesday,4.0,1514,Neutral,Macro,True,False,Night,0
Twitter,Thread,Business,1007,292,539,89365,258,399416,0.46,2,Tuesday,15.0,1793,Neutral,Macro,True,False,Night,0
TikTok,Video,Health,2755,418,1334,183742,1226,240279,1.88,3,Tuesday,29.0,115,Negative,Macro,False,True,Night,0
Instagram,Carousel,Food,8726,173,292,25321,275,480526,1.91,6,Tuesday,21.0,1711,Neutral,Macro,True,False,Morning,0
Instagram,Photo,Education,3044,405,199,1275,856,303630,1.2,11,Tuesday,20.0,655,Neutral,Macro,True,False,Morning,0
YouTube,Community Post,Food,10297,91,1007,249093,1442,145672,7.82,12,Tuesday,2.0,541,Positive,Macro,True,True,Afternoon,1
Instagram,Story,Sports,6582,420,273,26082,722,50366,14.44,5,Wednesday,4.0,908,Neutral,Mid-tier,True,False,Morning,1
Twitter,Poll,Gaming,1603,277,1994,42842,167,117766,3.29,6,Wednesday,26.0,521,Neutral,Macro,True,True,Morning,1
YouTube,Short,Fashion,10371,810,831,522291,3618,263912,4.55,8,Wednesday,6.0,211,Positive,Macro,True,False,Morning,1
Instagram,Story,Travel,7350,104,173,36114,128,287449,2.65,10,Wednesday,16.0,1701,Positive,Macro,True,False,Morning,1
LinkedIn,Poll,Technology,815,107,22,1943,14,442808,0.21,17,Wednesday,4.0,1329,Positive,Macro,True,False,Evening,0
Instagram,Photo,Gaming,1453,459,82,29876,558,369387,0.54,21,Wednesday,26.0,114,Negative,Macro,True,True,Night,0
Twitter,Thread,Fashion,1701,254,676,8004,53,428072,0.61,2,Thursday,8.0,646,Positive,Macro,True,False,Night,0
Twitter,Poll,Fashion,1921,68,1219,90526,47,304264,1.05,4,Thursday,14.0,936,Neutral,Macro,True,False,Night,0
TikTok,Stitch,Health,34356,59,4218,132343,985,342408,11.28,5,Thursday,29.0,237,Positive,Macro,True,True,Morning,1
Twitter,Retweet,Education,1617,44,1951,93911,100,355481,1.02,13,Thursday,8.0,317,Negative,Macro,True,True,Afternoon,0
Twitter,Poll,Business,1620,271,1615,45449,444,157620,2.22,13,Thursday,25.0,1963,Negative,Macro,True,True,Afternoon,0
Facebook,Live,Sports,2936,61,825,66643,344,472811,0.81,15,Thursday,22.0,309,Negative,Macro,False,False,Afternoon,0
Twitter,Thread,Travel,1093,229,1979,57776,14,143400,2.3,0,Friday,22.0,1719,Positive,Macro,True,False,Night,1
Facebook,Post,Health,5101,83,48,56250,543,172333,3.04,2,Friday,14.0,300,Positive,Macro,False,False,Night,1
Facebook,Post,Technology,3029,26,361,69100,369,135479,2.52,13,Friday,11.0,1935,Negative,Macro,True,True,Afternoon,1
Instagram,Reel,Entertainment,3841,478,138,17717,372,340929,1.31,15,Friday,0.0,463,Positive,Macro,True,False,Afternoon,0
Instagram,Photo,Lifestyle,171,39,70,48940,496,454678,0.06,17,Friday,23.0,1622,Neutral,Macro,False,False,Evening,0
Facebook,Video,Education,930,371,878,36101,443,417428,0.52,18,Friday,17.0,239,Positive,Macro,True,False,Evening,0
Facebook,Story,Entertainment,359,52,777,58087,629,78448,1.51,22,Friday,22.0,950,Negative,Mid-tier,True,False,Night,0
YouTube,Community Post,Fitness,12320,523,1125,832600,4374,256381,5.45,23,Friday,0.0,1337,Positive,Macro,True,True,Night,1
Facebook,Live,Sports,1548,305,875,6338,213,186496,1.46,0,Saturday,16.0,236,Neutral,Macro,True,False,Night,0
Instagram,Reel,Health,7368,290,266,14031,225,435732,1.82,4,Saturday,28.0,393,Positive,Macro,True,False,Night,0
Instagram,Carousel,Fitness,817,395,144,47931,767,299336,0.45,6,Saturday,25.0,1723,Positive,Macro,False,False,Morning,0
YouTube,Community Post,Fashion,8265,205,740,836590,3721,219211,4.2,9,Saturday,14.0,214,Positive,Macro,True,False,Morning,1
Instagram,Reel,Food,1182,31,247,23082,986,475755,0.31,9,Saturday,24.0,350,Negative,Macro,True,False,Morning,0
Instagram,Story,Food,4547,111,112,24328,223,300963,1.58,13,Saturday,7.0,1063,Negative,Macro,True,False,Afternoon,0
Twitter,Tweet,Education,1997,222,1933,88579,365,228907,1.81,19,Saturday,29.0,345,Positive,Macro,True,False,Evening,0
YouTube,Video,Health,16986,428,1556,403137,2580,291840,6.5,23,Saturday,23.0,313,Neutral,Macro,False,True,Night,1
Facebook,Live,Gaming,6205,314,156,47139,735,327745,2.04,23,Saturday,1.0,504,Neutral,Macro,True,True,Night,0
Facebook,Story,Fitness,898,363,237,63297,250,234220,0.64,0,Sunday,5.0,1771,Positive,Macro,True,False,Night,0
Instagram,Carousel,Entertainment,4342,325,47,23557,406,138058,3.41,1,Sunday,8.0,55,Positive,Macro,True,True,Night,1
TikTok,Duet,Education,35052,1367,4686,225389,2518,259397,15.85,3,Sunday,0.0,406,Positive,Macro,True,True,Night,1
Instagram,Reel,Sports,1289,378,15,3301,169,126894,1.33,6,Sunday,2.0,435,Positive,Macro,True,True,Morning,0
TikTok,Stitch,Sports,48015,847,622,366634,2415,412755,11.99,9,Sunday,20.0,248,Neutral,Macro,True,False,Morning,1
Facebook,Live,Technology,7284,25,214,2893,474,320247,2.35,6,Monday,23.0,597,Positive,Macro,True,True,Morning,1
TikTok,Duet,Lifestyle,39259,1247,2426,226432,687,292120,14.7,6,Monday,1.0,552,Negative,Macro,True,False,Morning,1
Twitter,Poll,Gaming,4520,216,1408,4841,351,468954,1.31,8,Monday,15.0,1646,Positive,Macro,True,True,Morning,0
TikTok,Stitch,Technology,19171,1246,1524,37947,2635,33052,66.38,8,Monday,21.0,98,Neutral,Micro,True,True,Morning,1
TikTok,Video,Gaming,15688,81,4567,458518,1828,489197,4.16,13,Monday,0.0,422,Neutral,Macro,True,False,Afternoon,1
Instagram,Story,Health,896,83,15,15376,665,87259,1.14,15,Monday,27.0,1538,Neutral,Mid-tier,True,False,Afternoon,0
Twitter,Retweet,Business,4881,2,152,18259,163,369254,1.36,21,Monday,1.0,490,Neutral,Macro,True,False,Night,0
Facebook,Post,Fitness,1368,158,220,2449,168,337878,0.52,0,Tuesday,2.0,1751,Positive,Macro,True,False,Night,0
Instagram,Reel,Entertainment,3321,36,213,43942,282,45049,7.92,6,Tuesday,5.0,227,Neutral,Micro,True,False,Morning,1
Facebook,Live,Travel,48,289,280,4878,666,92599,0.67,9,Tuesday,13.0,545,Positive,Mid-tier,True,False,Morning,0
Facebook,Live,Fitness,1041,54,307,7042,313,32264,4.35,14,Tuesday,25.0,388,Neutral,Micro,True,False,Afternoon,1
Instagram,Carousel,Sports,651,316,21,21568,229,257303,0.38,19,Tuesday,8.0,966,Positive,Macro,True,False,Evening,0
YouTube,Live,Entertainment,9703,769,280,286212,2039,414839,2.59,22,Tuesday,28.0,542,Positive,Macro,True,False,Night,1
Instagram,Photo,Travel,1199,373,231,42943,354,318767,0.57,9,Wednesday,4.0,1500,Negative,Macro,True,True,Morning,0
Facebook,Live,Health,3751,376,204,72884,428,200731,2.16,9,Wednesday,3.0,156,Neutral,Macro,False,False,Morning,0
Twitter,Poll,Lifestyle,4783,5,1527,43294,275,303391,2.08,10,Wednesday,3.0,105,Neutral,Macro,True,False,Morning,0
Instagram,Photo,Entertainment,7152,364,191,30011,112,90161,8.55,20,Wednesday,25.0,994,Negative,Mid-tier,True,True,Evening,1
Facebook,Story,Sports,6244,83,453,8334,627,120923,5.61,21,Wednesday,18.0,633,Neutral,Macro,False,False,Night,1
YouTube,Short,Entertainment,12099,179,1277,16628,2990,316131,4.29,1,Thursday,12.0,452,Positive,Macro,False,False,Night,1
Facebook,Post,Food,860,156,47,71306,724,427169,0.25,8,Thursday,17.0,850,Neutral,Macro,True,False,Morning,0
LinkedIn,Document,Business,1088,56,375,4159,136,188468,0.81,10,Thursday,15.0,274,Positive,Macro,True,False,Morning,0
TikTok,Video,Fitness,41082,1735,4138,122993,1771,58975,79.62,10,Thursday,6.0,434,Positive,Mid-tier,True,False,Morning,1
Instagram,Photo,Gaming,6165,322,99,42540,872,188042,3.5,15,Thursday,27.0,802,Positive,Macro,True,False,Afternoon,1
TikTok,Stitch,Gaming,29705,1980,4514,162795,432,272034,13.31,16,Thursday,5.0,351,Positive,Macro,True,False,Afternoon,1
Twitter,Thread,Sports,2142,46,1609,9689,420,381137,1.0,16,Thursday,25.0,781,Positive,Macro,True,True,Afternoon,0
LinkedIn,Document,Food,419,65,81,6307,117,417820,0.14,22,Thursday,18.0,264,Neutral,Macro,True,True,Night,0
Twitter,Tweet,Fashion,2543,81,20,49487,491,479966,0.55,22,Thursday,23.0,1721,Neutral,Macro,True,False,Night,0
TikTok,Stitch,Technology,49339,1012,2225,233121,204,432034,12.17,22,Thursday,29.0,388,Neutral,Macro,True,True,Night,1
TikTok,Duet,Education,11471,1220,3054,128108,1904,487696,3.23,10,Friday,17.0,564,Negative,Macro,True,False,Morning,1
LinkedIn,Document,Food,83,7,485,12803,18,86690,0.66,14,Friday,2.0,1567,Neutral,Mid-tier,True,False,Afternoon,0
Twitter,Poll,Technology,1988,245,225,96614,240,156163,1.57,23,Friday,20.0,235,Positive,Macro,True,False,Night,0
YouTube,Community Post,Gaming,6637,438,1261,505316,3890,57732,14.44,23,Friday,23.0,60,Positive,Mid-tier,True,False,Night,1
Instagram,Carousel,Food,1192,97,10,46093,442,454894,0.29,3,Saturday,21.0,654,Neutral,Macro,True,True,Night,0
Instagram,Carousel,Fashion,9197,97,118,5067,525,391095,2.41,2,Sunday,5.0,1077,Neutral,Macro,True,False,Night,1
LinkedIn,Document,Fitness,941,91,391,12694,42,44733,3.18,5,Sunday,1.0,1981,Neutral,Micro,True,True,Morning,1
YouTube,Community Post,Entertainment,8472,715,1520,283028,902,337042,3.18,7,Sunday,26.0,1537,Negative,Macro,True,False,Morning,1
Twitter,Retweet,Food,4914,60,187,77434,451,184546,2.8,9,Sunday,14.0,1536,Positive,Macro,True,True,Morning,1
TikTok,Stitch,Health,9583,1171,1049,99449,211,484277,2.44,12,Sunday,9.0,431,Positive,Macro,True,False,Afternoon,1
Twitter,Thread,Entertainment,4817,230,70,73651,382,418903,1.22,14,Sunday,0.0,325,Positive,Macro,False,True,Afternoon,0
TikTok,Video,Education,42781,1865,4071,412036,2341,156527,31.12,15,Sunday,8.0,333,Neutral,Macro,True,False,Afternoon,1
Facebook,Video,Fashion,7792,29,733,28933,379,178037,4.8,2,Monday,25.0,531,Neutral,Macro,True,False,Night,1
LinkedIn,Post,Fashion,1728,107,243,21545,172,23536,8.83,4,Monday,23.0,1327,Negative,Micro,True,False,Night,1
Instagram,Photo,Technology,9157,201,287,15947,756,72299,13.34,4,Monday,3.0,1250,Negative,Mid-tier,True,False,Night,1
Instagram,Carousel,Health,1714,234,86,31616,886,398896,0.51,6,Monday,4.0,1358,Positive,Macro,True,False,Morning,0
Instagram,Carousel,Education,7709,88,260,23387,96,99378,8.11,10,Monday,15.0,575,Positive,Mid-tier,True,False,Morning,1
Instagram,Story,Technology,118,60,120,12690,576,154314,0.19,19,Monday,13.0,572,Neutral,Macro,True,True,Evening,0
TikTok,Duet,Business,7804,1485,78,199860,2650,224054,4.18,1,Tuesday,1.0,41,Neutral,Macro,True,False,Night,1
Instagram,Carousel,Fashion,3390,144,158,23624,605,173088,2.13,5,Tuesday,2.0,1882,Neutral,Macro,False,False,Morning,0
YouTube,Community Post,Food,5140,149,749,91932,431,373602,1.62,7,Tuesday,7.0,53,Neutral,Macro,True,True,Morning,0
Instagram,Photo,Fashion,5029,171,285,9804,553,282670,1.94,9,Tuesday,9.0,1379,Positive,Macro,False,False,Morning,0
Twitter,Thread,Gaming,2092,273,1533,9176,254,47656,8.18,14,Tuesday,20.0,718,Negative,Micro,True,False,Afternoon,1
Twitter,Thread,Health,4207,165,1684,47993,437,42741,14.17,15,Tuesday,18.0,405,Positive,Micro,True,False,Afternoon,1
YouTube,Short,Fitness,17208,768,1390,692310,4807,457519,4.23,19,Tuesday,8.0,526,Positive,Macro,False,True,Evening,1
LinkedIn,Poll,Entertainment,350,135,274,20259,195,389320,0.19,6,Wednesday,25.0,893,Negative,Macro,False,False,Morning,0
Instagram,Carousel,Gaming,9574,440,183,30783,625,453502,2.25,19,Wednesday,2.0,1741,Negative,Macro,True,False,Evening,0
TikTok,Stitch,Sports,32699,1704,3136,342850,862,474115,7.92,22,Wednesday,29.0,219,Positive,Macro,True,True,Night,1
Twitter,Tweet,Food,4237,138,596,90241,362,270419,1.84,1,Thursday,15.0,1489,Neutral,Macro,True,False,Night,0
Instagram,Photo,Travel,4956,223,178,47707,245,83442,6.42,4,Thursday,9.0,745,Positive,Mid-tier,True,False,Night,1
Facebook,Video,Entertainment,7299,340,323,63776,32,192233,4.14,7,Thursday,21.0,292,Negative,Macro,True,False,Morning,1
TikTok,Stitch,Entertainment,43771,1583,1429,310532,1882,232672,20.11,9,Thursday,16.0,200,Positive,Macro,True,False,Morning,1
Twitter,Tweet,Health,911,225,505,61126,85,334504,0.49,14,Thursday,5.0,244,Negative,Macro,True,False,Afternoon,0
Instagram,Photo,Gaming,7460,112,52,23909,359,59922,12.72,17,Thursday,0.0,1670,Negative,Mid-tier,True,False,Evening,1
Instagram,Carousel,Travel,3055,221,48,11603,883,225395,1.47,20,Thursday,7.0,1568,Positive,Macro,True,False,Evening,0
TikTok,Video,Fashion,12537,716,3062,186839,1563,355238,4.59,4,Friday,7.0,72,Positive,Macro,False,False,Night,1
LinkedIn,Post,Entertainment,27,107,18,12912,86,330299,0.05,4,Friday,7.0,499,Positive,Macro,True,True,Night,0
TikTok,Video,Travel,29524,609,3042,253290,2933,294230,11.28,4,Friday,24.0,365,Positive,Macro,True,False,Night,1
TikTok,Stitch,Travel,8781,14,95,75908,2104,10591,83.94,5,Friday,14.0,307,Neutral,Micro,False,False,Morning,1
Twitter,Retweet,Business,4389,126,1411,11556,335,165547,3.58,6,Friday,6.0,1292,Positive,Macro,True,True,Morning,1
Facebook,Live,Fitness,7612,311,892,45488,312,247052,3.57,10,Friday,8.0,120,Neutral,Macro,False,False,Morning,1
TikTok,Stitch,Entertainment,24977,521,604,208125,1167,407253,6.41,14,Friday,23.0,222,Neutral,Macro,True,False,Afternoon,1
YouTube,Short,Technology,14917,178,804,346625,1203,264191,6.02,6,Saturday,20.0,573,Positive,Macro,False,True,Morning,1
Instagram,Story,Travel,7870,135,5,1999,272,282324,2.84,11,Saturday,13.0,1725,Positive,Macro,True,True,Morning,1
TikTok,Duet,Technology,45780,1869,1990,230880,2770,460130,10.79,13,Saturday,24.0,581,Positive,Macro,True,False,Afternoon,1
Instagram,Carousel,Fashion,2757,210,115,16377,799,366406,0.84,4,Sunday,12.0,1773,Neutral,Macro,False,True,Night,0
Twitter,Thread,Entertainment,3062,159,1898,45480,110,445544,1.15,7,Sunday,6.0,1895,Positive,Macro,True,False,Morning,0
Instagram,Photo,Lifestyle,3316,366,123,24013,999,431541,0.88,16,Sunday,22.0,470,Positive,Macro,True,False,Afternoon,0
LinkedIn,Article,Lifestyle,1126,43,388,27866,259,357383,0.44,20,Sunday,13.0,1290,Positive,Macro,True,False,Evening,0
Twitter,Tweet,Travel,2253,86,1855,60031,160,282124,1.49,7,Monday,25.0,179,Positive,Macro,True,False,Morning,0
TikTok,Duet,Sports,44006,1151,4014,31568,2888,285899,17.2,9,Monday,22.0,38,Positive,Macro,True,False,Morning,1
YouTube,Short,Technology,1772,985,1661,786057,1798,104333,4.23,11,Monday,8.0,318,Neutral,Macro,True,True,Morning,1
Facebook,Story,Technology,1862,182,547,11672,58,463552,0.56,12,Monday,12.0,1036,Neutral,Macro,True,True,Afternoon,0
Instagram,Photo,Fashion,6413,86,50,20508,29,337013,1.94,17,Monday,29.0,1167,Positive,Macro,True,True,Evening,0
Facebook,Live,Food,6771,347,512,19088,420,448258,1.7,1,Tuesday,4.0,453,Positive,Macro,True,False,Night,0
Facebook,Post,Technology,1105,223,308,79935,671,418331,0.39,4,Tuesday,17.0,315,Positive,Macro,True,False,Night,0
Instagram,Story,Lifestyle,2808,196,190,20991,248,80727,3.96,16,Tuesday,24.0,1208,Positive,Mid-tier,True,True,Afternoon,1
TikTok,Stitch,Education,6724,464,215,85667,648,201297,3.68,16,Tuesday,12.0,283,Neutral,Macro,True,False,Afternoon,1
LinkedIn,Poll,Business,1580,99,238,10630,126,100162,1.91,20,Tuesday,15.0,834,Positive,Macro,True,True,Evening,0
Twitter,Retweet,Sports,3438,59,159,96798,491,443543,0.82,1,Wednesday,24.0,1571,Neutral,Macro,True,False,Night,0
Twitter,Thread,Food,2422,22,300,50449,332,38485,7.13,7,Wednesday,9.0,1619,Positive,Micro,True,True,Morning,1
YouTube,Community Post,Entertainment,18945,79,251,923640,1732,468157,4.12,12,Wednesday,5.0,412,Positive,Macro,True,False,Afternoon,1
Instagram,Photo,Gaming,875,245,246,24499,374,462638,0.3,14,Wednesday,22.0,727,Neutral,Macro,True,False,Afternoon,0
LinkedIn,Poll,Fashion,1695,95,63,4212,191,143665,1.29,17,Wednesday,12.0,1741,Neutral,Macro,True,False,Evening,0
Instagram,Carousel,Business,6203,472,125,26285,555,277614,2.45,19,Wednesday,0.0,1650,Positive,Macro,True,False,Evening,1
YouTube,Live,Education,8570,977,1849,346250,4553,183452,6.21,20,Wednesday,26.0,371,Neutral,Macro,True,False,Evening,1
Twitter,Tweet,Lifestyle,4921,162,1607,65099,81,151290,4.42,21,Wednesday,23.0,1381,Positive,Macro,True,True,Night,1
Instagram,Carousel,Entertainment,579,38,182,2486,356,414487,0.19,21,Wednesday,29.0,275,Negative,Macro,False,False,Night,0
YouTube,Short,Education,18334,280,1594,597575,1732,210197,9.61,22,Wednesday,27.0,338,Positive,Macro,False,False,Night,1
Facebook,Live,Lifestyle,7055,264,522,51223,748,119278,6.57,5,Thursday,11.0,275,Positive,Macro,True,False,Morning,1
YouTube,Community Post,Entertainment,15479,322,385,983104,1744,244049,6.63,10,Thursday,12.0,871,Positive,Macro,True,False,Morning,1
Twitter,Poll,Education,976,178,1089,31284,420,16577,13.53,15,Thursday,21.0,703,Neutral,Micro,True,False,Afternoon,1
Twitter,Retweet,Fitness,2846,195,1009,47746,250,31955,12.67,20,Thursday,3.0,526,Positive,Micro,True,False,Evening,1
TikTok,Stitch,Technology,39821,218,2272,399929,770,181456,23.32,22,Thursday,28.0,404,Positive,Macro,False,True,Night,1
Twitter,Tweet,Lifestyle,4562,255,1093,22875,62,230189,2.57,0,Friday,1.0,1416,Positive,Macro,True,False,Night,1
Instagram,Carousel,Business,444,156,22,5560,976,97466,0.64,4,Friday,29.0,52,Positive,Mid-tier,True,False,Night,0
Facebook,Story,Fashion,3856,168,928,41657,580,232488,2.13,5,Friday,14.0,1713,Neutral,Macro,True,False,Morning,0
TikTok,Video,Food,20332,1425,2418,235136,1602,322128,7.5,6,Friday,16.0,284,Positive,Macro,True,True,Morning,1
TikTok,Stitch,Travel,22985,1031,2681,151205,2119,181221,14.73,10,Friday,18.0,389,Positive,Macro,True,True,Morning,1
Instagram,Carousel,Fitness,4933,115,142,1244,544,310652,1.67,15,Friday,14.0,303,Neutral,Macro,False,False,Afternoon,0
Instagram,Story,Sports,7284,54,4,31445,587,145050,5.06,23,Friday,7.0,1844,Positive,Macro,False,True,Night,1
TikTok,Video,Fashion,22447,1304,3649,285603,1592,188817,14.51,23,Friday,15.0,392,Neutral,Macro,True,False,Night,1
Facebook,Video,Technology,3284,312,21,8247,347,271373,1.33,5,Saturday,9.0,295,Neutral,Macro,True,False,Morning,0
TikTok,Duet,Fitness,21597,1379,2371,11258,2761,470151,5.39,9,Saturday,25.0,121,Positive,Macro,True,False,Morning,1
Twitter,Poll,Education,2047,2,134,71639,31,25497,8.56,12,Saturday,23.0,820,Neutral,Micro,True,True,Afternoon,1
Facebook,Post,Gaming,139,140,55,18683,94,42420,0.79,13,Saturday,1.0,1147,Neutral,Micro,False,False,Afternoon,0
Twitter,Poll,Travel,3495,7,455,26483,101,77305,5.12,17,Saturday,0.0,699,Positive,Mid-tier,True,False,Evening,1
Twitter,Retweet,Lifestyle,614,142,850,20439,99,106534,1.51,21,Saturday,12.0,1534,Positive,Macro,True,False,Night,0
Twitter,Poll,Fashion,4166,154,1864,45659,398,111303,5.56,23,Saturday,7.0,1134,Negative,Macro,False,True,Night,1
Facebook,Post,Fashion,2180,163,204,44991,702,234013,1.09,4,Sunday,0.0,1456,Positive,Macro,True,False,Night,0
Instagram,Story,Business,9926,150,142,31093,860,162136,6.3,4,Sunday,15.0,688,Positive,Macro,True,False,Night,1
Twitter,Thread,Fashion,47,49,612,4236,462,371693,0.19,6,Sunday,3.0,1717,Negative,Macro,False,False,Morning,0
YouTube,Short,Entertainment,13081,203,1639,815161,1798,378250,3.95,6,Sunday,11.0,483,Positive,Macro,True,True,Morning,1
TikTok,Duet,Fitness,22549,1799,4303,144648,868,491026,5.83,13,Sunday,6.0,64,Neutral,Macro,True,False,Afternoon,1
Twitter,Poll,Gaming,4701,144,971,77579,402,269412,2.16,14,Sunday,4.0,414,Neutral,Macro,True,True,Afternoon,0
Instagram,Reel,Business,6500,60,100,6664,906,224621,2.96,19,Sunday,22.0,311,Neutral,Macro,True,True,Evening,1
Facebook,Post,Sports,4456,346,60,55278,112,269510,1.8,20,Sunday,9.0,1581,Negative,Macro,True,False,Evening,0
Twitter,Poll,Gaming,4701,19,144,88154,332,333940,1.46,21,Sunday,3.0,151,Negative,Macro,True,False,Night,0
TikTok,Video,Fitness,18789,1741,2015,56119,439,192372,11.72,23,Sunday,18.0,34,Positive,Macro,True,False,Night,1
LinkedIn,Article,Sports,1359,145,11,14036,145,492362,0.31,5,Monday,22.0,1097,Positive,Macro,True,True,Morning,0
Twitter,Poll,Education,4091,208,1651,27926,116,211555,2.81,11,Monday,21.0,259,Neutral,Macro,True,False,Morning,1
Twitter,Retweet,Food,1607,267,1370,21646,155,344830,0.94,16,Monday,12.0,233,Neutral,Macro,True,False,Afternoon,0
Facebook,Live,Entertainment,4213,99,660,41212,222,497490,1.0,20,Monday,15.0,268,Negative,Macro,True,False,Evening,0
TikTok,Video,Food,37306,602,4084,244552,941,187422,22.41,1,Tuesday,2.0,275,Neutral,Macro,True,False,Night,1
Twitter,Tweet,Technology,2219,148,1579,54948,29,48795,8.09,1,Tuesday,16.0,1264,Positive,Micro,True,False,Night,1
TikTok,Video,Fitness,29207,222,1449,261817,1011,376032,8.21,3,Tuesday,16.0,193,Positive,Macro,True,False,Night,1
Instagram,Story,Education,6409,33,103,29294,63,260049,2.52,20,Tuesday,3.0,1353,Positive,Macro,True,False,Evening,1
Facebook,Post,Education,7262,195,957,1885,539,329903,2.55,21,Tuesday,0.0,1104,Positive,Macro,True,False,Night,1
TikTok,Stitch,Business,46885,119,2680,250389,2810,43711,113.66,21,Tuesday,9.0,283,Negative,Micro,True,False,Night,1
Facebook,Live,Technology,6965,265,333,17546,385,426382,1.77,6,Wednesday,4.0,585,Positive,Macro,True,False,Morning,0
Facebook,Post,Business,2425,151,580,50331,706,35342,8.93,7,Wednesday,24.0,1395,Neutral,Micro,True,False,Morning,1
TikTok,Duet,Education,19751,411,83,204307,2983,374815,5.4,8,Wednesday,21.0,241,Neutral,Macro,True,False,Morning,1
Facebook,Video,Gaming,3531,366,983,46492,473,415379,1.17,16,Wednesday,18.0,442,Neutral,Macro,True,False,Afternoon,0
TikTok,Video,Education,37976,1793,1986,95214,1784,388713,10.74,16,Wednesday,4.0,461,Positive,Macro,True,False,Afternoon,1
TikTok,Stitch,Travel,37602,1620,1617,286053,2577,471307,8.67,19,Wednesday,28.0,236,Positive,Macro,True,False,Evening,1
Twitter,Poll,Fashion,3891,83,850,28385,197,416883,1.16,4,Thursday,17.0,1114,Negative,Macro,True,True,Night,0
Facebook,Video,Health,7832,280,347,41443,132,348011,2.43,4,Thursday,6.0,206,Positive,Macro,True,True,Night,1
Facebook,Live,Gaming,885,274,664,37189,118,388828,0.47,9,Thursday,1.0,495,Positive,Macro,True,True,Morning,0
TikTok,Duet,Technology,1131,1247,2092,394569,2865,465012,0.96,13,Thursday,15.0,104,Neutral,Macro,True,False,Afternoon,0
TikTok,Video,Food,49202,268,4161,70881,896,355371,15.09,15,Thursday,18.0,163,Negative,Macro,True,True,Afternoon,1
Facebook,Video,Fitness,4808,164,469,18006,571,294513,1.85,23,Thursday,8.0,215,Neutral,Macro,True,False,Night,0
Twitter,Thread,Sports,3683,256,129,34937,107,63371,6.42,14,Friday,23.0,127,Neutral,Mid-tier,True,True,Afternoon,1
Twitter,Poll,Education,2422,34,666,41640,143,164186,1.9,14,Friday,18.0,567,Negative,Macro,False,False,Afternoon,0
Twitter,Thread,Travel,335,160,702,51528,260,150210,0.8,18,Friday,4.0,1976,Positive,Macro,True,False,Evening,0
TikTok,Stitch,Health,3214,127,2956,91030,1395,286438,2.2,0,Saturday,0.0,543,Negative,Macro,True,False,Night,0
Facebook,Post,Gaming,7392,294,891,62500,214,96365,8.9,2,Saturday,11.0,484,Negative,Mid-tier,True,True,Night,1
Twitter,Thread,Gaming,1350,179,122,61461,231,144871,1.14,9,Saturday,26.0,147,Positive,Macro,True,True,Morning,0
TikTok,Duet,Business,41160,1500,3937,100011,918,183409,25.41,15,Saturday,8.0,554,Positive,Macro,True,True,Afternoon,1
Instagram,Photo,Education,6755,171,166,34098,198,151172,4.69,19,Saturday,26.0,1970,Positive,Macro,True,True,Evening,1
Instagram,Carousel,Entertainment,7891,371,71,1071,188,136459,6.11,22,Saturday,21.0,729,Positive,Macro,True,False,Night,1
Instagram,Reel,Technology,8810,219,157,48179,71,489714,1.88,23,Saturday,16.0,186,Neutral,Macro,True,False,Night,0
Twitter,Poll,Fitness,3778,30,183,85008,474,17728,22.51,4,Sunday,15.0,958,Neutral,Micro,True,True,Night,1
TikTok,Duet,Education,6715,628,153,108187,913,198066,3.78,14,Sunday,3.0,174,Positive,Macro,True,False,Afternoon,1
TikTok,Stitch,Fitness,12455,196,1256,55775,2525,277747,5.01,16,Sunday,28.0,513,Neutral,Macro,True,False,Afternoon,1
Facebook,Story,Food,6371,172,127,45756,553,351783,1.9,18,Sunday,25.0,556,Neutral,Macro,True,False,Evening,0
Instagram,Photo,Technology,2671,111,126,5374,465,9102,31.95,19,Sunday,15.0,1168,Neutral,Nano,True,True,Evening,1
YouTube,Live,Business,16499,946,237,374617,2204,456954,3.87,0,Monday,8.0,31,Positive,Macro,True,False,Night,1
TikTok,Video,Fashion,2087,1549,4849,88905,2415,204734,4.14,0,Monday,10.0,330,Positive,Macro,True,True,Night,1
Facebook,Story,Food,3097,11,28,22318,683,152952,2.05,4,Monday,8.0,248,Negative,Macro,True,False,Night,0
LinkedIn,Document,Gaming,1376,124,224,14301,178,346636,0.5,12,Monday,21.0,575,Negative,Macro,True,True,Afternoon,0
Facebook,Video,Lifestyle,153,269,794,32654,388,62237,1.95,13,Monday,15.0,250,Positive,Mid-tier,True,False,Afternoon,0
Instagram,Carousel,Sports,1236,438,41,37355,917,99618,1.72,14,Monday,3.0,1991,Positive,Mid-tier,True,True,Afternoon,0
TikTok,Video,Travel,41501,10,922,174559,1270,266169,15.94,15,Monday,19.0,565,Positive,Macro,True,False,Afternoon,1
YouTube,Live,Lifestyle,17650,877,1213,199498,3051,191031,10.33,15,Monday,16.0,131,Positive,Macro,True,False,Afternoon,1
Twitter,Thread,Entertainment,3829,261,1624,56131,352,316460,1.81,18,Monday,9.0,401,Positive,Macro,False,True,Evening,0
Twitter,Poll,Travel,1074,260,1132,36284,5,162522,1.52,23,Monday,19.0,258,Neutral,Macro,True,False,Night,0
Facebook,Video,Travel,3130,273,690,46240,67,12597,32.49,0,Tuesday,12.0,329,Neutral,Micro,True,False,Night,1
Instagram,Carousel,Technology,9300,499,111,5940,584,354992,2.79,2,Tuesday,17.0,1560,Neutral,Macro,True,False,Night,1
LinkedIn,Article,Fitness,1770,51,349,5416,40,388683,0.56,9,Tuesday,19.0,1977,Positive,Macro,True,False,Morning,0
LinkedIn,Post,Sports,1868,142,464,23956,197,225655,1.1,14,Tuesday,17.0,1835,Positive,Macro,True,False,Afternoon,0
LinkedIn,Post,Fitness,1073,17,189,25942,97,363484,0.35,15,Tuesday,3.0,270,Positive,Macro,True,False,Afternoon,0
Instagram,Story,Travel,9146,483,53,46559,583,139862,6.92,21,Tuesday,27.0,627,Positive,Macro,True,False,Night,1
Facebook,Story,Entertainment,5341,346,753,77391,744,167311,3.85,6,Wednesday,18.0,416,Positive,Macro,True,False,Morning,1
YouTube,Live,Gaming,4907,957,1446,815001,1489,47891,15.26,7,Wednesday,0.0,506,Positive,Micro,True,False,Morning,1
Instagram,Reel,Business,841,492,153,19947,233,180579,0.82,10,Wednesday,29.0,218,Positive,Macro,True,True,Morning,0
Facebook,Story,Food,4012,339,367,79972,662,484418,0.97,13,Wednesday,10.0,301,Negative,Macro,True,True,Afternoon,0
TikTok,Duet,Education,9908,950,3750,288869,2952,40594,35.99,19,Wednesday,20.0,440,Positive,Micro,True,False,Evening,1
Facebook,Video,Technology,3541,378,787,73842,431,430310,1.09,22,Wednesday,20.0,541,Neutral,Macro,True,False,Night,0
Twitter,Retweet,Lifestyle,2624,43,995,48543,331,447503,0.82,23,Wednesday,18.0,1637,Positive,Macro,True,False,Night,0
TikTok,Stitch,Technology,21360,1670,1727,137841,1368,185216,13.37,23,Wednesday,1.0,300,Neutral,Macro,True,True,Night,1
Twitter,Retweet,Business,3294,268,466,68948,226,452131,0.89,6,Thursday,2.0,1922,Neutral,Macro,False,False,Morning,0
Facebook,Video,Gaming,2113,217,31,74161,25,86758,2.72,9,Thursday,10.0,589,Negative,Mid-tier,True,True,Morning,1
Twitter,Poll,Travel,179,197,403,72474,266,31736,2.45,11,Thursday,28.0,1085,Negative,Micro,False,False,Morning,1
TikTok,Stitch,Travel,17334,1992,1127,447667,2393,233532,8.76,14,Thursday,10.0,93,Neutral,Macro,True,False,Afternoon,1
Facebook,Story,Entertainment,3992,21,110,44289,213,469681,0.88,19,Thursday,27.0,181,Positive,Macro,True,False,Evening,0
Instagram,Reel,Technology,6517,175,65,8423,592,220002,3.07,23,Thursday,8.0,500,Neutral,Macro,True,False,Night,1
Instagram,Story,Fashion,1361,240,34,39506,214,274821,0.59,14,Friday,0.0,1416,Positive,Macro,True,True,Afternoon,0
Instagram,Photo,Entertainment,7884,467,232,23328,556,24219,35.44,16,Friday,21.0,1421,Positive,Micro,True,False,Afternoon,1
Instagram,Story,Food,6850,493,73,48981,939,136391,5.44,22,Friday,13.0,1089,Negative,Macro,True,False,Night,1
Twitter,Tweet,Business,3821,257,1936,74490,496,12731,47.24,0,Saturday,29.0,344,Positive,Micro,True,False,Night,1
LinkedIn,Poll,Travel,780,99,248,23584,277,263980,0.43,1,Saturday,13.0,1013,Neutral,Macro,True,True,Night,0
Twitter,Retweet,Food,4110,212,1341,88643,341,454975,1.24,3,Saturday,2.0,1207,Neutral,Macro,True,False,Night,0
Instagram,Reel,Technology,3846,297,73,32014,184,178472,2.36,3,Saturday,2.0,519,Neutral,Macro,True,True,Night,1
Instagram,Reel,Entertainment,5895,155,293,30238,955,334279,1.9,4,Saturday,10.0,546,Positive,Macro,True,False,Night,0
Twitter,Retweet,Fitness,595,193,1184,88463,95,211290,0.93,16,Saturday,21.0,1274,Positive,Macro,True,False,Afternoon,0
Instagram,Reel,Fitness,5180,156,190,7603,685,25310,21.83,18,Saturday,4.0,238,Neutral,Micro,False,True,Evening,1
Facebook,Story,Fitness,1512,114,540,30786,175,152019,1.42,20,Saturday,24.0,566,Positive,Macro,True,True,Evening,0
Twitter,Retweet,Education,2627,139,1939,32334,51,408068,1.15,20,Saturday,6.0,1802,Neutral,Macro,True,False,Evening,0
YouTube,Live,Sports,7486,641,125,690837,1781,201960,4.09,21,Saturday,22.0,346,Positive,Macro,True,True,Night,1
YouTube,Community Post,Education,3570,781,1509,122729,3331,374480,1.56,23,Saturday,26.0,631,Neutral,Macro,False,False,Night,0
Instagram,Reel,Food,9093,445,209,43474,410,218870,4.45,23,Saturday,15.0,483,Negative,Macro,True,True,Night,1
Facebook,Story,Fashion,7191,324,522,18243,514,488396,1.65,3,Sunday,12.0,1114,Positive,Macro,True,True,Night,0
YouTube,Community Post,Fashion,15165,632,91,565267,3861,20532,77.38,9,Sunday,8.0,1967,Positive,Micro,True,False,Morning,1
Twitter,Tweet,Food,4400,71,383,92414,235,260984,1.86,9,Sunday,6.0,1592,Positive,Macro,True,False,Morning,0
Instagram,Reel,Technology,2181,381,118,22323,213,488836,0.55,10,Sunday,1.0,341,Neutral,Macro,True,False,Morning,0
Twitter,Retweet,Fitness,1239,62,1997,99663,311,358400,0.92,13,Sunday,26.0,1406,Positive,Macro,False,False,Afternoon,0
Twitter,Retweet,Travel,1270,119,416,61342,360,491802,0.37,21,Sunday,6.0,584,Neutral,Macro,True,True,Night,0
Facebook,Story,Travel,7411,341,355,77453,590,223457,3.63,22,Sunday,27.0,1939,Neutral,Macro,True,False,Night,1
LinkedIn,Post,Fashion,1412,16,33,16906,106,214025,0.68,1,Monday,11.0,1551,Neutral,Macro,True,False,Night,0
Facebook,Live,Business,1796,264,584,49128,20,294994,0.9,4,Monday,9.0,581,Positive,Macro,False,False,Night,0
Facebook,Video,Technology,4290,207,431,69060,495,120638,4.08,8,Monday,16.0,363,Neutral,Macro,True,False,Morning,1
Instagram,Photo,Entertainment,3735,341,84,7346,426,54095,7.69,8,Monday,22.0,1925,Neutral,Mid-tier,True,True,Morning,1
Facebook,Live,Food,3459,47,769,73956,570,201846,2.12,15,Monday,29.0,409,Positive,Macro,True,False,Afternoon,0
Facebook,Live,Gaming,140,70,699,62435,133,543,167.4,19,Monday,7.0,570,Negative,Nano,True,True,Evening,1
Facebook,Live,Gaming,1276,237,128,29429,690,342314,0.48,21,Monday,15.0,540,Positive,Macro,False,False,Night,0
TikTok,Stitch,Food,21782,1080,4909,378587,2971,144781,19.18,21,Monday,5.0,173,Positive,Macro,False,False,Night,1
Twitter,Poll,Fitness,1903,297,1207,7044,302,125873,2.71,22,Monday,27.0,1802,Positive,Macro,True,True,Night,1
TikTok,Stitch,Food,32632,135,2412,33688,2921,341420,10.3,22,Monday,13.0,284,Negative,Macro,True,False,Night,1
Twitter,Retweet,Business,4562,126,379,89296,255,430238,1.18,2,Tuesday,5.0,606,Neutral,Macro,True,True,Night,0
Facebook,Post,Entertainment,844,32,60,17315,238,232140,0.4,9,Tuesday,22.0,53,Neutral,Macro,True,True,Morning,0
Twitter,Retweet,Travel,4072,242,1477,2249,447,242530,2.39,13,Tuesday,24.0,872,Neutral,Macro,True,False,Afternoon,1
LinkedIn,Article,Travel,296,113,470,12237,65,332522,0.26,23,Tuesday,9.0,62,Neutral,Macro,True,False,Night,0
TikTok,Video,Lifestyle,34370,430,4378,22833,2263,71137,55.07,4,Wednesday,7.0,373,Neutral,Mid-tier,True,False,Night,1
Instagram,Story,Travel,1449,45,38,24688,943,19008,8.06,4,Wednesday,16.0,549,Neutral,Micro,True,False,Night,1
TikTok,Stitch,Food,23093,108,4945,194802,1766,392192,7.18,11,Wednesday,20.0,228,Positive,Macro,False,False,Morning,1
Twitter,Poll,Business,1504,199,1122,23222,439,276415,1.02,13,Wednesday,14.0,113,Positive,Macro,True,False,Afternoon,0
Twitter,Poll,Education,620,50,1676,1987,195,227409,1.03,23,Wednesday,28.0,548,Neutral,Macro,True,False,Night,0
Facebook,Story,Sports,5721,36,100,75516,96,150411,3.89,2,Thursday,12.0,1219,Negative,Macro,True,False,Night,1
TikTok,Duet,Fitness,49337,1615,4162,217678,1949,306830,17.96,6,Thursday,13.0,335,Neutral,Macro,True,False,Morning,1
Twitter,Thread,Travel,2394,155,999,17464,91,91086,3.9,7,Thursday,3.0,1259,Neutral,Mid-tier,True,True,Morning,1
Instagram,Reel,Entertainment,4996,124,3,49257,558,417425,1.23,9,Thursday,5.0,66,Neutral,Macro,True,False,Morning,0
LinkedIn,Document,Lifestyle,672,120,219,24297,280,410518,0.25,12,Thursday,2.0,1704,Neutral,Macro,True,True,Afternoon,0
Twitter,Tweet,Education,3202,278,1669,73796,455,64624,7.97,2,Friday,22.0,431,Positive,Mid-tier,True,False,Night,1
Twitter,Poll,Fitness,3210,265,1267,24902,385,60623,7.82,10,Friday,24.0,1695,Negative,Mid-tier,True,False,Morning,1
YouTube,Live,Entertainment,2988,243,1525,61120,3268,189184,2.51,12,Friday,21.0,390,Positive,Macro,True,False,Afternoon,1
Twitter,Retweet,Business,3926,217,1377,20307,187,348939,1.58,14,Friday,23.0,515,Negative,Macro,True,False,Afternoon,0
Twitter,Tweet,Sports,4131,79,1374,25647,274,242389,2.3,16,Friday,27.0,123,Positive,Macro,True,False,Afternoon,1
Instagram,Photo,Entertainment,2623,202,127,42689,149,130849,2.26,0,Saturday,29.0,655,Positive,Macro,True,True,Night,0
Instagram,Reel,Technology,9988,408,26,6462,518,237512,4.39,14,Saturday,10.0,212,Positive,Macro,False,False,Afternoon,1
Facebook,Post,Technology,1054,333,581,50893,644,33775,5.83,17,Saturday,14.0,555,Positive,Micro,True,False,Evening,1
YouTube,Video,Travel,18304,81,305,438466,3368,448515,4.17,19,Saturday,23.0,136,Positive,Macro,True,True,Evening,1
Instagram,Reel,Food,2715,480,197,24672,646,451459,0.75,20,Saturday,4.0,110,Positive,Macro,True,False,Evening,0
Instagram,Story,Entertainment,1651,140,235,6330,275,302197,0.67,21,Saturday,14.0,720,Positive,Macro,True,False,Night,0
Facebook,Post,Food,325,47,499,53003,353,418131,0.21,6,Sunday,0.0,1327,Neutral,Macro,True,False,Morning,0
Instagram,Photo,Health,5846,485,216,46573,647,471174,1.39,12,Sunday,0.0,390,Negative,Macro,True,False,Afternoon,0
Twitter,Tweet,Sports,4214,172,152,3170,116,52444,8.65,16,Sunday,28.0,915,Positive,Mid-tier,True,True,Afternoon,1
Twitter,Retweet,Gaming,4109,117,967,5942,320,175830,2.95,17,Sunday,15.0,737,Neutral,Macro,True,True,Evening,1
Facebook,Story,Education,3088,391,38,35170,216,387241,0.91,1,Monday,1.0,1227,Positive,Macro,True,False,Night,0
Instagram,Photo,Fitness,5114,481,66,22696,349,336372,1.68,2,Monday,21.0,987,Positive,Macro,True,False,Night,0
Instagram,Carousel,Business,804,304,36,17610,740,242754,0.47,3,Monday,11.0,283,Neutral,Macro,True,True,Night,0
Instagram,Carousel,Lifestyle,8022,346,49,15199,796,7888,106.71,7,Monday,5.0,427,Neutral,Nano,True,False,Morning,1
Instagram,Reel,Technology,4183,349,209,12997,522,178497,2.66,10,Monday,6.0,554,Neutral,Macro,True,False,Morning,1
Facebook,Post,Technology,3530,167,894,17493,525,204526,2.24,10,Monday,7.0,1322,Positive,Macro,True,False,Morning,0
Twitter,Retweet,Lifestyle,1291,93,416,23474,400,469165,0.38,13,Monday,25.0,587,Negative,Macro,True,False,Afternoon,0
YouTube,Live,Fashion,17315,770,946,867204,3659,231216,8.23,16,Monday,14.0,274,Positive,Macro,True,False,Afternoon,1
Facebook,Video,Food,5368,31,979,14670,65,58093,10.98,17,Monday,7.0,438,Positive,Mid-tier,False,False,Evening,1
Instagram,Photo,Lifestyle,4493,258,177,48001,140,482398,1.02,17,Monday,18.0,1308,Positive,Macro,True,False,Evening,0
Facebook,Post,Food,5112,359,433,38243,647,99714,5.92,19,Monday,8.0,823,Positive,Mid-tier,True,True,Evening,1
Instagram,Photo,Entertainment,7762,462,74,28580,938,267421,3.1,1,Tuesday,25.0,1992,Neutral,Macro,True,False,Night,1
Twitter,Poll,Sports,108,121,160,76724,403,114628,0.34,6,Tuesday,15.0,307,Positive,Macro,True,False,Morning,0
Facebook,Video,Food,6165,356,919,25370,556,326528,2.28,15,Tuesday,15.0,594,Neutral,Macro,True,False,Afternoon,0
Facebook,Live,Food,7795,17,54,69382,311,33372,23.57,17,Tuesday,23.0,23,Positive,Micro,False,False,Evening,1
Facebook,Video,Technology,5207,386,889,19017,596,494616,1.31,19,Tuesday,6.0,368,Negative,Macro,True,False,Evening,0
YouTube,Live,Business,4781,953,1536,218759,977,201776,3.6,2,Wednesday,14.0,72,Positive,Macro,True,False,Night,1
Twitter,Thread,Gaming,4275,167,209,4338,142,471529,0.99,8,Wednesday,20.0,1819,Neutral,Macro,True,False,Morning,0
TikTok,Video,Fitness,2652,1341,4440,165322,2858,316023,2.67,12,Wednesday,13.0,336,Neutral,Macro,True,False,Afternoon,1
TikTok,Duet,Entertainment,41112,1529,2296,278023,2894,305361,14.72,12,Wednesday,13.0,154,Positive,Macro,True,False,Afternoon,1
YouTube,Short,Technology,1056,637,1260,159116,4139,43936,6.72,15,Wednesday,6.0,448,Positive,Micro,False,False,Afternoon,1
Facebook,Video,Education,3750,297,231,49354,34,93693,4.57,15,Wednesday,2.0,193,Positive,Mid-tier,True,True,Afternoon,1
LinkedIn,Poll,Entertainment,588,19,495,14428,192,497957,0.22,21,Wednesday,29.0,1900,Neutral,Macro,True,True,Night,0
LinkedIn,Post,Education,1864,98,212,28707,278,273382,0.8,23,Wednesday,14.0,945,Positive,Macro,True,False,Night,0
Instagram,Reel,Sports,6652,42,98,29369,713,479397,1.42,5,Thursday,4.0,217,Neutral,Macro,True,True,Morning,0
TikTok,Video,Health,22145,801,1682,109627,793,373865,6.59,6,Thursday,14.0,244,Neutral,Macro,True,False,Morning,1
Twitter,Tweet,Travel,3061,169,288,8661,40,688,511.34,9,Thursday,10.0,1824,Neutral,Nano,True,False,Morning,1
LinkedIn,Article,Entertainment,1977,2,144,17954,31,296028,0.72,12,Thursday,14.0,712,Neutral,Macro,True,True,Afternoon,0
Twitter,Retweet,Lifestyle,2108,246,117,17236,260,28508,8.67,13,Thursday,6.0,1539,Positive,Micro,False,True,Afternoon,1
TikTok,Duet,Food,45803,191,4380,97930,912,97041,51.91,15,Thursday,10.0,161,Positive,Mid-tier,True,False,Afternoon,1
Instagram,Photo,Food,545,392,189,27141,968,258905,0.43,17,Thursday,21.0,243,Positive,Macro,False,False,Evening,0
LinkedIn,Document,Entertainment,149,139,370,23262,7,363309,0.18,23,Thursday,5.0,1797,Negative,Macro,True,False,Night,0
Facebook,Video,Sports,7577,157,598,26999,112,192301,4.33,2,Friday,23.0,142,Positive,Macro,True,False,Night,1
Twitter,Retweet,Sports,2363,131,1023,18563,78,29442,11.95,5,Friday,26.0,1242,Neutral,Micro,True,True,Morning,1
Instagram,Carousel,Gaming,8944,19,288,2398,421,86800,10.66,14,Friday,5.0,308,Positive,Mid-tier,True,False,Afternoon,1
TikTok,Video,Gaming,16042,73,3116,316367,1555,57279,33.57,15,Friday,17.0,86,Neutral,Mid-tier,True,True,Afternoon,1
Instagram,Story,Fashion,3449,96,260,40872,727,214469,1.77,22,Friday,16.0,1141,Positive,Macro,True,True,Night,0
Twitter,Retweet,Technology,1135,54,1524,68194,345,332488,0.82,3,Saturday,19.0,312,Positive,Macro,True,False,Night,0
Twitter,Thread,Sports,2664,36,1145,41920,412,240354,1.6,23,Saturday,25.0,1164,Neutral,Macro,True,False,Night,0
Instagram,Story,Fashion,9607,60,60,21417,437,78944,12.32,1,Sunday,13.0,497,Positive,Mid-tier,False,False,Night,1
LinkedIn,Article,Sports,20,70,257,1230,263,193623,0.18,4,Sunday,9.0,427,Neutral,Macro,True,False,Night,0
Instagram,Reel,Food,7647,147,198,27780,158,279835,2.86,6,Sunday,14.0,553,Neutral,Macro,True,False,Morning,1
TikTok,Duet,Food,1296,671,2751,266200,385,297802,1.58,6,Sunday,20.0,38,Positive,Macro,True,False,Morning,0
YouTube,Video,Business,7720,10,830,229495,877,193778,4.42,8,Sunday,22.0,343,Neutral,Macro,True,True,Morning,1
YouTube,Live,Fitness,15340,652,1600,397907,3861,491565,3.58,8,Sunday,27.0,364,Positive,Macro,True,False,Morning,1
Facebook,Story,Business,2321,350,253,25480,701,333739,0.88,9,Sunday,21.0,1181,Positive,Macro,True,False,Morning,0
LinkedIn,Document,Health,1177,133,355,29039,273,262228,0.63,13,Sunday,17.0,1788,Negative,Macro,False,False,Afternoon,0
Instagram,Reel,Fashion,9281,82,53,1013,513,233111,4.04,15,Sunday,10.0,355,Positive,Macro,True,False,Afternoon,1
YouTube,Community Post,Entertainment,3564,267,945,888655,1883,459493,1.04,19,Sunday,21.0,1951,Negative,Macro,False,False,Evening,0
Facebook,Story,Entertainment,2386,20,288,12105,141,410920,0.66,2,Monday,0.0,1958,Positive,Macro,True,False,Night,0
Instagram,Photo,Business,6188,223,111,21745,197,179341,3.64,9,Monday,25.0,1469,Positive,Macro,True,False,Morning,1
Instagram,Reel,Fitness,3391,201,22,18667,877,153859,2.35,11,Monday,1.0,568,Positive,Macro,True,False,Morning,1
YouTube,Short,Health,2184,99,752,445843,4565,156097,1.94,11,Monday,22.0,17,Neutral,Macro,True,False,Morning,0
Instagram,Reel,Gaming,5952,203,147,11657,582,443378,1.42,15,Monday,26.0,437,Neutral,Macro,True,False,Afternoon,0
Instagram,Carousel,Sports,5599,284,143,4834,750,428859,1.41,16,Monday,18.0,587,Neutral,Macro,True,True,Afternoon,0
TikTok,Duet,Gaming,43908,986,46,206769,1014,203680,22.06,19,Monday,11.0,41,Neutral,Macro,True,True,Evening,1
LinkedIn,Article,Food,1427,84,210,11584,289,89450,1.92,20,Monday,7.0,1188,Negative,Mid-tier,True,False,Evening,0
Twitter,Retweet,Fitness,794,222,57,17292,283,179059,0.6,22,Monday,0.0,1201,Neutral,Macro,True,False,Night,0
YouTube,Short,Food,7882,260,412,744847,4885,456761,1.87,1,Tuesday,12.0,70,Positive,Macro,True,False,Night,0
YouTube,Community Post,Travel,15284,623,898,723779,4841,438043,3.84,4,Tuesday,14.0,258,Positive,Macro,True,False,Night,1
Twitter,Poll,Fashion,3247,119,856,67470,455,278537,1.52,6,Tuesday,6.0,480,Positive,Macro,False,False,Morning,0
Twitter,Poll,Education,4924,90,734,98276,446,292870,1.96,8,Tuesday,1.0,563,Positive,Macro,True,True,Morning,0
Twitter,Poll,Technology,3107,241,902,55327,83,238605,1.78,15,Tuesday,10.0,1325,Negative,Macro,True,False,Afternoon,0
Instagram,Reel,Health,5738,124,44,46202,894,41892,14.1,18,Tuesday,18.0,474,Positive,Micro,True,False,Evening,1
Facebook,Story,Sports,5422,362,217,75655,199,352360,1.7,18,Tuesday,1.0,1250,Neutral,Macro,True,False,Evening,0
Facebook,Live,Food,1279,274,669,9788,187,18944,11.73,20,Tuesday,8.0,156,Negative,Micro,True,False,Evening,1
Instagram,Story,Business,9724,222,105,8562,576,210163,4.78,22,Tuesday,18.0,1791,Positive,Macro,True,True,Night,1
Facebook,Video,Fitness,3516,340,248,56685,630,469023,0.88,0,Wednesday,24.0,111,Positive,Macro,False,False,Night,0
Twitter,Tweet,Entertainment,133,64,403,4346,128,377317,0.16,8,Wednesday,21.0,369,Positive,Macro,True,False,Morning,0
YouTube,Short,Fitness,3499,140,1823,996433,4634,379485,1.44,8,Wednesday,29.0,185,Neutral,Macro,True,True,Morning,0
LinkedIn,Post,Health,1421,45,270,18218,164,246032,0.71,13,Wednesday,29.0,978,Positive,Macro,False,False,Afternoon,0
LinkedIn,Post,Sports,933,108,378,16301,258,200595,0.71,17,Wednesday,28.0,342,Positive,Macro,True,False,Evening,0
LinkedIn,Document,Travel,227,100,481,18036,61,135234,0.6,23,Wednesday,6.0,1271,Neutral,Macro,True,True,Night,0
Instagram,Photo,Travel,9776,234,168,19509,41,327486,3.11,0,Thursday,22.0,1075,Positive,Macro,True,False,Night,1
Facebook,Post,Health,7764,29,839,36118,521,153098,5.64,4,Thursday,20.0,679,Negative,Macro,True,False,Night,1
YouTube,Short,Entertainment,214,819,99,207823,474,277591,0.41,8,Thursday,15.0,388,Neutral,Macro,True,False,Morning,0
Facebook,Story,Food,4396,337,138,78794,422,490712,0.99,14,Thursday,26.0,377,Positive,Macro,True,False,Afternoon,0
Instagram,Reel,Food,3471,459,259,20740,468,119256,3.51,15,Thursday,20.0,117,Neutral,Macro,True,True,Afternoon,1
Facebook,Post,Sports,7421,103,136,6039,300,125976,6.08,15,Thursday,19.0,663,Neutral,Macro,False,False,Afternoon,1
YouTube,Community Post,Entertainment,3116,781,456,494857,228,275537,1.58,4,Friday,25.0,1022,Positive,Macro,False,False,Night,0
TikTok,Video,Fashion,23945,1022,1959,147059,322,473675,5.68,6,Friday,8.0,175,Positive,Macro,False,False,Morning,1
LinkedIn,Poll,Sports,872,74,439,22822,17,313760,0.44,10,Friday,22.0,1234,Positive,Macro,True,True,Morning,0
Twitter,Retweet,Sports,771,98,53,75385,129,394521,0.23,16,Friday,29.0,508,Positive,Macro,True,True,Afternoon,0
LinkedIn,Post,Entertainment,1440,107,174,3053,134,320162,0.54,22,Friday,13.0,1392,Neutral,Macro,True,False,Night,0
Instagram,Photo,Travel,5519,62,213,14965,546,151212,3.83,0,Saturday,15.0,668,Positive,Macro,True,True,Night,1
Facebook,Video,Lifestyle,4757,196,472,49148,730,49816,10.89,11,Saturday,25.0,210,Positive,Micro,True,True,Morning,1
Facebook,Live,Education,5885,29,644,64393,172,121515,5.4,16,Saturday,28.0,401,Neutral,Macro,True,False,Afternoon,1
Facebook,Story,Fitness,4789,315,868,38796,492,71920,8.3,21,Saturday,21.0,1093,Positive,Mid-tier,True,False,Night,1
Instagram,Story,Business,7018,374,34,23926,397,408150,1.82,22,Saturday,11.0,1063,Positive,Macro,True,False,Night,0
LinkedIn,Post,Gaming,1311,17,264,5175,132,475771,0.33,2,Sunday,4.0,829,Positive,Macro,True,False,Night,0
TikTok,Stitch,Lifestyle,18415,156,4521,87102,285,329685,7.0,14,Sunday,24.0,175,Positive,Macro,True,False,Afternoon,1
YouTube,Community Post,Lifestyle,13542,29,1991,741739,2289,323001,4.82,15,Sunday,20.0,1394,Neutral,Macro,True,True,Afternoon,1
Instagram,Reel,Health,4176,106,260,49750,348,62439,7.27,20,Sunday,2.0,51,Positive,Mid-tier,True,False,Evening,1
LinkedIn,Article,Fashion,323,36,285,20407,105,229810,0.28,7,Monday,28.0,1187,Positive,Macro,True,False,Morning,0
TikTok,Stitch,Entertainment,10388,812,2674,285208,1657,196696,7.05,8,Monday,10.0,378,Neutral,Macro,True,False,Morning,1
TikTok,Video,Business,38052,902,289,225696,2069,5443,720.98,13,Monday,25.0,318,Positive,Nano,False,False,Afternoon,1
TikTok,Duet,Food,43513,1850,197,449367,821,381429,11.94,16,Monday,11.0,517,Positive,Macro,True,False,Afternoon,1
Facebook,Video,Business,3846,165,130,8812,718,340830,1.21,17,Monday,17.0,166,Positive,Macro,True,False,Evening,0
YouTube,Video,Gaming,15030,878,403,148083,1637,310323,5.26,22,Monday,23.0,411,Positive,Macro,True,True,Night,1
Twitter,Retweet,Gaming,1218,116,1418,26568,304,461276,0.6,23,Monday,12.0,1953,Negative,Macro,False,False,Night,0
YouTube,Short,Health,9610,353,148,464675,4961,174395,5.8,23,Monday,26.0,452,Neutral,Macro,True,False,Night,1
YouTube,Short,Lifestyle,11981,498,1718,67019,471,130423,10.89,3,Tuesday,2.0,165,Negative,Macro,True,False,Night,1
Twitter,Tweet,Fitness,679,106,1075,89662,313,430681,0.43,7,Tuesday,9.0,506,Neutral,Macro,True,True,Morning,0
Twitter,Retweet,Technology,4989,129,1804,46788,246,159598,4.34,7,Tuesday,20.0,1613,Neutral,Macro,False,False,Morning,1
LinkedIn,Article,Food,1712,42,250,9451,290,251451,0.8,16,Tuesday,27.0,92,Neutral,Macro,False,False,Afternoon,0
TikTok,Stitch,Education,24778,979,1091,153192,1415,419360,6.4,19,Tuesday,16.0,275,Neutral,Macro,True,False,Evening,1
Instagram,Carousel,Travel,5262,272,104,19894,633,185277,3.04,20,Tuesday,21.0,655,Positive,Macro,True,False,Evening,1
TikTok,Duet,Entertainment,18523,1982,1204,445627,1748,310869,6.98,21,Tuesday,18.0,503,Positive,Macro,True,True,Night,1
TikTok,Duet,Lifestyle,43988,1614,4819,488843,1987,447670,11.26,21,Tuesday,7.0,139,Positive,Macro,True,False,Night,1
LinkedIn,Document,Business,763,24,217,4650,30,156956,0.64,0,Wednesday,28.0,575,Positive,Macro,True,True,Night,0
TikTok,Duet,Travel,49279,1405,105,162883,2402,426693,11.9,2,Wednesday,20.0,219,Positive,Macro,True,False,Night,1
Facebook,Live,Education,1707,339,729,49039,470,287567,0.96,5,Wednesday,5.0,324,Neutral,Macro,False,True,Morning,0
Twitter,Retweet,Technology,2813,129,108,5861,99,482532,0.63,8,Wednesday,12.0,627,Positive,Macro,True,False,Morning,0
Twitter,Poll,Fashion,685,17,714,43988,112,261637,0.54,12,Wednesday,28.0,617,Negative,Macro,True,False,Afternoon,0
Twitter,Retweet,Fashion,4748,130,1491,85418,10,389531,1.64,15,Wednesday,18.0,1453,Positive,Macro,False,False,Afternoon,0
Twitter,Retweet,Entertainment,854,207,790,13442,183,82669,2.24,17,Wednesday,23.0,1095,Positive,Mid-tier,True,False,Evening,0
Twitter,Retweet,Food,82,249,1771,9417,427,479294,0.44,21,Wednesday,5.0,1693,Neutral,Macro,True,False,Night,0
Twitter,Tweet,Education,3247,157,151,22988,91,310170,1.15,2,Thursday,9.0,723,Positive,Macro,True,False,Night,0
Facebook,Live,Entertainment,1034,391,381,54165,12,54333,3.32,3,Thursday,0.0,464,Positive,Mid-tier,False,True,Night,1
TikTok,Stitch,Fitness,33680,1766,871,359000,1988,345241,10.52,5,Thursday,27.0,268,Negative,Macro,False,True,Morning,1
TikTok,Stitch,Gaming,10260,470,2466,475683,2548,127401,10.36,5,Thursday,20.0,546,Positive,Macro,True,False,Morning,1
Facebook,Post,Technology,3651,124,924,33201,309,229700,2.05,16,Thursday,10.0,1502,Neutral,Macro,True,False,Afternoon,0
Twitter,Tweet,Fashion,1592,204,1158,49575,474,392166,0.75,19,Thursday,15.0,1081,Negative,Macro,True,False,Evening,0
TikTok,Duet,Gaming,46033,1561,4972,274793,1605,401532,13.09,21,Thursday,15.0,65,Positive,Macro,True,False,Night,1
LinkedIn,Poll,Gaming,562,130,356,22357,202,36223,2.89,1,Friday,13.0,546,Positive,Micro,True,True,Night,1
Instagram,Photo,Business,7917,312,208,4829,33,372219,2.27,1,Friday,5.0,1970,Positive,Macro,True,False,Night,0
Twitter,Thread,Entertainment,4001,140,107,63580,218,323650,1.31,4,Friday,12.0,403,Neutral,Macro,False,False,Night,0
TikTok,Video,Business,18234,1441,3191,355451,107,288769,7.92,7,Friday,10.0,284,Positive,Macro,True,False,Morning,1
Twitter,Poll,Food,4241,50,1628,71477,265,16714,35.41,14,Friday,5.0,308,Neutral,Micro,True,False,Afternoon,1
YouTube,Short,Education,505,643,886,844382,985,204659,0.99,14,Friday,0.0,119,Positive,Macro,False,False,Afternoon,0
Twitter,Retweet,Entertainment,2965,174,565,13410,39,307024,1.21,15,Friday,9.0,514,Neutral,Macro,True,False,Afternoon,0
Instagram,Photo,Technology,1641,278,177,2101,218,261067,0.8,17,Friday,12.0,622,Neutral,Macro,False,False,Evening,0
TikTok,Stitch,Food,10256,1983,666,436192,244,465846,2.77,6,Saturday,6.0,343,Positive,Macro,True,False,Morning,1
Facebook,Video,Food,7967,192,493,8282,303,392739,2.2,6,Saturday,6.0,591,Negative,Macro,True,False,Morning,0
TikTok,Duet,Entertainment,42083,1166,595,356487,1415,76685,57.17,12,Saturday,15.0,308,Positive,Mid-tier,True,True,Afternoon,1
LinkedIn,Article,Fashion,1312,30,172,18410,25,80209,1.89,17,Saturday,13.0,787,Neutral,Mid-tier,False,False,Evening,0
YouTube,Video,Fashion,18092,191,1807,714628,804,38902,51.64,17,Saturday,10.0,262,Negative,Micro,True,True,Evening,1
Twitter,Retweet,Fitness,1290,222,777,84449,62,453934,0.5,6,Sunday,26.0,1500,Neutral,Macro,False,False,Morning,0
Facebook,Live,Technology,4828,336,948,76854,389,61555,9.93,15,Sunday,14.0,189,Neutral,Mid-tier,True,False,Afternoon,1
TikTok,Duet,Lifestyle,23219,1071,1033,414495,1556,250050,10.13,15,Sunday,19.0,549,Positive,Macro,True,True,Afternoon,1
YouTube,Community Post,Health,8096,843,174,703166,1374,3974,229.32,19,Sunday,16.0,134,Positive,Nano,True,False,Evening,1
Facebook,Video,Business,7829,170,865,36049,736,453665,1.95,21,Sunday,20.0,16,Neutral,Macro,False,True,Night,0
Instagram,Carousel,Technology,2737,5,174,39329,441,23741,12.28,1,Monday,6.0,1871,Neutral,Micro,False,True,Night,1
Instagram,Reel,Business,9740,157,218,40220,970,467418,2.16,8,Monday,20.0,366,Positive,Macro,True,True,Morning,0
Facebook,Story,Food,5838,325,827,33443,550,145090,4.82,15,Monday,2.0,1474,Neutral,Macro,True,True,Afternoon,1
Facebook,Story,Fashion,4388,123,724,59048,147,392458,1.33,18,Monday,23.0,1327,Positive,Macro,True,False,Evening,0
Facebook,Video,Food,2370,236,235,49190,593,273581,1.04,3,Tuesday,16.0,422,Positive,Macro,False,True,Night,0
TikTok,Video,Technology,47738,616,691,65659,976,317519,15.45,11,Tuesday,22.0,53,Neutral,Macro,True,False,Morning,1
Instagram,Story,Health,8351,326,267,5992,161,233720,3.83,15,Tuesday,3.0,749,Positive,Macro,True,False,Afternoon,1
Instagram,Reel,Food,6188,55,257,41152,907,136162,4.77,18,Tuesday,14.0,453,Neutral,Macro,False,False,Evening,1
Facebook,Video,Business,5054,338,872,42533,90,103333,6.06,0,Wednesday,10.0,44,Positive,Macro,True,False,Night,1
LinkedIn,Article,Travel,1961,110,255,9315,178,235107,0.99,2,Wednesday,5.0,1498,Positive,Macro,True,True,Night,0
Instagram,Story,Health,6985,225,224,19608,963,128565,5.78,5,Wednesday,26.0,396,Positive,Macro,True,False,Morning,1
YouTube,Live,Business,13102,635,601,655459,1868,386172,3.71,9,Wednesday,19.0,531,Neutral,Macro,True,False,Morning,1
Instagram,Story,Food,8352,112,282,47653,23,381246,2.29,9,Wednesday,16.0,542,Positive,Macro,True,False,Morning,0
Instagram,Story,Fashion,5322,107,203,48692,126,196519,2.87,3,Thursday,12.0,147,Positive,Macro,True,True,Night,1
Twitter,Video,Technology,1424,36,411,43485,318,366127,0.51,9,Thursday,24.0,736,Positive,Macro,True,False,Morning,0
Twitter,Thread,Travel,686,278,1264,80599,374,10700,20.82,11,Thursday,20.0,707,Positive,Micro,True,False,Morning,1
Twitter,Retweet,Business,2272,140,780,38997,178,402385,0.79,14,Thursday,22.0,1894,Positive,Macro,True,False,Afternoon,0
TikTok,Stitch,Travel,24026,292,578,216292,1562,10331,240.98,21,Thursday,24.0,298,Positive,Micro,True,False,Night,1
TikTok,Duet,Business,43185,1458,2260,103704,2206,464664,10.09,23,Thursday,10.0,31,Negative,Macro,True,True,Night,1
Twitter,Poll,Health,2503,217,691,98083,461,379568,0.9,0,Friday,12.0,1774,Positive,Macro,True,False,Night,0
YouTube,Video,Technology,13605,849,676,363201,4912,92051,16.44,2,Friday,19.0,372,Neutral,Mid-tier,True,False,Night,1
TikTok,Video,Lifestyle,23132,858,3167,433503,2620,15711,172.85,11,Friday,26.0,105,Neutral,Micro,False,False,Morning,1
Twitter,Tweet,Lifestyle,2378,275,39,7360,213,378501,0.71,15,Friday,19.0,1112,Neutral,Macro,True,False,Afternoon,0
TikTok,Duet,Gaming,24907,620,749,16204,1470,85470,30.74,20,Friday,7.0,487,Neutral,Mid-tier,True,False,Evening,1
Twitter,Poll,Entertainment,2241,83,25,16345,402,387782,0.61,21,Friday,19.0,1626,Positive,Macro,False,False,Night,0
Instagram,Story,Technology,533,10,199,13664,717,468359,0.16,7,Saturday,27.0,1741,Positive,Macro,False,False,Morning,0
Instagram,Reel,Food,1490,47,286,28787,194,95995,1.9,10,Saturday,20.0,19,Positive,Mid-tier,False,True,Morning,0
Twitter,Poll,Food,3737,147,988,95688,398,21618,22.54,13,Saturday,15.0,1257,Positive,Micro,True,True,Afternoon,1
YouTube,Community Post,Gaming,5360,497,1945,77789,4040,416385,1.87,18,Saturday,26.0,1800,Negative,Macro,True,False,Evening,0
Twitter,Tweet,Sports,4242,222,1740,1637,45,170487,3.64,23,Saturday,21.0,379,Neutral,Macro,True,False,Night,1
Instagram,Story,Business,5179,142,243,11645,722,276220,2.01,2,Sunday,0.0,1384,Positive,Macro,True,False,Night,0
Instagram,Story,Travel,9871,195,4,30192,496,38981,25.83,5,Sunday,28.0,1017,Neutral,Micro,True,False,Morning,1
Instagram,Reel,Education,3442,155,224,36979,769,30079,12.7,5,Sunday,11.0,116,Positive,Micro,True,False,Morning,1
Instagram,Reel,Entertainment,6598,496,67,13699,400,354898,2.02,21,Sunday,17.0,140,Positive,Macro,True,False,Night,0
YouTube,Live,Fashion,12455,169,559,251766,4985,248849,5.3,3,Monday,20.0,213,Positive,Macro,True,False,Night,1
YouTube,Short,Gaming,5655,442,1596,149010,2178,281910,2.73,4,Monday,21.0,127,Positive,Macro,True,True,Night,1
Facebook,Story,Lifestyle,7402,80,485,77985,201,44989,17.71,4,Monday,12.0,1651,Positive,Micro,True,False,Night,1
Instagram,Photo,Food,1372,80,19,40384,477,158504,0.93,5,Monday,0.0,297,Positive,Macro,True,False,Morning,0
Instagram,Story,Lifestyle,9072,61,286,14964,901,69691,13.52,7,Monday,23.0,1467,Positive,Mid-tier,False,False,Morning,1
Twitter,Thread,Fitness,3743,177,1863,5781,485,410220,1.41,12,Monday,10.0,1833,Positive,Macro,True,False,Afternoon,0
Instagram,Photo,Business,1712,403,214,5155,567,268811,0.87,17,Monday,19.0,1083,Positive,Macro,True,True,Evening,0
YouTube,Video,Technology,579,849,1276,131436,1493,470407,0.57,22,Monday,13.0,244,Positive,Macro,True,True,Night,0
Instagram,Carousel,Lifestyle,5324,164,185,39677,177,394709,1.44,5,Tuesday,3.0,1962,Neutral,Macro,True,False,Morning,0
Facebook,Live,Food,6306,353,529,14080,471,485307,1.48,5,Tuesday,17.0,116,Negative,Macro,True,False,Morning,0
Instagram,Photo,Food,4637,477,62,19790,980,316176,1.64,19,Tuesday,22.0,715,Neutral,Macro,True,True,Evening,0
Facebook,Story,Food,5804,64,150,41052,128,45860,13.12,22,Tuesday,7.0,861,Negative,Micro,True,False,Night,1
YouTube,Short,Education,251,479,1551,659446,3133,268167,0.85,2,Wednesday,25.0,599,Negative,Macro,True,False,Night,0
LinkedIn,Poll,Food,1419,17,315,1650,206,294429,0.59,6,Wednesday,24.0,1313,Positive,Macro,True,False,Morning,0
LinkedIn,Post,Fitness,1977,139,460,7498,291,233442,1.1,7,Wednesday,13.0,1307,Neutral,Macro,True,False,Morning,0
Twitter,Thread,Fashion,1421,120,910,67065,336,264631,0.93,22,Wednesday,9.0,1318,Positive,Macro,True,True,Night,0
Instagram,Carousel,Lifestyle,3756,292,201,18090,419,293157,1.45,23,Wednesday,24.0,879,Neutral,Macro,True,False,Night,0
Facebook,Story,Gaming,5799,371,609,27655,409,73974,9.16,7,Thursday,28.0,1733,Negative,Mid-tier,True,True,Morning,1
LinkedIn,Post,Technology,559,15,145,10816,267,286197,0.25,16,Thursday,16.0,819,Positive,Macro,True,False,Afternoon,0
TikTok,Duet,Fitness,25644,1549,2216,113007,1098,131815,22.31,16,Thursday,21.0,289,Positive,Macro,True,True,Afternoon,1
Instagram,Carousel,Sports,8353,372,103,35909,415,438183,2.01,19,Thursday,18.0,695,Negative,Macro,True,False,Evening,0
Twitter,Retweet,Education,3709,152,440,93013,88,359739,1.2,22,Thursday,22.0,671,Positive,Macro,True,False,Night,0
Facebook,Story,Lifestyle,2995,104,978,19023,793,490520,0.83,3,Friday,25.0,550,Positive,Macro,True,False,Night,0
Instagram,Story,Entertainment,7682,65,124,38884,64,256239,3.07,14,Friday,29.0,1523,Positive,Macro,True,False,Afternoon,1
Facebook,Story,Travel,6131,101,675,2490,555,283489,2.44,16,Friday,7.0,1922,Neutral,Macro,True,True,Afternoon,1
Instagram,Reel,Fashion,1794,213,85,24080,313,492769,0.42,20,Friday,18.0,445,Positive,Macro,True,False,Evening,0
Facebook,Live,Entertainment,3444,369,469,68109,206,73239,5.85,21,Friday,13.0,575,Neutral,Mid-tier,True,True,Night,1
Instagram,Reel,Fashion,7054,347,281,3413,272,379701,2.02,1,Saturday,16.0,551,Neutral,Macro,False,False,Night,0
TikTok,Stitch,Technology,5410,1107,466,491160,2658,492814,1.42,1,Saturday,8.0,460,Negative,Macro,False,False,Night,0
Instagram,Carousel,Food,7088,410,294,24986,915,110450,7.05,1,Saturday,2.0,1251,Neutral,Macro,True,True,Night,1
Twitter,Retweet,Business,4008,7,1405,78988,17,389630,1.39,5,Saturday,26.0,1489,Neutral,Macro,True,False,Morning,0
LinkedIn,Poll,Business,425,12,437,1864,244,248946,0.35,6,Saturday,24.0,1812,Positive,Macro,True,False,Morning,0
Facebook,Live,Fashion,4142,228,656,40385,611,324718,1.55,6,Saturday,4.0,173,Positive,Macro,False,False,Morning,0
Facebook,Story,Technology,6231,339,514,54661,433,239805,2.95,10,Saturday,27.0,1267,Positive,Macro,True,False,Morning,1
TikTok,Stitch,Sports,2634,188,3313,145657,2734,220194,2.79,11,Saturday,1.0,492,Neutral,Macro,False,False,Morning,1
Facebook,Live,Education,7362,93,708,64622,93,302009,2.7,14,Saturday,10.0,559,Neutral,Macro,True,False,Afternoon,1
Instagram,Story,Business,7546,104,257,2002,570,463378,1.71,16,Saturday,21.0,210,Positive,Macro,True,False,Afternoon,0
LinkedIn,Document,Food,1894,63,33,18506,215,222100,0.9,22,Saturday,15.0,1159,Positive,Macro,False,False,Night,0
Instagram,Photo,Entertainment,2099,361,58,44309,992,405038,0.62,4,Sunday,23.0,990,Positive,Macro,True,True,Night,0
LinkedIn,Poll,Travel,109,146,216,16854,117,298456,0.16,4,Sunday,25.0,590,Positive,Macro,True,True,Night,0
Facebook,Post,Technology,7207,84,260,11656,659,181186,4.17,9,Sunday,29.0,1173,Neutral,Macro,True,False,Morning,1
Twitter,Retweet,Sports,4137,25,1734,79943,473,92088,6.4,11,Sunday,16.0,1821,Neutral,Mid-tier,True,False,Morning,1
Twitter,Retweet,Entertainment,2287,221,1501,77524,435,268507,1.49,12,Sunday,2.0,998,Positive,Macro,True,False,Afternoon,0
YouTube,Live,Entertainment,4625,292,1701,611780,4140,357909,1.85,15,Sunday,6.0,160,Neutral,Macro,True,True,Afternoon,0
Instagram,Carousel,Food,7229,133,209,12920,348,404078,1.87,10,Monday,4.0,1538,Positive,Macro,True,False,Morning,0
YouTube,Live,Gaming,9250,298,513,135288,4654,80152,12.55,16,Monday,17.0,79,Negative,Mid-tier,True,True,Afternoon,1
Instagram,Story,Education,9258,448,21,28758,736,272870,3.56,20,Monday,6.0,1454,Positive,Macro,True,True,Evening,1
Facebook,Live,Education,7820,125,190,13571,687,392943,2.07,22,Monday,27.0,28,Negative,Macro,False,False,Night,0
Twitter,Thread,Education,1426,244,1595,49268,461,326448,1.0,2,Tuesday,1.0,206,Negative,Macro,True,False,Night,0
Facebook,Video,Sports,1424,277,765,23855,82,214533,1.15,10,Tuesday,18.0,274,Positive,Macro,True,False,Morning,0
Instagram,Photo,Lifestyle,2984,29,38,12126,427,12190,25.03,17,Tuesday,23.0,1370,Negative,Micro,True,False,Evening,1
Facebook,Video,Travel,6827,187,447,27152,527,325070,2.3,17,Tuesday,14.0,528,Neutral,Macro,True,False,Evening,1
TikTok,Stitch,Food,36593,1075,4876,345737,1410,105812,40.21,21,Tuesday,1.0,340,Neutral,Macro,False,True,Night,1
Facebook,Post,Travel,7512,119,168,69260,797,167757,4.65,1,Wednesday,9.0,637,Neutral,Macro,True,True,Night,1
Facebook,Video,Entertainment,2599,274,687,17598,371,35889,9.92,3,Wednesday,14.0,204,Negative,Micro,True,False,Night,1
Instagram,Carousel,Fashion,268,177,97,49262,21,389549,0.14,4,Wednesday,0.0,811,Positive,Macro,True,False,Night,0
TikTok,Stitch,Health,40395,1274,3140,412282,1146,30778,145.59,6,Wednesday,17.0,23,Positive,Micro,True,False,Morning,1
Facebook,Live,Fashion,7765,75,14,62926,520,429255,1.83,9,Wednesday,20.0,500,Neutral,Macro,True,True,Morning,0
Facebook,Post,Education,843,181,706,50114,600,349175,0.5,11,Wednesday,27.0,1086,Neutral,Macro,True,False,Morning,0
Facebook,Video,Food,7761,351,697,62165,522,488838,1.8,13,Wednesday,17.0,229,Positive,Macro,False,False,Afternoon,0
LinkedIn,Document,Education,1456,149,440,11755,61,86221,2.37,15,Wednesday,27.0,1120,Positive,Mid-tier,True,False,Afternoon,1
Instagram,Photo,Gaming,2351,35,162,42927,690,55689,4.58,20,Wednesday,3.0,774,Neutral,Mid-tier,True,False,Evening,1
YouTube,Video,Technology,4365,985,182,462535,1433,184411,3.0,23,Wednesday,1.0,294,Positive,Macro,True,False,Night,1
TikTok,Video,Technology,12659,1753,1801,175116,1317,361335,4.49,3,Thursday,12.0,224,Positive,Macro,True,True,Night,1
Instagram,Carousel,Education,8561,224,188,18321,41,40848,21.97,3,Thursday,28.0,246,Negative,Micro,True,False,Night,1
Instagram,Photo,Fashion,1255,249,196,31809,841,205467,0.83,8,Thursday,18.0,928,Positive,Macro,True,True,Morning,0
Twitter,Thread,Fashion,869,208,1693,59335,185,315817,0.88,8,Thursday,0.0,931,Neutral,Macro,True,False,Morning,0
Instagram,Photo,Gaming,4360,392,267,2482,82,424126,1.18,19,Thursday,5.0,1846,Positive,Macro,True,False,Evening,0
TikTok,Stitch,Entertainment,39651,1800,3815,467574,256,458038,9.88,20,Thursday,19.0,544,Neutral,Macro,True,False,Evening,1
LinkedIn,Post,Technology,1823,26,471,9144,77,90211,2.57,1,Friday,12.0,1825,Positive,Mid-tier,True,False,Night,1
Instagram,Reel,Education,7550,436,259,41510,454,76704,10.75,4,Friday,25.0,279,Positive,Mid-tier,True,False,Night,1
Facebook,Post,Sports,6166,141,671,73526,424,291182,2.4,6,Saturday,25.0,150,Neutral,Macro,True,True,Morning,1
TikTok,Duet,Sports,44001,1515,531,136960,1073,4269,1078.64,7,Saturday,11.0,197,Positive,Nano,True,False,Morning,1
Twitter,Retweet,Entertainment,901,96,1954,87903,260,138431,2.13,9,Saturday,23.0,664,Positive,Macro,True,False,Morning,0
Facebook,Story,Sports,6610,224,417,62222,357,64320,11.27,10,Saturday,1.0,1743,Positive,Mid-tier,True,False,Morning,1
Instagram,Photo,Business,1482,203,241,8830,131,457744,0.42,12,Saturday,20.0,763,Neutral,Macro,True,True,Afternoon,0
Twitter,Retweet,Lifestyle,3738,63,829,29386,97,242829,1.91,13,Saturday,20.0,1070,Positive,Macro,True,True,Afternoon,0
Twitter,Retweet,Fitness,4512,143,461,67036,399,63181,8.1,15,Saturday,29.0,1758,Negative,Mid-tier,True,False,Afternoon,1
TikTok,Video,Business,43581,1651,4959,443055,580,469217,10.7,16,Saturday,21.0,425,Positive,Macro,True,True,Afternoon,1
Instagram,Story,Business,5944,139,243,29557,312,193098,3.28,3,Sunday,28.0,587,Negative,Macro,True,False,Night,1
Instagram,Carousel,Gaming,639,203,18,37581,750,499722,0.17,4,Sunday,26.0,753,Neutral,Macro,False,True,Night,0
YouTube,Video,Technology,5208,244,566,427573,1380,436490,1.38,5,Sunday,14.0,286,Positive,Macro,True,True,Morning,0
Twitter,Tweet,Lifestyle,1935,144,1064,50454,442,466375,0.67,6,Sunday,13.0,1771,Negative,Macro,True,True,Morning,0
Twitter,Poll,Fashion,3590,44,1968,85066,198,197900,2.83,7,Sunday,19.0,319,Neutral,Macro,True,False,Morning,1
LinkedIn,Article,Business,357,75,200,20879,291,160109,0.39,11,Sunday,21.0,964,Positive,Macro,True,False,Morning,0
Twitter,Poll,Sports,4343,107,1370,41831,454,323645,1.8,13,Sunday,5.0,1767,Neutral,Macro,True,False,Afternoon,0
Facebook,Story,Entertainment,5191,381,111,74892,491,413359,1.37,13,Sunday,2.0,194,Positive,Macro,True,True,Afternoon,0
Twitter,Poll,Travel,40,229,1404,4201,179,362998,0.46,13,Sunday,22.0,873,Neutral,Macro,True,False,Afternoon,0
TikTok,Duet,Sports,47721,1054,2982,392686,905,433593,11.94,14,Sunday,15.0,599,Positive,Macro,True,True,Afternoon,1
Instagram,Carousel,Health,5453,57,288,39419,81,112730,5.14,18,Sunday,19.0,1494,Positive,Macro,True,False,Evening,1
Instagram,Reel,Fashion,2110,267,289,34212,209,423715,0.63,20,Sunday,15.0,232,Neutral,Macro,True,False,Evening,0
Twitter,Tweet,Technology,1365,61,1911,77737,19,212609,1.57,2,Monday,28.0,1997,Positive,Macro,True,False,Night,0
Twitter,Retweet,Travel,4765,148,1238,9861,418,454104,1.35,3,Monday,29.0,1688,Negative,Macro,True,False,Night,0
LinkedIn,Article,Food,1309,146,358,4601,112,404196,0.45,6,Monday,11.0,822,Neutral,Macro,False,False,Morning,0
Twitter,Retweet,Fashion,3064,242,782,5318,240,222458,1.84,11,Monday,20.0,468,Neutral,Macro,True,False,Morning,0
TikTok,Stitch,Gaming,32987,35,4179,263507,1799,156557,23.76,15,Monday,22.0,537,Positive,Macro,True,True,Afternoon,1
YouTube,Video,Lifestyle,3325,981,105,127230,3234,388112,1.14,22,Monday,19.0,514,Negative,Macro,True,False,Night,0
TikTok,Stitch,Health,17515,1505,1511,75511,1935,163073,12.59,23,Monday,19.0,84,Neutral,Macro,True,False,Night,1
Facebook,Video,Education,6471,36,308,46759,246,320512,2.13,1,Tuesday,6.0,354,Neutral,Macro,True,False,Night,0
Twitter,Poll,Entertainment,361,67,100,73848,69,147592,0.36,6,Tuesday,19.0,657,Positive,Macro,False,False,Morning,0
YouTube,Live,Business,9601,668,1525,123772,59,361800,3.26,7,Tuesday,10.0,161,Neutral,Macro,True,False,Morning,1
Twitter,Poll,Fitness,4227,204,1198,14910,123,381800,1.47,10,Tuesday,11.0,1395,Negative,Macro,True,False,Morning,0
Instagram,Reel,Travel,2439,225,111,27533,427,448404,0.62,10,Tuesday,16.0,396,Neutral,Macro,True,False,Morning,0
LinkedIn,Article,Fashion,1374,61,413,17354,263,121431,1.52,17,Tuesday,24.0,1757,Positive,Macro,False,False,Evening,0
Twitter,Poll,Gaming,1777,75,998,43477,337,244933,1.16,18,Tuesday,9.0,1595,Neutral,Macro,True,False,Evening,0
Instagram,Carousel,Business,5341,401,277,13377,937,409354,1.47,19,Tuesday,22.0,1255,Positive,Macro,False,False,Evening,0
Twitter,Retweet,Travel,2168,286,918,52932,394,75671,4.46,19,Tuesday,2.0,1218,Positive,Mid-tier,True,False,Evening,1
Instagram,Carousel,Technology,5913,384,262,20631,86,2471,265.44,20,Tuesday,23.0,1985,Neutral,Nano,True,False,Evening,1
Facebook,Post,Lifestyle,4016,218,83,62408,187,156926,2.75,20,Tuesday,7.0,1012,Neutral,Macro,False,False,Evening,1
LinkedIn,Document,Travel,396,90,112,27213,143,415358,0.14,3,Wednesday,12.0,937,Positive,Macro,False,True,Night,0
Instagram,Carousel,Fashion,4678,381,296,38595,672,393043,1.36,6,Wednesday,29.0,1750,Positive,Macro,True,False,Morning,0
Twitter,Tweet,Entertainment,2007,205,1822,20644,480,129779,3.11,6,Wednesday,1.0,456,Neutral,Macro,False,False,Morning,1
Instagram,Story,Travel,251,25,80,28155,481,247119,0.14,12,Wednesday,12.0,1956,Neutral,Macro,True,True,Afternoon,0
LinkedIn,Poll,Travel,337,13,219,4849,63,345674,0.16,13,Wednesday,13.0,649,Negative,Macro,True,False,Afternoon,0
YouTube,Short,Sports,6815,431,653,142879,2032,271204,2.91,17,Wednesday,14.0,68,Positive,Macro,True,True,Evening,1
LinkedIn,Document,Technology,1124,129,194,22256,282,105839,1.37,1,Thursday,12.0,1604,Negative,Macro,True,True,Night,0
LinkedIn,Document,Entertainment,804,7,132,4514,229,328301,0.29,4,Thursday,8.0,189,Negative,Macro,True,False,Night,0
Instagram,Photo,Travel,8594,275,95,34673,877,334284,2.68,7,Thursday,22.0,388,Positive,Macro,False,False,Morning,1
LinkedIn,Poll,Travel,978,80,485,7125,241,408144,0.38,13,Thursday,11.0,1390,Negative,Macro,False,True,Afternoon,0
TikTok,Stitch,Sports,16740,825,3011,153873,1492,322956,6.37,15,Thursday,5.0,449,Negative,Macro,False,False,Afternoon,1
YouTube,Community Post,Food,18064,772,565,977819,86,129959,14.93,20,Thursday,15.0,1819,Negative,Macro,True,False,Evening,1
TikTok,Video,Entertainment,25597,1772,1358,458758,517,34646,82.92,4,Friday,7.0,293,Positive,Micro,True,True,Night,1
TikTok,Video,Education,1720,1497,3225,270026,858,117222,5.5,5,Friday,0.0,92,Negative,Macro,True,False,Morning,1
TikTok,Stitch,Business,36756,1003,2180,256060,1975,28385,140.7,6,Friday,23.0,71,Neutral,Micro,True,False,Morning,1
TikTok,Video,Technology,10487,474,995,52672,2075,492799,2.43,8,Friday,15.0,236,Positive,Macro,True,False,Morning,1
Facebook,Story,Fitness,4953,92,312,48935,775,104780,5.11,14,Friday,24.0,310,Positive,Macro,True,True,Afternoon,1
LinkedIn,Article,Education,136,46,471,4863,132,390919,0.17,18,Friday,19.0,1642,Neutral,Macro,False,False,Evening,0
Twitter,Retweet,Business,125,172,644,74247,220,447755,0.21,21,Friday,10.0,750,Neutral,Macro,True,False,Night,0
YouTube,Video,Gaming,1715,528,1580,682669,779,316050,1.21,22,Friday,6.0,428,Negative,Macro,True,False,Night,0
Facebook,Post,Fashion,841,9,132,37634,274,2969,33.08,4,Saturday,16.0,1554,Positive,Nano,True,False,Night,1
Facebook,Video,Education,7594,56,854,63559,390,78831,10.79,5,Saturday,5.0,419,Neutral,Mid-tier,True,False,Morning,1
YouTube,Short,Sports,9152,239,1364,936454,2415,444385,2.42,7,Saturday,9.0,65,Positive,Macro,True,False,Morning,1
Instagram,Story,Fitness,6242,146,47,45206,294,206748,3.11,17,Saturday,27.0,229,Neutral,Macro,False,True,Evening,1
Facebook,Post,Technology,6805,67,285,25146,398,298162,2.4,18,Saturday,10.0,993,Neutral,Macro,True,True,Evening,1
Instagram,Photo,Entertainment,2877,233,120,35755,699,158097,2.04,22,Saturday,29.0,1884,Neutral,Macro,True,False,Night,0
TikTok,Stitch,Business,7521,913,4521,411770,1534,349932,3.7,4,Sunday,2.0,427,Negative,Macro,True,True,Night,1
Facebook,Story,Entertainment,1645,378,510,31697,674,333651,0.76,5,Sunday,0.0,1488,Neutral,Macro,True,False,Morning,0
YouTube,Short,Fashion,17518,420,1017,674061,2369,244947,7.74,7,Sunday,4.0,531,Positive,Macro,True,False,Morning,1
LinkedIn,Post,Food,632,63,349,11226,149,21962,4.75,16,Sunday,12.0,76,Neutral,Micro,True,True,Afternoon,1
Instagram,Carousel,Technology,8710,424,21,14211,997,17152,53.38,18,Sunday,13.0,794,Positive,Micro,True,True,Evening,1
TikTok,Duet,Food,42559,882,1004,262505,2414,234256,18.97,0,Monday,1.0,305,Neutral,Macro,False,False,Night,1
Facebook,Live,Lifestyle,5121,215,257,58267,647,63912,8.75,1,Monday,27.0,334,Positive,Mid-tier,True,True,Night,1
Instagram,Story,Sports,7406,79,243,48741,688,226968,3.4,3,Monday,4.0,1174,Negative,Macro,True,False,Night,1
TikTok,Stitch,Technology,15399,1514,1922,386003,378,76585,24.59,4,Monday,10.0,497,Negative,Mid-tier,True,True,Night,1
Twitter,Thread,Lifestyle,96,178,1454,23951,459,418815,0.41,7,Monday,14.0,594,Positive,Macro,False,False,Morning,0
LinkedIn,Post,Fashion,779,53,148,18406,286,267296,0.37,11,Monday,14.0,1150,Positive,Macro,True,False,Morning,0
TikTok,Video,Sports,25677,1800,915,206707,1649,284637,9.97,12,Monday,22.0,173,Positive,Macro,True,False,Afternoon,1
Facebook,Video,Health,4328,49,467,29117,415,352942,1.37,15,Monday,17.0,503,Negative,Macro,False,True,Afternoon,0
TikTok,Video,Gaming,33077,897,1946,200552,899,116424,30.85,17,Monday,3.0,345,Positive,Macro,True,False,Evening,1
YouTube,Short,Lifestyle,6762,37,421,539225,3205,399677,1.81,21,Monday,24.0,473,Neutral,Macro,True,True,Night,0
Facebook,Story,Business,7571,68,596,23891,136,198657,4.15,23,Monday,23.0,1723,Neutral,Macro,True,True,Night,1
YouTube,Short,Entertainment,19568,93,1734,45221,4716,124859,17.14,0,Tuesday,16.0,485,Positive,Macro,True,True,Night,1
Facebook,Story,Entertainment,1537,79,499,43330,23,61175,3.46,5,Tuesday,0.0,1759,Positive,Mid-tier,True,False,Morning,1
LinkedIn,Poll,Fashion,1977,143,312,7966,54,383350,0.63,8,Tuesday,23.0,1956,Neutral,Macro,True,False,Morning,0
Twitter,Poll,Entertainment,1091,88,901,68602,50,213953,0.97,9,Tuesday,2.0,500,Neutral,Macro,True,False,Morning,0
Facebook,Video,Health,6752,40,284,14448,175,204883,3.45,11,Tuesday,1.0,48,Positive,Macro,True,False,Morning,1
Instagram,Reel,Fashion,7546,451,120,36764,702,456726,1.78,17,Tuesday,29.0,144,Negative,Macro,True,False,Evening,0
Instagram,Photo,Lifestyle,752,85,139,28580,479,136055,0.72,3,Wednesday,10.0,794,Positive,Macro,True,False,Night,0
YouTube,Video,Fashion,10417,178,1982,636929,507,59851,21.01,9,Wednesday,26.0,223,Positive,Mid-tier,True,False,Morning,1
Facebook,Live,Travel,7865,10,9,15829,119,165690,4.76,9,Wednesday,9.0,412,Positive,Macro,True,False,Morning,1
LinkedIn,Post,Technology,1217,20,234,18985,261,41905,3.51,10,Wednesday,28.0,587,Positive,Micro,True,False,Morning,1
Instagram,Story,Fashion,843,32,297,39033,36,240238,0.49,12,Wednesday,26.0,790,Negative,Macro,True,False,Afternoon,0
Facebook,Post,Health,6528,97,872,67815,391,77182,9.71,12,Wednesday,22.0,1748,Positive,Mid-tier,False,False,Afternoon,1
Facebook,Story,Health,5319,342,173,18745,699,160178,3.64,22,Wednesday,16.0,844,Positive,Macro,True,False,Night,1
TikTok,Video,Gaming,14765,195,3472,60504,337,51743,35.62,22,Wednesday,2.0,153,Positive,Mid-tier,True,False,Night,1
Facebook,Post,Fashion,2541,165,103,19379,577,225071,1.25,4,Thursday,17.0,531,Positive,Macro,True,False,Night,0
TikTok,Video,Gaming,28660,677,404,114620,1658,416665,7.14,5,Thursday,7.0,484,Neutral,Macro,True,True,Morning,1
Instagram,Carousel,Technology,9733,490,106,21482,808,485123,2.13,6,Thursday,4.0,520,Neutral,Macro,True,False,Morning,0
TikTok,Stitch,Technology,28907,1962,4369,73625,2004,153068,23.02,10,Thursday,26.0,375,Neutral,Macro,True,False,Morning,1
TikTok,Stitch,Education,40666,1602,2535,49511,160,309365,14.48,12,Thursday,4.0,375,Positive,Macro,True,False,Afternoon,1
Facebook,Live,Food,7080,227,747,34257,766,185745,4.34,14,Thursday,4.0,308,Positive,Macro,False,False,Afternoon,1
YouTube,Live,Fitness,16691,995,194,490139,142,21153,84.53,14,Thursday,16.0,52,Positive,Micro,True,False,Afternoon,1
Twitter,Poll,Fashion,4637,225,930,36079,153,345553,1.68,16,Thursday,12.0,1034,Neutral,Macro,True,False,Afternoon,0
TikTok,Video,Sports,7926,1019,4492,388615,2867,345102,3.89,18,Thursday,29.0,521,Neutral,Macro,True,False,Evening,1
Twitter,Poll,Health,4418,81,80,21243,406,262654,1.74,10,Friday,0.0,1505,Neutral,Macro,True,False,Morning,0
Twitter,Retweet,Business,4377,20,1882,43354,175,434861,1.44,11,Friday,4.0,769,Positive,Macro,True,False,Morning,0
Instagram,Story,Fashion,8384,423,24,47784,54,490381,1.8,14,Friday,3.0,1864,Positive,Macro,True,False,Afternoon,0
Twitter,Retweet,Food,3447,278,1849,72250,404,108253,5.15,19,Friday,19.0,1229,Neutral,Macro,True,True,Evening,1
Twitter,Poll,Business,727,180,1076,79919,117,170960,1.16,22,Friday,11.0,117,Neutral,Macro,True,False,Night,0
Twitter,Thread,Education,4345,278,1901,18991,213,349482,1.87,23,Friday,15.0,605,Neutral,Macro,False,False,Night,0
LinkedIn,Post,Business,1286,39,400,7410,58,478304,0.36,4,Saturday,18.0,1124,Neutral,Macro,True,False,Night,0
Twitter,Thread,Entertainment,859,130,868,28257,245,106752,1.74,11,Saturday,12.0,1130,Positive,Macro,True,False,Morning,0
Facebook,Story,Health,7596,81,22,77393,777,10947,70.33,14,Saturday,14.0,971,Negative,Micro,True,False,Afternoon,1
Instagram,Reel,Food,4374,298,120,16721,947,27864,17.2,17,Saturday,21.0,562,Positive,Micro,True,False,Evening,1
Twitter,Poll,Lifestyle,668,157,254,60486,21,446523,0.24,20,Saturday,10.0,476,Positive,Macro,False,False,Evening,0
YouTube,Live,Travel,17177,677,873,671534,550,183542,10.2,2,Sunday,16.0,44,Neutral,Macro,True,False,Night,1
YouTube,Community Post,Travel,353,65,405,181557,2853,335726,0.25,7,Sunday,24.0,850,Neutral,Macro,True,False,Morning,0
Facebook,Story,Lifestyle,6493,359,97,77270,307,474480,1.46,12,Sunday,8.0,1051,Positive,Macro,True,False,Afternoon,0
TikTok,Stitch,Education,35709,623,582,11563,2149,157432,23.45,13,Sunday,5.0,564,Positive,Macro,True,True,Afternoon,1
Twitter,Poll,Technology,79,34,1021,89366,248,423552,0.27,20,Sunday,29.0,452,Negative,Macro,False,False,Evening,0
Instagram,Reel,Fashion,9858,111,231,3171,741,337180,3.03,20,Sunday,6.0,297,Positive,Macro,True,False,Evening,1
LinkedIn,Document,Gaming,1056,143,411,14966,152,199951,0.81,3,Monday,12.0,787,Neutral,Macro,False,False,Night,0
YouTube,Live,Technology,15829,377,1060,401327,4915,40814,42.3,7,Monday,4.0,85,Neutral,Micro,True,False,Morning,1
Facebook,Post,Sports,7771,341,928,20515,244,177586,5.09,13,Monday,29.0,1593,Positive,Macro,True,True,Afternoon,1
Instagram,Reel,Travel,6371,423,281,42500,305,138202,5.12,14,Monday,24.0,198,Neutral,Macro,True,True,Afternoon,1
YouTube,Video,Travel,11394,877,1673,731806,1798,159913,8.72,21,Monday,25.0,552,Neutral,Macro,False,False,Night,1
Instagram,Carousel,Health,6424,258,298,24007,19,395850,1.76,22,Monday,19.0,563,Positive,Macro,True,True,Night,0
Facebook,Post,Fashion,3502,243,345,57662,628,5308,77.05,0,Tuesday,7.0,778,Positive,Nano,True,False,Night,1
YouTube,Live,Fitness,15782,166,651,781331,3956,119415,13.9,14,Tuesday,12.0,463,Neutral,Macro,True,True,Afternoon,1
LinkedIn,Document,Travel,1296,136,239,1318,247,18922,8.83,17,Tuesday,15.0,193,Negative,Micro,True,False,Evening,1
Facebook,Video,Fashion,3191,221,111,67835,461,178234,1.98,21,Tuesday,0.0,227,Positive,Macro,True,False,Night,0
Instagram,Reel,Education,7148,277,275,38153,604,458651,1.68,22,Tuesday,17.0,43,Positive,Macro,True,False,Night,0
Twitter,Thread,Travel,4127,210,169,96525,403,378073,1.19,22,Tuesday,21.0,1720,Neutral,Macro,True,True,Night,0
Facebook,Story,Travel,2133,353,136,8193,315,370423,0.71,1,Wednesday,21.0,452,Neutral,Macro,True,True,Night,0
TikTok,Duet,Fitness,25205,501,3641,430658,1269,461148,6.36,2,Wednesday,12.0,303,Positive,Macro,False,False,Night,1
Facebook,Post,Fashion,35,171,899,7214,627,169798,0.65,3,Wednesday,28.0,497,Positive,Macro,True,True,Night,0
TikTok,Stitch,Sports,43495,766,2004,402152,2552,221063,20.93,7,Wednesday,24.0,32,Neutral,Macro,True,False,Morning,1
Twitter,Retweet,Travel,4623,56,41,34667,59,137516,3.43,9,Wednesday,5.0,571,Neutral,Macro,True,False,Morning,1
Twitter,Tweet,Fitness,2088,185,809,59491,105,239208,1.29,9,Wednesday,12.0,1263,Positive,Macro,True,True,Morning,0
Instagram,Reel,Health,3346,271,42,19576,75,317696,1.15,12,Wednesday,15.0,442,Positive,Macro,True,False,Afternoon,0
Instagram,Photo,Technology,4180,368,2,4309,820,463902,0.98,13,Wednesday,16.0,1999,Positive,Macro,True,True,Afternoon,0
Instagram,Reel,Sports,5114,297,231,33990,81,68299,8.26,18,Wednesday,11.0,428,Positive,Mid-tier,True,False,Evening,1
Facebook,Story,Lifestyle,6761,252,351,16090,728,269389,2.73,1,Thursday,10.0,74,Neutral,Macro,True,True,Night,1
Instagram,Reel,Business,2844,329,266,32824,454,387758,0.89,4,Thursday,3.0,58,Neutral,Macro,False,False,Night,0
Twitter,Thread,Education,3550,279,1305,68778,75,208179,2.47,14,Thursday,4.0,95,Neutral,Macro,True,False,Afternoon,1
TikTok,Stitch,Food,6773,1752,3529,181113,2340,447966,2.69,14,Thursday,27.0,199,Positive,Macro,True,False,Afternoon,1
LinkedIn,Poll,Health,1656,137,356,27015,215,434224,0.49,14,Thursday,0.0,459,Positive,Macro,True,False,Afternoon,0
Instagram,Story,Fashion,9596,209,138,37440,905,253543,3.92,21,Thursday,12.0,268,Positive,Macro,False,False,Night,1
YouTube,Short,Lifestyle,7190,767,603,409117,3969,277190,3.09,1,Friday,27.0,181,Negative,Macro,True,False,Night,1
Twitter,Poll,Health,1970,226,1786,51629,475,15038,26.48,8,Friday,25.0,1877,Neutral,Micro,True,False,Morning,1
Twitter,Poll,Fashion,4569,84,1361,5889,474,219563,2.74,16,Friday,23.0,1465,Neutral,Macro,False,False,Afternoon,1
Facebook,Video,Fashion,1688,294,793,15048,198,181775,1.53,18,Friday,29.0,192,Positive,Macro,True,False,Evening,0
YouTube,Short,Technology,19857,990,1108,667477,3685,476620,4.61,15,Saturday,5.0,252,Positive,Macro,True,False,Afternoon,1
Facebook,Story,Fitness,7716,364,688,19194,199,40484,21.66,22,Saturday,26.0,666,Negative,Micro,True,False,Night,1
Twitter,Thread,Health,4752,153,17,91826,83,58933,8.35,2,Sunday,18.0,947,Neutral,Mid-tier,True,False,Night,1
Twitter,Tweet,Travel,3618,180,848,50725,123,360539,1.29,13,Sunday,5.0,555,Positive,Macro,True,True,Afternoon,0
Instagram,Photo,Lifestyle,7694,284,290,37569,52,106890,7.74,19,Sunday,17.0,1623,Neutral,Macro,False,False,Evening,1
Instagram,Photo,Food,7893,362,169,32238,230,78210,10.77,20,Sunday,12.0,129,Neutral,Mid-tier,False,False,Evening,1
Facebook,Video,Travel,6486,66,698,67951,350,272540,2.66,21,Sunday,8.0,505,Positive,Macro,True,False,Night,1
Instagram,Story,Food,3077,326,27,35441,322,363132,0.94,23,Sunday,16.0,55,Negative,Macro,True,False,Night,0
TikTok,Video,Lifestyle,11313,1419,2310,242012,2977,82502,18.23,1,Monday,27.0,172,Positive,Mid-tier,False,False,Night,1
Facebook,Live,Entertainment,6935,300,927,40646,730,324756,2.51,7,Monday,5.0,334,Positive,Macro,True,False,Morning,1
Twitter,Poll,Gaming,974,61,1909,98104,245,297810,0.99,9,Monday,12.0,1003,Negative,Macro,True,False,Morning,0
Facebook,Live,Sports,2883,300,764,53700,319,365645,1.08,12,Monday,4.0,558,Negative,Macro,True,True,Afternoon,0
LinkedIn,Poll,Health,1749,48,259,23678,176,354337,0.58,17,Monday,4.0,1325,Neutral,Macro,True,False,Evening,0
Facebook,Story,Health,5974,85,938,54005,713,434445,1.61,0,Tuesday,26.0,1058,Positive,Macro,True,False,Night,0
Instagram,Story,Fashion,1303,381,287,3709,487,29832,6.61,5,Tuesday,29.0,841,Positive,Micro,True,False,Morning,1
Instagram,Photo,Business,278,271,23,12522,994,382132,0.15,5,Tuesday,7.0,435,Positive,Macro,True,False,Morning,0
Instagram,Carousel,Health,1898,353,135,35429,450,23047,10.35,6,Tuesday,17.0,1672,Neutral,Micro,True,False,Morning,1
TikTok,Duet,Food,25014,1986,3456,153250,1772,386102,7.89,8,Tuesday,25.0,417,Positive,Macro,True,True,Morning,1
Instagram,Reel,Entertainment,1744,244,151,23166,427,412366,0.52,8,Tuesday,9.0,22,Positive,Macro,False,False,Morning,0
Twitter,Poll,Education,3277,228,532,49795,358,179443,2.25,10,Tuesday,9.0,1055,Neutral,Macro,False,True,Morning,0
Instagram,Carousel,Entertainment,5417,215,40,18159,652,402653,1.41,11,Tuesday,14.0,157,Neutral,Macro,True,False,Morning,0
TikTok,Stitch,Entertainment,13450,171,2045,453632,2496,306410,5.11,13,Tuesday,23.0,59,Positive,Macro,True,True,Afternoon,1
Twitter,Tweet,Technology,2315,255,1242,53195,333,472485,0.81,19,Tuesday,6.0,1713,Neutral,Macro,True,True,Evening,0
Facebook,Story,Lifestyle,2184,65,394,12030,365,72007,3.67,20,Tuesday,21.0,1755,Positive,Mid-tier,False,True,Evening,1
Facebook,Post,Gaming,4376,359,199,6491,617,486395,1.01,3,Wednesday,15.0,1216,Neutral,Macro,True,False,Night,0
TikTok,Duet,Education,13576,1401,3948,223403,898,42469,44.56,6,Wednesday,19.0,452,Negative,Micro,True,False,Morning,1
Twitter,Poll,Entertainment,1281,122,1441,55994,266,336449,0.85,5,Thursday,3.0,264,Positive,Macro,True,False,Morning,0
Instagram,Photo,Gaming,8096,208,22,25510,30,78348,10.63,14,Thursday,19.0,1702,Negative,Mid-tier,False,True,Afternoon,1
Instagram,Carousel,Technology,8643,84,131,45831,921,258174,3.43,19,Thursday,27.0,507,Positive,Macro,True,True,Evening,1
Instagram,Photo,Technology,5212,187,186,29736,749,180793,3.09,0,Friday,3.0,720,Neutral,Macro,True,True,Night,1
Twitter,Retweet,Business,2307,287,706,24184,363,5499,60.01,2,Friday,19.0,328,Negative,Nano,True,False,Night,1
Instagram,Reel,Education,6259,210,102,10770,894,138968,4.73,6,Friday,4.0,95,Neutral,Macro,True,False,Morning,1
TikTok,Video,Health,10349,273,2899,241149,2859,180160,7.5,13,Friday,3.0,223,Negative,Macro,True,True,Afternoon,1
Instagram,Carousel,Fitness,4991,143,54,1105,615,345675,1.5,15,Friday,24.0,203,Positive,Macro,True,True,Afternoon,0
Twitter,Tweet,Fitness,4014,143,1114,80311,50,36622,14.39,18,Friday,29.0,764,Negative,Micro,True,False,Evening,1
LinkedIn,Document,Education,1508,138,223,9888,289,394802,0.47,18,Friday,25.0,1815,Neutral,Macro,True,True,Evening,0
Instagram,Reel,Fitness,349,287,241,33831,947,218664,0.4,18,Friday,9.0,159,Neutral,Macro,True,False,Evening,0
TikTok,Duet,Business,18608,1454,3117,272391,423,259849,8.92,22,Friday,6.0,54,Positive,Macro,True,False,Night,1
LinkedIn,Document,Health,819,17,112,13627,98,100351,0.94,9,Saturday,18.0,1120,Neutral,Macro,True,True,Morning,0
Twitter,Thread,Business,2480,73,206,48674,280,438661,0.63,9,Saturday,7.0,802,Positive,Macro,True,False,Morning,0
LinkedIn,Post,Gaming,1439,45,446,28274,25,410264,0.47,10,Saturday,8.0,650,Negative,Macro,False,False,Morning,0
Instagram,Photo,Health,5662,439,6,10723,211,349704,1.75,15,Saturday,23.0,1370,Positive,Macro,False,False,Afternoon,0
Twitter,Retweet,Gaming,1337,190,1388,5383,158,82955,3.51,15,Saturday,16.0,1028,Positive,Mid-tier,False,False,Afternoon,1
TikTok,Video,Fashion,6698,377,778,451710,814,64565,12.16,18,Saturday,13.0,485,Positive,Mid-tier,True,True,Evening,1
Facebook,Video,Lifestyle,4371,73,711,7443,557,74405,6.93,21,Saturday,28.0,487,Positive,Mid-tier,True,False,Night,1
Instagram,Carousel,Education,6031,214,77,18735,589,9072,69.69,1,Sunday,15.0,240,Positive,Nano,True,True,Night,1
Facebook,Live,Fashion,7660,254,919,52754,561,339506,2.6,1,Sunday,23.0,296,Positive,Macro,True,False,Night,1
Twitter,Retweet,Education,1816,116,863,93167,269,22442,12.45,5,Sunday,25.0,1036,Positive,Micro,False,False,Morning,1
TikTok,Stitch,Education,21410,791,1742,210219,2883,150774,15.88,7,Sunday,7.0,487,Neutral,Macro,False,False,Morning,1
Instagram,Photo,Health,7949,354,175,29387,102,232464,3.65,12,Sunday,1.0,1973,Neutral,Macro,True,False,Afternoon,1
Facebook,Video,Gaming,5183,85,933,38819,435,60793,10.2,13,Sunday,25.0,501,Positive,Mid-tier,True,False,Afternoon,1
Facebook,Post,Lifestyle,7113,364,226,41811,123,356234,2.16,14,Sunday,1.0,1438,Positive,Macro,False,False,Afternoon,0
Instagram,Story,Lifestyle,7590,277,180,6195,518,24709,32.57,16,Sunday,7.0,1778,Neutral,Micro,True,False,Afternoon,1
Twitter,Poll,Gaming,1046,83,1291,85766,325,374528,0.65,20,Sunday,29.0,481,Neutral,Macro,True,True,Evening,0
Instagram,Reel,Education,4439,44,17,3551,212,212555,2.12,21,Sunday,27.0,131,Positive,Macro,True,False,Night,0
Twitter,Poll,Health,4308,128,293,20014,141,35776,13.22,3,Monday,8.0,966,Positive,Micro,False,False,Night,1
Twitter,Retweet,Entertainment,3502,53,1589,6565,104,342365,1.5,8,Monday,15.0,1654,Negative,Macro,True,False,Morning,0
Instagram,Story,Food,5738,87,270,45537,932,158802,3.84,12,Monday,11.0,349,Neutral,Macro,False,False,Afternoon,1
Instagram,Reel,Fitness,9190,147,57,12124,961,397666,2.36,13,Monday,17.0,562,Negative,Macro,True,False,Afternoon,1
LinkedIn,Document,Sports,139,64,30,12751,206,482073,0.05,19,Monday,2.0,1359,Neutral,Macro,True,False,Evening,0
LinkedIn,Post,Education,400,10,400,25883,260,382166,0.21,21,Monday,23.0,1391,Neutral,Macro,False,False,Night,0
Instagram,Photo,Gaming,8964,15,177,33592,329,18935,48.35,21,Monday,5.0,1274,Neutral,Micro,False,False,Night,1
LinkedIn,Poll,Technology,1877,17,368,16235,7,441910,0.51,23,Monday,28.0,1745,Positive,Macro,False,True,Night,0
Twitter,Poll,Lifestyle,544,231,1130,18857,382,442694,0.43,0,Tuesday,17.0,270,Neutral,Macro,False,False,Night,0
Instagram,Photo,Lifestyle,5014,421,263,6887,483,341293,1.67,6,Tuesday,18.0,840,Positive,Macro,True,False,Morning,0
Twitter,Tweet,Travel,412,51,748,63758,429,65991,1.84,10,Tuesday,29.0,1301,Neutral,Mid-tier,True,True,Morning,0
TikTok,Stitch,Gaming,10254,921,2247,170233,1957,165316,8.12,12,Tuesday,5.0,432,Positive,Macro,True,False,Afternoon,1
TikTok,Duet,Fitness,47811,1339,3748,467081,2571,223876,23.63,16,Tuesday,15.0,595,Neutral,Macro,True,False,Afternoon,1
TikTok,Video,Fitness,10473,473,1791,382987,2838,20341,62.62,16,Tuesday,20.0,107,Positive,Micro,True,False,Afternoon,1
Twitter,Tweet,Technology,4619,77,34,14750,344,467582,1.01,17,Tuesday,18.0,707,Positive,Macro,True,False,Evening,0
TikTok,Video,Business,2305,439,1491,57633,895,444958,0.95,18,Tuesday,4.0,345,Neutral,Macro,True,False,Evening,0
Facebook,Post,Gaming,3561,130,703,7029,111,382170,1.15,21,Tuesday,0.0,1341,Neutral,Macro,False,False,Night,0
Instagram,Reel,Sports,2294,248,119,21477,917,27654,9.62,7,Wednesday,25.0,181,Positive,Micro,True,False,Morning,1
TikTok,Video,Education,7989,642,2283,248808,1192,199692,5.47,9,Wednesday,3.0,149,Positive,Macro,False,False,Morning,1
Twitter,Thread,Fashion,1585,267,1255,16164,451,1325,234.49,14,Wednesday,23.0,650,Positive,Nano,True,True,Afternoon,1
TikTok,Stitch,Health,29928,949,3729,53754,1677,420092,8.24,19,Wednesday,5.0,364,Positive,Macro,False,False,Evening,1
Instagram,Story,Business,6008,415,272,32168,81,149962,4.46,22,Wednesday,27.0,665,Positive,Macro,True,True,Night,1
LinkedIn,Document,Fashion,146,27,178,1218,217,390452,0.09,22,Wednesday,5.0,1369,Positive,Macro,True,False,Night,0
TikTok,Duet,Entertainment,25323,155,2828,67993,174,75031,37.73,0,Thursday,3.0,247,Positive,Mid-tier,True,True,Night,1
Facebook,Live,Technology,6230,44,825,53654,128,50920,13.94,2,Thursday,1.0,267,Negative,Mid-tier,True,True,Night,1
LinkedIn,Document,Business,1938,14,486,5454,237,183807,1.33,2,Thursday,12.0,770,Neutral,Macro,False,True,Night,0
Instagram,Reel,Food,913,40,38,3555,23,248223,0.4,15,Thursday,16.0,51,Negative,Macro,True,False,Afternoon,0
LinkedIn,Document,Sports,1318,145,330,18661,64,153052,1.17,18,Thursday,13.0,109,Positive,Macro,True,True,Evening,0
Instagram,Photo,Entertainment,1264,393,216,44906,95,57163,3.28,22,Thursday,4.0,279,Negative,Mid-tier,False,False,Night,1
Instagram,Carousel,Fashion,6151,300,138,34046,413,338647,1.95,23,Thursday,24.0,327,Negative,Macro,True,False,Night,0
TikTok,Stitch,Education,49712,1837,2541,270620,2755,229596,23.56,23,Thursday,0.0,439,Positive,Macro,True,False,Night,1
Facebook,Story,Technology,3344,314,728,30273,745,84322,5.2,3,Friday,2.0,782,Neutral,Mid-tier,True,True,Night,1
LinkedIn,Post,Business,1135,48,51,19524,63,450744,0.27,3,Friday,11.0,1390,Positive,Macro,False,False,Night,0
Facebook,Story,Food,806,175,736,55276,31,267054,0.64,5,Friday,29.0,710,Positive,Macro,True,False,Morning,0
Instagram,Story,Technology,2936,164,77,20647,648,184675,1.72,6,Friday,18.0,1993,Neutral,Macro,True,True,Morning,0
Instagram,Story,Gaming,7304,146,135,40396,800,203818,3.72,7,Friday,6.0,155,Positive,Macro,True,False,Morning,1
Instagram,Photo,Fitness,490,119,125,35571,660,94558,0.78,9,Friday,28.0,454,Negative,Mid-tier,True,False,Morning,0
Instagram,Photo,Health,8235,417,260,39290,365,375513,2.37,10,Friday,19.0,581,Positive,Macro,False,False,Morning,1
Instagram,Photo,Gaming,9619,478,237,14296,22,350853,2.95,15,Friday,10.0,152,Positive,Macro,True,False,Afternoon,1
Twitter,Tweet,Sports,1375,153,354,64211,162,389290,0.48,16,Friday,4.0,473,Neutral,Macro,True,False,Afternoon,0
Facebook,Post,Travel,6503,123,217,53846,514,125685,5.44,22,Friday,26.0,1069,Negative,Macro,True,False,Night,1
YouTube,Short,Fitness,7036,379,413,999256,355,169196,4.63,5,Saturday,19.0,356,Negative,Macro,False,False,Morning,1
Facebook,Live,Fitness,1921,321,53,37778,162,449084,0.51,8,Saturday,14.0,194,Neutral,Macro,True,True,Morning,0
Instagram,Carousel,Fashion,5673,499,160,45395,242,402743,1.57,13,Saturday,0.0,637,Neutral,Macro,False,False,Afternoon,0
Facebook,Video,Lifestyle,7669,174,567,13618,127,386008,2.18,14,Saturday,22.0,405,Positive,Macro,False,False,Afternoon,0
Twitter,Retweet,Gaming,492,247,1165,11714,221,37288,5.11,18,Saturday,6.0,1077,Neutral,Micro,True,False,Evening,1
TikTok,Duet,Food,49414,1645,2766,169134,628,478855,11.24,22,Saturday,2.0,368,Positive,Macro,True,False,Night,1
Instagram,Photo,Education,585,417,69,12469,605,168314,0.64,3,Sunday,20.0,1551,Negative,Macro,True,False,Night,0
Instagram,Carousel,Food,9973,31,94,551,328,59449,16.99,7,Sunday,0.0,254,Neutral,Mid-tier,False,False,Morning,1
YouTube,Short,Travel,4846,225,1794,69147,181,436895,1.57,13,Sunday,5.0,141,Positive,Macro,True,True,Afternoon,0
Instagram,Reel,Fitness,2098,113,126,26163,215,79312,2.95,13,Sunday,0.0,47,Neutral,Mid-tier,True,True,Afternoon,1
Instagram,Photo,Travel,9974,73,221,37742,735,401380,2.56,13,Sunday,0.0,688,Positive,Macro,True,False,Afternoon,1
Twitter,Poll,Food,3891,216,1097,83801,31,54175,9.61,16,Sunday,3.0,1515,Neutral,Mid-tier,True,False,Afternoon,1
Instagram,Reel,Food,8612,79,79,10482,786,369673,2.37,19,Sunday,20.0,61,Positive,Macro,True,True,Evening,1
Twitter,Tweet,Lifestyle,2912,55,1849,46104,466,114539,4.2,1,Monday,6.0,1505,Positive,Macro,True,True,Night,1
Twitter,Thread,Business,4454,18,58,79959,176,119716,3.78,9,Monday,28.0,241,Neutral,Macro,True,True,Morning,1
TikTok,Video,Health,10214,647,3028,159672,2283,465517,2.98,11,Monday,28.0,74,Positive,Macro,True,False,Morning,1
Instagram,Reel,Technology,1343,432,62,19095,534,218701,0.84,14,Monday,19.0,134,Positive,Macro,True,False,Afternoon,0
LinkedIn,Post,Fitness,1891,8,153,14203,215,244865,0.84,15,Monday,27.0,434,Neutral,Macro,True,True,Afternoon,0
Facebook,Live,Food,7069,127,930,5426,126,180169,4.51,20,Monday,19.0,120,Positive,Macro,True,False,Evening,1
LinkedIn,Post,Fashion,1841,74,112,27994,78,411466,0.49,23,Monday,2.0,1191,Positive,Macro,True,False,Night,0
LinkedIn,Document,Gaming,907,72,111,29881,133,73721,1.48,23,Monday,1.0,1331,Negative,Mid-tier,True,False,Night,0
Facebook,Post,Gaming,2597,388,917,53075,52,357349,1.09,5,Tuesday,6.0,969,Negative,Macro,True,True,Morning,0
Twitter,Poll,Lifestyle,3762,272,125,1765,408,122001,3.41,5,Tuesday,9.0,407,Positive,Macro,True,False,Morning,1
Instagram,Carousel,Food,7837,57,7,45786,91,490787,1.61,6,Tuesday,11.0,1542,Positive,Macro,True,True,Morning,0
Instagram,Carousel,Education,8834,360,14,44346,25,331012,2.78,10,Tuesday,27.0,852,Positive,Macro,True,False,Morning,1
LinkedIn,Document,Entertainment,509,29,353,6131,270,424553,0.21,12,Tuesday,17.0,474,Negative,Macro,True,True,Afternoon,0
Twitter,Tweet,Business,3547,159,1277,96201,82,261388,1.91,14,Tuesday,7.0,553,Positive,Macro,True,False,Afternoon,0
Twitter,Tweet,Lifestyle,4002,235,35,90937,490,398112,1.07,17,Tuesday,8.0,1928,Neutral,Macro,True,False,Evening,0
Facebook,Video,Fashion,7110,50,193,43342,703,241171,3.05,5,Wednesday,23.0,125,Neutral,Macro,True,False,Morning,1
TikTok,Duet,Sports,1149,43,2331,71697,865,361654,0.97,7,Wednesday,2.0,99,Positive,Macro,True,True,Morning,0
Facebook,Live,Gaming,220,144,873,8040,174,332160,0.37,14,Wednesday,3.0,450,Neutral,Macro,True,False,Afternoon,0
LinkedIn,Post,Health,391,8,162,12666,122,301866,0.19,14,Wednesday,1.0,216,Neutral,Macro,True,False,Afternoon,0
Instagram,Story,Fitness,9815,121,276,11890,414,317167,3.22,16,Wednesday,9.0,1830,Positive,Macro,False,False,Afternoon,1
Instagram,Story,Technology,7492,355,296,20112,581,318817,2.55,18,Wednesday,11.0,1985,Negative,Macro,True,True,Evening,1
YouTube,Community Post,Gaming,5306,978,1405,218022,3347,340778,2.26,21,Wednesday,19.0,1140,Positive,Macro,True,True,Night,0
Twitter,Retweet,Travel,3240,73,1520,85553,311,75455,6.41,23,Wednesday,14.0,332,Negative,Mid-tier,False,True,Night,1
Instagram,Video,Sports,9015,395,173,8709,244,434566,2.21,1,Thursday,28.0,67,Neutral,Macro,True,False,Night,0
YouTube,Community Post,Fitness,10365,498,1721,143857,299,331039,3.8,17,Thursday,15.0,498,Neutral,Macro,True,False,Evening,1
Instagram,Photo,Lifestyle,2711,423,295,23259,325,29422,11.65,0,Friday,19.0,464,Positive,Micro,True,False,Night,1
Instagram,Carousel,Food,4686,118,80,24586,115,275111,1.78,11,Friday,24.0,849,Neutral,Macro,True,True,Morning,0
Facebook,Post,Education,7682,246,943,64168,26,17482,50.74,18,Friday,16.0,548,Negative,Micro,True,False,Evening,1
Instagram,Reel,Technology,2180,46,157,37008,462,44298,5.38,18,Friday,4.0,493,Negative,Micro,False,False,Evening,1
Instagram,Photo,Food,2576,115,125,33168,440,316131,0.89,18,Friday,0.0,128,Positive,Macro,True,False,Evening,0
LinkedIn,Document,Business,958,107,445,14512,40,253952,0.59,19,Friday,12.0,1977,Negative,Macro,True,False,Evening,0
Twitter,Poll,Gaming,1843,246,391,32408,217,143115,1.73,20,Friday,10.0,1591,Neutral,Macro,False,True,Evening,0
Twitter,Thread,Business,3158,298,1697,12766,188,269114,1.91,21,Friday,0.0,374,Neutral,Macro,True,True,Night,0
TikTok,Video,Sports,11143,1388,1978,441303,115,303900,4.77,22,Friday,20.0,407,Neutral,Macro,True,False,Night,1
Facebook,Video,Sports,6230,72,952,30027,731,359085,2.02,2,Saturday,8.0,276,Neutral,Macro,True,False,Night,0
Instagram,Photo,Sports,3147,445,254,42680,651,378718,1.02,3,Saturday,11.0,1886,Negative,Macro,True,False,Night,0
Instagram,Reel,Health,3131,498,235,16157,253,88978,4.34,6,Saturday,9.0,393,Neutral,Mid-tier,True,False,Morning,1
Twitter,Retweet,Sports,312,68,832,43019,53,199315,0.61,10,Saturday,11.0,277,Neutral,Macro,True,True,Morning,0
Facebook,Live,Lifestyle,7812,243,257,46791,227,142962,5.81,17,Saturday,10.0,199,Neutral,Macro,True,False,Evening,1
TikTok,Duet,Fitness,2602,1231,301,67325,1074,40152,10.3,19,Saturday,3.0,546,Neutral,Micro,True,False,Evening,1
TikTok,Video,Health,8874,680,4653,400037,1235,30480,46.61,20,Saturday,5.0,288,Positive,Micro,True,False,Evening,1
YouTube,Video,Entertainment,3906,139,383,671951,2114,397979,1.11,21,Saturday,18.0,86,Neutral,Macro,True,False,Night,0
YouTube,Community Post,Travel,16106,68,1190,326402,2906,166300,10.44,22,Saturday,20.0,633,Negative,Macro,True,False,Night,1
LinkedIn,Article,Health,211,137,486,18492,52,411961,0.2,0,Sunday,28.0,333,Positive,Macro,False,False,Night,0
YouTube,Video,Technology,10096,105,1791,300100,4381,150929,7.95,3,Sunday,7.0,549,Positive,Macro,True,False,Night,1
Facebook,Live,Gaming,2126,66,628,59864,111,231785,1.22,3,Sunday,18.0,31,Neutral,Macro,False,False,Night,0
Twitter,Poll,Food,4306,133,1491,6605,177,280658,2.11,3,Sunday,25.0,621,Neutral,Macro,True,False,Night,0
Instagram,Reel,Technology,7962,344,287,40470,542,469598,1.83,11,Sunday,22.0,139,Positive,Macro,True,False,Morning,0
TikTok,Duet,Gaming,33818,68,2838,41368,2815,264615,13.88,13,Sunday,2.0,307,Positive,Macro,True,False,Afternoon,1
TikTok,Video,Food,697,654,4563,282169,2952,490404,1.21,13,Sunday,3.0,524,Neutral,Macro,True,False,Afternoon,0
Twitter,Poll,Food,4628,92,432,27595,437,300922,1.71,20,Sunday,13.0,1582,Neutral,Macro,True,True,Evening,0
TikTok,Video,Entertainment,21207,966,2134,387476,1165,330289,7.36,22,Sunday,15.0,106,Neutral,Macro,True,False,Night,1
TikTok,Stitch,Gaming,42518,786,1270,271902,317,343035,12.99,0,Monday,11.0,361,Positive,Macro,True,False,Night,1
Twitter,Thread,Food,2171,112,432,21948,73,345104,0.79,0,Monday,19.0,324,Positive,Macro,True,False,Night,0
Twitter,Retweet,Education,762,77,264,20992,204,264140,0.42,2,Monday,11.0,1290,Positive,Macro,True,False,Night,0
Twitter,Thread,Education,978,152,1456,61012,471,409966,0.63,4,Monday,6.0,329,Neutral,Macro,True,False,Night,0
Twitter,Tweet,Health,4145,24,1545,42534,225,446349,1.28,12,Monday,4.0,1685,Positive,Macro,True,False,Afternoon,0
LinkedIn,Document,Education,1014,147,385,16990,113,116359,1.33,12,Monday,3.0,714,Neutral,Macro,True,True,Afternoon,0
LinkedIn,Document,Health,1436,65,445,16767,47,180422,1.08,15,Monday,11.0,1034,Neutral,Macro,False,False,Afternoon,0
YouTube,Short,Sports,13220,590,1307,488182,4624,185785,8.14,17,Monday,6.0,93,Positive,Macro,True,False,Evening,1
Instagram,Photo,Education,9055,314,238,30229,349,186467,5.15,22,Monday,14.0,108,Positive,Macro,True,False,Night,1
LinkedIn,Article,Gaming,1687,90,303,5917,139,7817,26.61,0,Tuesday,28.0,1595,Positive,Nano,True,True,Night,1
Facebook,Story,Education,2278,360,53,28210,687,228527,1.18,3,Tuesday,8.0,1152,Neutral,Macro,True,True,Night,0
Instagram,Carousel,Health,5505,71,139,18661,976,447467,1.28,3,Tuesday,16.0,224,Neutral,Macro,True,False,Night,0
Instagram,Carousel,Health,1670,50,48,24264,488,319928,0.55,8,Tuesday,19.0,315,Positive,Macro,True,False,Morning,0
Instagram,Carousel,Gaming,2928,89,25,17832,872,242614,1.25,13,Tuesday,5.0,1845,Neutral,Macro,True,False,Afternoon,0
Facebook,Live,Health,4987,314,177,23520,522,236677,2.31,15,Tuesday,3.0,490,Neutral,Macro,True,True,Afternoon,1
Twitter,Retweet,Travel,1361,159,509,15525,104,199556,1.02,21,Tuesday,11.0,1631,Positive,Macro,False,False,Night,0
Twitter,Tweet,Travel,1203,123,76,63518,464,205864,0.68,0,Wednesday,12.0,861,Positive,Macro,True,False,Night,0
Twitter,Tweet,Food,4141,249,1925,7864,231,287521,2.2,3,Wednesday,15.0,226,Positive,Macro,False,False,Night,0
Twitter,Poll,Lifestyle,4097,28,77,84040,165,218361,1.92,4,Wednesday,28.0,218,Neutral,Macro,True,False,Night,0
Twitter,Tweet,Business,2047,99,1843,43320,43,276906,1.44,5,Wednesday,8.0,995,Positive,Macro,True,False,Morning,0
Twitter,Retweet,Business,2664,184,1267,6702,232,360948,1.14,8,Wednesday,15.0,175,Neutral,Macro,True,False,Morning,0
Instagram,Photo,Gaming,6614,247,30,38614,510,353910,1.95,10,Wednesday,5.0,1975,Neutral,Macro,True,True,Morning,0
Facebook,Video,Fitness,6139,54,597,47235,730,118923,5.71,11,Wednesday,6.0,226,Positive,Macro,True,False,Morning,1
Instagram,Carousel,Lifestyle,2457,115,117,24108,260,118768,2.26,14,Wednesday,19.0,219,Neutral,Macro,True,False,Afternoon,0
Twitter,Tweet,Education,3378,67,919,19228,464,485841,0.9,15,Wednesday,7.0,1751,Positive,Macro,True,False,Afternoon,0
LinkedIn,Post,Technology,1883,9,5,6300,285,149818,1.27,18,Wednesday,5.0,1854,Neutral,Macro,True,False,Evening,0
Facebook,Story,Food,7032,396,701,42385,86,239635,3.39,20,Wednesday,12.0,119,Neutral,Macro,True,False,Evening,1
TikTok,Stitch,Technology,21470,1611,3868,416781,1704,272058,9.91,20,Wednesday,23.0,454,Neutral,Macro,True,False,Evening,1
Instagram,Photo,Travel,8149,350,45,49400,294,364978,2.34,16,Thursday,16.0,1329,Neutral,Macro,False,False,Afternoon,1
Facebook,Story,Gaming,7041,71,491,29433,774,372911,2.04,20,Thursday,0.0,88,Positive,Macro,True,False,Evening,0
LinkedIn,Poll,Business,715,110,414,18997,258,222983,0.56,8,Friday,19.0,1462,Neutral,Macro,True,False,Morning,0
Instagram,Story,Technology,1623,360,58,36661,986,323939,0.63,13,Friday,27.0,1869,Positive,Macro,True,False,Afternoon,0
YouTube,Community Post,Education,12763,331,1139,885529,4370,384074,3.71,17,Friday,1.0,1057,Negative,Macro,False,True,Evening,1
Twitter,Thread,Sports,763,20,1592,83293,278,39799,5.97,22,Friday,29.0,180,Negative,Micro,True,False,Night,1
Twitter,Poll,Food,4939,11,1115,62177,330,398038,1.52,23,Friday,29.0,792,Neutral,Macro,False,False,Night,0
TikTok,Video,Entertainment,35706,1095,3657,340817,2678,143760,28.14,4,Saturday,13.0,439,Neutral,Macro,True,False,Night,1
TikTok,Stitch,Gaming,11969,90,3706,490232,2763,329733,4.78,4,Saturday,13.0,98,Neutral,Macro,True,False,Night,1
Instagram,Carousel,Business,7213,427,161,19776,216,479207,1.63,5,Saturday,19.0,1412,Positive,Macro,False,False,Morning,0
Instagram,Carousel,Fashion,2711,195,30,22829,774,265334,1.11,6,Saturday,6.0,1072,Neutral,Macro,True,False,Morning,0
LinkedIn,Poll,Gaming,1115,64,379,16789,59,22584,6.9,8,Saturday,21.0,1607,Positive,Micro,False,False,Morning,1
TikTok,Stitch,Education,26428,921,2473,163691,1766,11947,249.62,14,Saturday,18.0,178,Neutral,Micro,True,False,Afternoon,1
Instagram,Photo,Business,5537,447,249,30762,925,187389,3.33,17,Saturday,9.0,1854,Positive,Macro,True,False,Evening,1
LinkedIn,Poll,Health,182,116,50,26326,73,153733,0.23,21,Saturday,14.0,861,Neutral,Macro,True,False,Night,0
TikTok,Duet,Entertainment,38280,566,4471,486239,919,294298,14.72,0,Sunday,13.0,583,Positive,Macro,True,False,Night,1
Instagram,Photo,Fashion,6814,48,133,29664,508,227386,3.08,3,Sunday,9.0,1785,Positive,Macro,False,False,Night,1
TikTok,Stitch,Health,47482,767,1792,427058,1124,285629,17.52,7,Sunday,24.0,296,Neutral,Macro,True,False,Morning,1
Facebook,Live,Education,3040,355,735,11804,690,344241,1.2,11,Sunday,14.0,148,Negative,Macro,True,False,Morning,0
Facebook,Post,Business,2934,126,360,45177,244,204871,1.67,12,Sunday,19.0,1703,Neutral,Macro,True,True,Afternoon,0
Twitter,Retweet,Lifestyle,256,216,1394,78085,382,239234,0.78,21,Sunday,22.0,1102,Positive,Macro,True,False,Night,0
Twitter,Tweet,Entertainment,1277,56,935,47371,244,347543,0.65,23,Sunday,26.0,791,Negative,Macro,True,False,Night,0
Instagram,Reel,Education,6813,50,78,34460,823,56612,12.26,0,Monday,15.0,159,Positive,Mid-tier,True,False,Night,1
Instagram,Reel,Entertainment,7641,52,57,22373,449,8595,90.17,6,Monday,23.0,100,Neutral,Nano,False,True,Morning,1
Instagram,Photo,Sports,325,214,140,6217,565,389995,0.17,7,Monday,19.0,400,Positive,Macro,True,False,Morning,0
YouTube,Video,Lifestyle,2994,869,408,288871,3812,108144,3.95,9,Monday,3.0,272,Neutral,Macro,True,False,Morning,1
TikTok,Duet,Technology,46393,1496,3832,490798,1984,226911,22.79,10,Monday,25.0,238,Neutral,Macro,True,True,Morning,1
LinkedIn,Document,Health,747,62,264,8803,257,324188,0.33,14,Monday,21.0,1067,Negative,Macro,True,False,Afternoon,0
Instagram,Reel,Health,2543,371,137,4076,942,404883,0.75,16,Monday,1.0,524,Positive,Macro,True,True,Afternoon,0
Facebook,Story,Gaming,4068,20,188,19636,138,160784,2.66,16,Monday,8.0,1303,Neutral,Macro,True,False,Afternoon,1
Instagram,Photo,Entertainment,6397,46,14,35981,283,181557,3.56,19,Monday,21.0,478,Neutral,Macro,True,True,Evening,1
Instagram,Reel,Education,4938,37,63,19588,180,84871,5.94,1,Tuesday,24.0,397,Negative,Mid-tier,True,False,Night,1
Twitter,Retweet,Gaming,4329,248,1646,27403,378,311711,2.0,4,Tuesday,8.0,1918,Neutral,Macro,True,False,Night,0
LinkedIn,Post,Entertainment,783,142,401,10108,51,386612,0.34,5,Tuesday,6.0,663,Positive,Macro,True,False,Morning,0
YouTube,Community Post,Entertainment,10847,52,1220,531933,3723,13672,88.64,6,Tuesday,29.0,320,Positive,Micro,False,True,Morning,1
TikTok,Video,Food,11783,924,2347,198320,1378,372878,4.04,18,Tuesday,11.0,189,Negative,Macro,True,True,Evening,1
Twitter,Thread,Fashion,4579,176,1734,77979,424,167155,3.88,19,Tuesday,22.0,1282,Neutral,Macro,False,False,Evening,1
Instagram,Reel,Lifestyle,6677,50,71,13435,801,344167,1.98,22,Tuesday,22.0,71,Negative,Macro,False,False,Night,0
Facebook,Post,Entertainment,3225,366,973,8250,187,112786,4.05,0,Wednesday,9.0,1547,Neutral,Macro,True,False,Night,1
TikTok,Stitch,Entertainment,39355,1790,3466,10738,1266,211562,21.09,3,Wednesday,22.0,490,Neutral,Macro,True,False,Night,1
LinkedIn,Document,Fitness,1167,149,482,19846,223,348735,0.52,5,Wednesday,13.0,1320,Neutral,Macro,True,False,Morning,0
Twitter,Poll,Education,3203,124,1490,74568,456,187973,2.56,8,Wednesday,17.0,134,Neutral,Macro,True,True,Morning,1
TikTok,Video,Health,47131,759,728,109720,1671,409917,11.86,14,Wednesday,15.0,484,Positive,Macro,True,False,Afternoon,1
YouTube,Live,Education,2479,565,1310,273654,3105,123126,3.54,15,Wednesday,19.0,257,Negative,Macro,True,True,Afternoon,1
Twitter,Thread,Education,2832,46,707,10402,218,188474,1.9,19,Wednesday,15.0,293,Neutral,Macro,False,False,Evening,0
Instagram,Story,Entertainment,3367,77,151,32756,78,49764,7.22,22,Wednesday,2.0,87,Positive,Micro,True,False,Night,1
LinkedIn,Article,Technology,1457,145,262,12277,16,395187,0.47,22,Wednesday,13.0,526,Positive,Macro,False,False,Night,0
Instagram,Reel,Health,1324,130,107,37543,631,193324,0.81,22,Wednesday,1.0,588,Neutral,Macro,True,True,Night,0
Twitter,Thread,Fitness,1230,134,37,7212,84,307435,0.46,23,Wednesday,28.0,1454,Positive,Macro,True,False,Night,0
Instagram,Carousel,Gaming,9966,48,226,38305,151,333056,3.07,1,Thursday,13.0,1503,Negative,Macro,True,False,Night,1
TikTok,Duet,Fitness,23725,59,3194,87307,2482,307496,8.77,2,Thursday,7.0,209,Neutral,Macro,True,False,Night,1
Twitter,Thread,Food,1625,116,267,14965,426,259749,0.77,5,Thursday,0.0,1681,Neutral,Macro,True,True,Morning,0
Instagram,Story,Education,6540,29,209,25492,524,319727,2.12,8,Thursday,10.0,1696,Neutral,Macro,False,False,Morning,0
Facebook,Post,Fashion,6881,279,534,11334,790,102711,7.49,12,Thursday,5.0,1173,Positive,Macro,True,False,Afternoon,1
Instagram,Story,Technology,138,422,256,23021,223,47078,1.73,14,Thursday,29.0,296,Neutral,Micro,True,False,Afternoon,0
Twitter,Poll,Health,3081,153,1350,41149,68,132809,3.45,14,Thursday,3.0,306,Negative,Macro,True,False,Afternoon,1
Instagram,Photo,Fitness,8068,373,63,45649,478,188807,4.5,15,Thursday,15.0,556,Positive,Macro,True,False,Afternoon,1
Instagram,Photo,Fashion,1401,329,263,40458,765,396637,0.5,18,Thursday,11.0,445,Negative,Macro,True,False,Evening,0
Facebook,Video,Health,1062,311,449,14421,684,364603,0.5,21,Thursday,20.0,520,Positive,Macro,True,False,Night,0
Instagram,Story,Health,2496,449,268,49303,664,431701,0.74,1,Friday,23.0,1303,Neutral,Macro,True,False,Night,0
LinkedIn,Post,Travel,1090,78,75,10972,283,230754,0.54,2,Friday,8.0,754,Neutral,Macro,True,False,Night,0
Facebook,Live,Fitness,6796,372,181,69682,640,379152,1.94,5,Friday,29.0,491,Positive,Macro,False,True,Morning,0
Facebook,Live,Gaming,705,384,613,56238,69,109542,1.55,6,Friday,28.0,335,Neutral,Macro,False,False,Morning,0
Facebook,Story,Fitness,5348,393,653,27245,505,163033,3.92,8,Friday,24.0,1836,Negative,Macro,True,False,Morning,1
Instagram,Reel,Travel,8064,226,105,21941,412,213380,3.93,13,Friday,25.0,482,Positive,Macro,True,False,Afternoon,1
Facebook,Post,Entertainment,6911,33,706,36502,275,373935,2.05,15,Friday,21.0,605,Neutral,Macro,True,True,Afternoon,0
Twitter,Tweet,Fitness,1763,274,1605,31075,25,70550,5.16,18,Friday,2.0,1653,Neutral,Mid-tier,False,True,Evening,1
Facebook,Story,Fitness,3701,255,754,7362,168,371194,1.27,21,Friday,10.0,901,Neutral,Macro,True,False,Night,0
Instagram,Photo,Entertainment,1657,223,124,48489,596,248915,0.81,0,Saturday,25.0,259,Positive,Macro,True,False,Night,0
TikTok,Video,Health,3155,667,1678,132615,1791,352872,1.56,4,Saturday,24.0,292,Positive,Macro,True,True,Night,0
TikTok,Stitch,Entertainment,47780,1167,2266,332535,2607,373456,13.71,10,Saturday,17.0,361,Positive,Macro,False,True,Morning,1
Twitter,Poll,Lifestyle,2861,164,1013,84146,104,45752,8.83,10,Saturday,14.0,1925,Positive,Micro,False,False,Morning,1
YouTube,Video,Gaming,2795,884,94,3639,4956,185642,2.03,12,Saturday,19.0,73,Positive,Macro,True,False,Afternoon,0
Instagram,Story,Entertainment,7966,301,59,18970,514,15732,52.92,13,Saturday,6.0,604,Negative,Micro,True,False,Afternoon,1
Twitter,Retweet,Fitness,3743,231,164,78093,253,489732,0.84,15,Saturday,17.0,490,Negative,Macro,True,False,Afternoon,0
Instagram,Photo,Lifestyle,2601,19,210,30973,541,324430,0.87,2,Sunday,4.0,1173,Neutral,Macro,True,False,Night,0
Twitter,Poll,Fashion,4649,74,1781,58255,158,323741,2.01,4,Sunday,12.0,1969,Positive,Macro,False,False,Night,0
TikTok,Stitch,Fashion,9715,1643,1773,456027,1243,414499,3.17,4,Sunday,26.0,416,Neutral,Macro,False,True,Night,1
Facebook,Video,Fitness,1737,145,321,79891,239,33301,6.62,9,Sunday,28.0,564,Positive,Micro,True,False,Morning,1
LinkedIn,Article,Fitness,1911,61,164,19491,75,101322,2.11,18,Sunday,20.0,1359,Neutral,Macro,False,False,Evening,0
Twitter,Thread,Gaming,461,272,1605,83263,187,378535,0.62,18,Sunday,22.0,877,Neutral,Macro,True,False,Evening,0
YouTube,Video,Education,15427,609,957,546061,1191,56743,29.95,21,Sunday,5.0,120,Positive,Mid-tier,False,False,Night,1
TikTok,Stitch,Fashion,8285,1227,40,48406,1788,299740,3.19,0,Monday,9.0,95,Negative,Macro,True,False,Night,1
Instagram,Reel,Technology,2541,219,106,40272,306,357428,0.8,4,Monday,21.0,413,Positive,Macro,False,False,Night,0
Twitter,Poll,Technology,2496,42,909,26587,397,48614,7.09,4,Monday,19.0,410,Neutral,Micro,True,False,Night,1
LinkedIn,Document,Fitness,218,1,107,2858,275,466722,0.07,5,Monday,8.0,854,Positive,Macro,False,False,Morning,0
Facebook,Post,Education,4219,34,667,58283,577,151121,3.26,6,Monday,21.0,1671,Positive,Macro,True,False,Morning,1
Twitter,Tweet,Lifestyle,3299,41,1124,25003,490,103746,4.3,18,Monday,12.0,1612,Neutral,Macro,True,False,Evening,1
TikTok,Stitch,Technology,28442,489,2201,262716,965,286300,10.87,21,Monday,14.0,320,Neutral,Macro,True,False,Night,1
YouTube,Live,Lifestyle,8177,683,1320,215816,3884,89244,11.41,1,Tuesday,24.0,422,Negative,Mid-tier,True,False,Night,1
Instagram,Photo,Fitness,8263,343,243,22744,915,488655,1.81,8,Tuesday,22.0,245,Negative,Macro,True,True,Morning,0
YouTube,Video,Technology,19111,552,346,877902,3381,321572,6.22,12,Tuesday,24.0,71,Neutral,Macro,True,False,Afternoon,1
Instagram,Carousel,Gaming,114,325,104,44808,679,49195,1.1,14,Tuesday,19.0,195,Neutral,Micro,True,False,Afternoon,0
Twitter,Thread,Food,2945,53,1016,25286,306,31847,12.6,3,Wednesday,28.0,180,Neutral,Micro,True,True,Night,1
TikTok,Stitch,Fashion,6690,722,452,223735,1201,255950,3.07,8,Wednesday,5.0,437,Negative,Macro,True,False,Morning,1
TikTok,Video,Fashion,28782,1832,3859,462739,2989,24779,139.12,19,Wednesday,10.0,306,Positive,Micro,True,False,Evening,1
Twitter,Retweet,Lifestyle,2305,23,1707,54974,62,52838,7.64,20,Wednesday,5.0,1677,Positive,Mid-tier,True,False,Evening,1
Instagram,Reel,Education,1211,341,63,20766,718,99532,1.62,1,Thursday,15.0,19,Positive,Mid-tier,True,False,Night,0
Facebook,Post,Health,5058,397,224,26975,83,420749,1.35,1,Thursday,15.0,1171,Positive,Macro,True,False,Night,0
Facebook,Video,Food,2367,170,348,77744,420,445376,0.65,3,Thursday,9.0,163,Neutral,Macro,False,False,Night,0
Facebook,Story,Education,7104,29,859,60458,136,94491,8.46,10,Thursday,18.0,1901,Negative,Mid-tier,True,False,Morning,1
TikTok,Stitch,Education,7173,1480,4348,186618,971,292565,4.44,11,Thursday,25.0,83,Positive,Macro,True,False,Morning,1
TikTok,Video,Sports,15700,1748,2477,197811,503,286054,6.97,11,Thursday,11.0,286,Neutral,Macro,True,False,Morning,1
Instagram,Reel,Food,6032,438,250,15479,690,93509,7.19,13,Thursday,25.0,491,Neutral,Mid-tier,True,True,Afternoon,1
Twitter,Poll,Health,2919,194,1771,50262,149,70375,6.94,15,Thursday,3.0,584,Positive,Mid-tier,True,False,Afternoon,1
Facebook,Live,Fitness,5223,375,835,74311,793,362709,1.77,18,Thursday,25.0,569,Neutral,Macro,True,False,Evening,0
Twitter,Tweet,Technology,2482,166,1940,80789,130,29652,15.47,22,Thursday,8.0,931,Positive,Micro,True,False,Night,1
Twitter,Retweet,Fitness,4859,62,1160,80229,56,87675,6.94,23,Thursday,28.0,942,Neutral,Mid-tier,True,False,Night,1
Twitter,Tweet,Gaming,1616,292,1902,85270,248,132909,2.87,1,Friday,16.0,731,Positive,Macro,False,True,Night,1
Twitter,Retweet,Business,3016,71,1188,94321,499,237057,1.8,4,Friday,14.0,122,Neutral,Macro,True,False,Night,0
LinkedIn,Article,Fashion,1861,102,494,7406,28,201634,1.22,5,Friday,3.0,1808,Neutral,Macro,True,True,Morning,0
Instagram,Reel,Entertainment,2088,55,260,35493,931,18802,12.78,6,Friday,22.0,266,Negative,Micro,True,True,Morning,1
Instagram,Photo,Entertainment,8889,144,42,46553,291,256225,3.54,13,Friday,0.0,1434,Positive,Macro,True,False,Afternoon,1
Twitter,Retweet,Business,3388,138,795,94517,15,488363,0.88,20,Friday,25.0,1795,Positive,Macro,True,True,Evening,0
Facebook,Video,Travel,711,259,283,18832,415,455946,0.27,4,Saturday,28.0,427,Neutral,Macro,False,False,Night,0
Instagram,Story,Fashion,5702,94,234,12490,890,441719,1.37,4,Saturday,8.0,941,Neutral,Macro,True,False,Night,0
TikTok,Video,Fashion,13376,903,4274,377716,2836,451624,4.11,6,Saturday,10.0,109,Positive,Macro,False,False,Morning,1
Facebook,Story,Technology,6836,157,363,47114,767,143707,5.12,8,Saturday,17.0,568,Neutral,Macro,True,False,Morning,1
LinkedIn,Post,Technology,450,135,261,15770,52,323431,0.26,10,Saturday,13.0,549,Negative,Macro,True,False,Morning,0
LinkedIn,Poll,Business,541,126,353,21021,91,478617,0.21,15,Saturday,7.0,1684,Neutral,Macro,True,False,Afternoon,0
TikTok,Duet,Fashion,24254,1022,1768,163757,1926,128448,21.05,2,Sunday,14.0,584,Negative,Macro,True,False,Night,1
Facebook,Post,Health,5374,246,322,48376,548,295782,2.01,7,Sunday,15.0,1983,Positive,Macro,True,True,Morning,0
LinkedIn,Poll,Education,681,39,177,23552,71,190490,0.47,8,Sunday,19.0,93,Positive,Macro,True,False,Morning,0
Instagram,Story,Business,6447,263,183,26951,983,116815,5.9,19,Sunday,1.0,963,Positive,Macro,True,True,Evening,1
Instagram,Reel,Lifestyle,1868,136,73,25891,913,167507,1.24,0,Monday,6.0,427,Positive,Macro,True,True,Night,0
Instagram,Story,Education,2125,125,94,46408,633,338628,0.69,3,Monday,26.0,326,Neutral,Macro,True,False,Night,0
LinkedIn,Poll,Food,887,4,475,21015,182,329158,0.41,4,Monday,24.0,1124,Neutral,Macro,False,False,Night,0
Facebook,Post,Fashion,5148,132,72,41594,736,31527,16.98,13,Monday,17.0,559,Negative,Micro,True,True,Afternoon,1
Facebook,Live,Business,3968,241,338,11662,415,300159,1.51,14,Monday,8.0,58,Neutral,Macro,False,False,Afternoon,0
Twitter,Retweet,Gaming,2916,101,1586,29987,397,47997,9.59,18,Monday,27.0,967,Positive,Micro,True,True,Evening,1
Facebook,Live,Travel,7476,35,280,24441,623,146666,5.31,20,Monday,14.0,296,Negative,Macro,True,False,Evening,1
Instagram,Story,Gaming,2324,427,73,10982,539,201362,1.4,3,Tuesday,10.0,846,Positive,Macro,True,False,Night,0
Instagram,Story,Education,8896,215,286,38834,527,28000,33.56,8,Tuesday,27.0,1977,Positive,Micro,True,False,Morning,1
Instagram,Carousel,Gaming,9023,158,222,2916,967,235924,3.99,8,Tuesday,15.0,133,Positive,Macro,True,False,Morning,1
Twitter,Retweet,Gaming,1319,179,348,88470,51,101002,1.83,11,Tuesday,2.0,925,Neutral,Macro,True,True,Morning,0
Twitter,Poll,Gaming,3684,122,1583,37497,78,12124,44.45,13,Tuesday,13.0,1554,Neutral,Micro,True,False,Afternoon,1
Twitter,Retweet,Fitness,1394,48,274,58263,315,388954,0.44,19,Tuesday,14.0,1903,Negative,Macro,True,True,Evening,0
YouTube,Short,Business,9247,174,310,331101,2775,317555,3.06,9,Wednesday,12.0,186,Positive,Macro,False,False,Morning,1
Facebook,Post,Education,3860,246,114,64667,590,386431,1.09,9,Wednesday,7.0,194,Positive,Macro,True,False,Morning,0
TikTok,Stitch,Lifestyle,49243,1657,737,464394,2598,467759,11.04,12,Wednesday,25.0,431,Neutral,Macro,False,True,Afternoon,1
Facebook,Post,Food,4534,385,445,55949,454,167599,3.2,13,Wednesday,19.0,1626,Negative,Macro,True,False,Afternoon,1
Twitter,Poll,Lifestyle,3115,212,226,97857,110,118474,3.0,13,Wednesday,6.0,1491,Positive,Macro,True,False,Afternoon,1
Facebook,Story,Entertainment,2508,280,991,41547,365,74228,5.09,19,Wednesday,15.0,1040,Positive,Mid-tier,True,False,Evening,1
Facebook,Post,Gaming,1835,144,177,72320,685,217569,0.99,20,Wednesday,28.0,626,Negative,Macro,True,False,Evening,0
TikTok,Duet,Gaming,701,997,1862,441850,2304,342173,1.04,23,Wednesday,12.0,407,Neutral,Macro,True,True,Night,0
Twitter,Poll,Travel,1992,130,1798,56609,151,484923,0.81,0,Thursday,28.0,1922,Positive,Macro,True,False,Night,0
Facebook,Live,Gaming,5265,271,920,42071,60,436417,1.48,3,Thursday,1.0,494,Positive,Macro,True,True,Night,0
TikTok,Video,Education,27320,1021,85,17420,1978,480567,5.92,3,Thursday,21.0,139,Positive,Macro,True,False,Night,1
Instagram,Photo,Travel,8512,313,121,23574,728,343653,2.6,10,Thursday,9.0,497,Positive,Macro,True,True,Morning,1
Instagram,Story,Entertainment,1742,168,72,47590,231,344594,0.58,16,Thursday,4.0,1100,Positive,Macro,False,False,Afternoon,0
Twitter,Retweet,Education,61,148,70,61334,197,25770,1.08,17,Thursday,25.0,1247,Positive,Micro,True,True,Evening,0
Instagram,Carousel,Sports,3209,256,212,6474,40,181029,2.03,18,Thursday,17.0,1539,Positive,Macro,True,False,Evening,0
Facebook,Story,Lifestyle,5619,275,497,6783,507,493209,1.3,21,Thursday,10.0,1491,Neutral,Macro,True,False,Night,0
Twitter,Thread,Sports,3287,204,89,56103,34,40112,8.93,21,Thursday,26.0,263,Positive,Micro,True,True,Night,1
Instagram,Carousel,Technology,5750,201,273,17577,968,247240,2.52,22,Thursday,18.0,357,Positive,Macro,False,False,Night,1
Instagram,Photo,Lifestyle,7710,184,280,38536,527,234466,3.49,1,Friday,20.0,1145,Positive,Macro,True,False,Night,1
Twitter,Retweet,Lifestyle,4379,11,967,39428,275,396881,1.35,3,Friday,4.0,464,Positive,Macro,True,False,Night,0
LinkedIn,Post,Sports,864,26,422,12755,170,338075,0.39,14,Friday,18.0,1195,Neutral,Macro,True,False,Afternoon,0
Instagram,Photo,Education,3519,220,241,848,589,104225,3.82,17,Friday,17.0,574,Negative,Macro,True,False,Evening,1
Instagram,Story,Travel,5818,32,212,38350,726,116635,5.2,17,Friday,11.0,1656,Positive,Macro,True,False,Evening,1
Facebook,Video,Education,1885,155,897,49244,536,389974,0.75,20,Friday,11.0,256,Negative,Macro,True,False,Evening,0
Twitter,Poll,Travel,3590,238,720,44346,23,330069,1.38,2,Saturday,27.0,914,Negative,Macro,True,False,Night,0
LinkedIn,Post,Education,797,28,425,9396,108,327325,0.38,3,Saturday,5.0,1444,Neutral,Macro,True,False,Night,0
Twitter,Tweet,Gaming,1993,113,882,40941,422,242231,1.23,5,Saturday,1.0,1764,Neutral,Macro,True,True,Morning,0
Twitter,Retweet,Sports,226,295,1968,52025,475,7298,34.11,5,Saturday,9.0,1595,Negative,Nano,True,True,Morning,1
LinkedIn,Poll,Education,118,92,492,29539,64,277339,0.25,15,Saturday,1.0,1177,Neutral,Macro,True,True,Afternoon,0
Facebook,Story,Travel,3450,40,361,66063,325,457592,0.84,0,Sunday,8.0,915,Neutral,Macro,True,True,Night,0
YouTube,Short,Technology,5670,687,219,934671,257,192144,3.42,11,Sunday,1.0,154,Positive,Macro,True,True,Morning,1
Facebook,Video,Fashion,5210,309,682,68599,596,354405,1.75,11,Sunday,26.0,539,Positive,Macro,False,True,Morning,0
Instagram,Reel,Fashion,7387,138,42,27354,418,188183,4.02,12,Sunday,0.0,150,Negative,Macro,True,False,Afternoon,1
Twitter,Thread,Education,3781,130,713,35058,111,161033,2.87,14,Sunday,22.0,270,Positive,Macro,True,False,Afternoon,1
LinkedIn,Article,Travel,488,143,435,7285,185,201818,0.53,14,Sunday,3.0,577,Neutral,Macro,False,False,Afternoon,0
Twitter,Poll,Entertainment,2360,39,871,11619,499,142832,2.29,15,Sunday,14.0,1963,Positive,Macro,True,True,Afternoon,0
Facebook,Story,Fashion,4564,274,304,54520,165,492887,1.04,0,Monday,6.0,330,Positive,Macro,False,True,Night,0
YouTube,Live,Education,18599,956,1633,213568,1196,63404,33.42,2,Monday,21.0,236,Neutral,Mid-tier,True,False,Night,1
Twitter,Retweet,Business,2988,205,247,40278,428,270175,1.27,5,Monday,22.0,90,Positive,Macro,True,True,Morning,0
TikTok,Duet,Lifestyle,2804,413,1768,272869,2715,169425,2.94,5,Monday,5.0,220,Positive,Macro,True,True,Morning,1
Instagram,Photo,Fitness,8257,281,299,37929,297,461436,1.92,13,Monday,12.0,133,Neutral,Macro,True,False,Afternoon,0
Twitter,Thread,Business,1933,98,466,8806,250,491029,0.51,13,Monday,24.0,684,Positive,Macro,True,True,Afternoon,0
Facebook,Live,Fashion,3730,112,893,17537,278,256465,1.85,13,Monday,0.0,494,Positive,Macro,True,False,Afternoon,0
Instagram,Carousel,Health,9359,111,279,45683,979,356015,2.74,17,Monday,29.0,1549,Positive,Macro,True,False,Evening,1
Facebook,Live,Business,2395,276,387,44172,110,255829,1.2,6,Tuesday,27.0,191,Neutral,Macro,True,False,Morning,0
Instagram,Story,Fitness,981,286,207,48891,320,486061,0.3,7,Tuesday,27.0,676,Neutral,Macro,False,True,Morning,0
TikTok,Stitch,Travel,20363,898,2434,44459,2999,417137,5.68,7,Tuesday,29.0,590,Positive,Macro,True,True,Morning,1
Twitter,Retweet,Fitness,1641,193,331,77981,291,247692,0.87,9,Tuesday,17.0,1157,Neutral,Macro,True,False,Morning,0
Twitter,Thread,Education,731,52,443,78261,299,279929,0.44,10,Tuesday,20.0,1707,Positive,Macro,True,False,Morning,0
Instagram,Photo,Travel,8739,106,170,26064,591,22246,40.52,11,Tuesday,0.0,1060,Neutral,Micro,True,False,Morning,1
TikTok,Video,Gaming,919,1769,3042,399296,1327,126140,4.54,12,Tuesday,3.0,506,Neutral,Macro,True,False,Afternoon,1
Instagram,Photo,Education,3339,55,75,49087,434,209059,1.66,14,Tuesday,13.0,1649,Neutral,Macro,True,False,Afternoon,0
TikTok,Video,Food,18304,750,2822,492123,2513,480604,4.55,17,Tuesday,25.0,224,Negative,Macro,False,False,Evening,1
Instagram,Reel,Gaming,6205,343,205,13335,135,493979,1.37,20,Tuesday,23.0,188,Positive,Macro,False,False,Evening,0
YouTube,Short,Sports,2989,612,1690,549736,3636,123952,4.27,20,Tuesday,21.0,562,Neutral,Macro,True,False,Evening,1
Instagram,Carousel,Fashion,4424,63,114,46391,764,332286,1.38,22,Tuesday,10.0,175,Neutral,Macro,True,False,Night,0
Facebook,Video,Health,3643,325,567,31067,236,140174,3.24,22,Tuesday,25.0,540,Positive,Macro,True,False,Night,1
TikTok,Stitch,Travel,29695,997,2442,489949,809,75627,43.81,2,Wednesday,2.0,198,Negative,Mid-tier,True,False,Night,1
YouTube,Live,Technology,13688,609,664,66738,421,132540,11.29,6,Wednesday,10.0,263,Positive,Macro,True,False,Morning,1
Instagram,Photo,Travel,1105,269,14,24491,901,218712,0.63,6,Wednesday,8.0,1457,Neutral,Macro,True,True,Morning,0
Instagram,Photo,Fitness,6755,139,119,34085,69,35531,19.74,9,Wednesday,17.0,1540,Negative,Micro,True,False,Morning,1
YouTube,Community Post,Fitness,3809,555,177,371729,1922,341287,1.33,13,Wednesday,9.0,681,Negative,Macro,True,True,Afternoon,0
Facebook,Post,Entertainment,6825,179,738,2750,99,323715,2.39,19,Wednesday,9.0,1960,Positive,Macro,True,False,Evening,1
Instagram,Photo,Entertainment,5002,49,82,754,76,7749,66.24,1,Thursday,0.0,1216,Negative,Nano,True,False,Night,1
Instagram,Story,Health,8416,269,266,3956,720,173739,5.15,7,Thursday,18.0,340,Neutral,Macro,True,False,Morning,1
Twitter,Poll,Entertainment,233,93,1721,56704,45,132416,1.55,11,Thursday,11.0,1348,Positive,Macro,True,False,Morning,0
Facebook,Post,Entertainment,7348,115,34,2975,85,38735,19.35,12,Thursday,22.0,1393,Neutral,Micro,True,False,Afternoon,1
TikTok,Stitch,Sports,27389,1790,4767,473038,95,495082,6.86,18,Thursday,22.0,545,Negative,Macro,True,False,Evening,1
TikTok,Video,Fashion,8229,1852,463,425257,623,235881,4.47,1,Friday,7.0,466,Neutral,Macro,True,True,Night,1
TikTok,Duet,Entertainment,11965,514,4155,364932,1532,289113,5.75,12,Friday,9.0,239,Positive,Macro,True,True,Afternoon,1
LinkedIn,Article,Health,230,129,244,8597,176,177256,0.34,12,Friday,28.0,1734,Positive,Macro,True,False,Afternoon,0
YouTube,Live,Business,6639,926,845,540877,3627,150405,5.59,14,Friday,6.0,424,Positive,Macro,True,True,Afternoon,1
LinkedIn,Document,Fitness,66,110,309,22465,242,275028,0.18,8,Saturday,3.0,1642,Neutral,Macro,True,False,Morning,0
Facebook,Story,Technology,1863,299,458,40824,340,56873,4.61,12,Saturday,27.0,1277,Positive,Mid-tier,True,False,Afternoon,1
Instagram,Photo,Gaming,1534,307,180,6625,534,89616,2.26,15,Saturday,2.0,153,Positive,Mid-tier,True,True,Afternoon,0
Twitter,Thread,Business,847,138,1261,11354,256,158524,1.42,15,Saturday,14.0,510,Positive,Macro,True,True,Afternoon,0
Twitter,Poll,Fashion,2317,96,1324,1183,264,176259,2.12,22,Saturday,28.0,1677,Negative,Macro,True,False,Night,0
Instagram,Photo,Food,3705,183,171,29330,518,124015,3.27,2,Sunday,10.0,1129,Neutral,Macro,True,True,Night,1
Instagram,Carousel,Technology,2429,156,283,12295,658,202674,1.42,3,Sunday,23.0,1700,Positive,Macro,True,False,Night,0
Instagram,Reel,Business,9484,174,284,44659,209,108625,9.15,9,Sunday,7.0,149,Positive,Macro,True,False,Morning,1
Twitter,Retweet,Fashion,699,263,1396,30520,362,208596,1.13,13,Sunday,17.0,1097,Negative,Macro,True,True,Afternoon,0
YouTube,Short,Sports,18329,597,462,540006,2849,470772,4.12,15,Sunday,24.0,305,Positive,Macro,False,True,Afternoon,1
Instagram,Carousel,Food,1547,161,90,26055,471,224769,0.8,16,Sunday,5.0,958,Positive,Macro,True,False,Afternoon,0
Instagram,Story,Education,8060,182,152,34096,568,119971,7.0,19,Sunday,12.0,1484,Neutral,Macro,True,False,Evening,1
Instagram,Story,Health,9719,285,60,11648,880,229734,4.38,0,Monday,1.0,1332,Neutral,Macro,True,False,Night,1
Twitter,Retweet,Travel,1090,208,1903,48553,487,210515,1.52,1,Monday,23.0,1369,Positive,Macro,True,False,Night,0
TikTok,Stitch,Technology,35068,465,55,276153,1983,433235,8.21,2,Monday,19.0,562,Negative,Macro,True,True,Night,1
Twitter,Poll,Gaming,4339,257,184,7163,116,18656,25.62,2,Monday,21.0,1428,Neutral,Micro,True,True,Night,1
Instagram,Story,Lifestyle,3653,465,110,18100,253,104789,4.03,11,Monday,9.0,213,Positive,Macro,False,False,Morning,1
Instagram,Photo,Fitness,7890,470,276,12381,543,217465,3.97,11,Monday,12.0,1824,Positive,Macro,True,True,Morning,1
Facebook,Video,Gaming,2914,60,47,6423,204,339270,0.89,13,Monday,4.0,333,Positive,Macro,True,False,Afternoon,0
YouTube,Live,Sports,1497,519,373,445281,1971,138010,1.73,14,Monday,22.0,269,Neutral,Macro,True,False,Afternoon,0
YouTube,Short,Food,2497,529,599,627901,2408,62515,5.8,22,Monday,13.0,526,Positive,Mid-tier,True,False,Night,1
Facebook,Live,Education,368,313,515,64653,379,192654,0.62,9,Tuesday,6.0,563,Neutral,Macro,True,False,Morning,0
TikTok,Stitch,Travel,18884,1972,4298,451918,1719,283907,8.86,17,Tuesday,22.0,209,Positive,Macro,True,True,Evening,1
Facebook,Post,Fitness,1327,360,651,48001,248,298491,0.78,17,Tuesday,13.0,1908,Neutral,Macro,False,False,Evening,0
LinkedIn,Document,Sports,1805,58,219,8687,237,370709,0.56,23,Tuesday,5.0,1548,Positive,Macro,True,False,Night,0
Instagram,Carousel,Health,325,35,9,20747,724,281272,0.13,0,Wednesday,16.0,1543,Positive,Macro,True,True,Night,0
LinkedIn,Post,Fashion,945,21,488,10123,269,370874,0.39,17,Wednesday,1.0,866,Positive,Macro,False,True,Evening,0
Twitter,Retweet,Gaming,3688,84,323,86058,418,34471,11.88,4,Thursday,27.0,1949,Negative,Micro,True,True,Night,1
Instagram,Reel,Technology,5211,369,160,11965,375,16536,34.71,5,Thursday,28.0,599,Positive,Micro,True,False,Morning,1
Instagram,Carousel,Travel,4556,288,81,37031,793,58304,8.45,7,Thursday,12.0,163,Neutral,Mid-tier,True,False,Morning,1
Facebook,Video,Sports,4947,104,941,3852,656,382673,1.57,16,Thursday,6.0,571,Positive,Macro,True,True,Afternoon,0
Instagram,Photo,Gaming,728,251,32,40678,629,295456,0.34,17,Thursday,0.0,1133,Neutral,Macro,True,False,Evening,0
Twitter,Tweet,Food,4694,5,1764,97256,294,37685,17.15,17,Thursday,12.0,1118,Neutral,Micro,True,False,Evening,1
Facebook,Story,Food,5333,351,566,33657,623,86337,7.24,2,Friday,29.0,1654,Neutral,Mid-tier,True,True,Night,1
Facebook,Live,Gaming,55,25,657,31675,478,374825,0.2,11,Friday,25.0,113,Neutral,Macro,True,False,Morning,0
Facebook,Live,Business,6736,265,283,75085,481,445205,1.64,11,Friday,29.0,229,Positive,Macro,True,False,Morning,0
Facebook,Video,Entertainment,6428,175,313,2572,614,245136,2.82,16,Friday,15.0,293,Positive,Macro,True,False,Afternoon,1
Instagram,Reel,Fashion,2427,342,276,22074,322,165588,1.84,19,Friday,17.0,272,Negative,Macro,True,False,Evening,0
TikTok,Stitch,Travel,5660,1063,913,471467,2734,473268,1.61,20,Friday,6.0,533,Neutral,Macro,True,False,Evening,0
Twitter,Poll,Sports,2315,109,1910,82823,34,339417,1.28,2,Saturday,3.0,1257,Positive,Macro,True,False,Night,0
TikTok,Video,Fitness,18545,292,2873,139802,176,449635,4.83,3,Saturday,21.0,465,Neutral,Macro,True,False,Night,1
Twitter,Poll,Business,1051,203,1245,79254,296,104298,2.4,6,Saturday,0.0,1011,Negative,Macro,True,True,Morning,1
Facebook,Post,Travel,7559,246,585,44414,596,394372,2.13,8,Saturday,7.0,1730,Negative,Macro,True,False,Morning,0
Instagram,Carousel,Travel,1771,112,45,48705,235,406184,0.47,13,Saturday,20.0,1714,Positive,Macro,True,False,Afternoon,0
Instagram,Story,Lifestyle,5286,93,108,45264,744,495432,1.11,19,Saturday,14.0,1167,Positive,Macro,False,True,Evening,0
YouTube,Video,Travel,19125,239,799,132458,1654,285269,7.07,21,Saturday,26.0,336,Positive,Macro,True,False,Night,1
TikTok,Video,Food,10618,223,1328,86438,767,88593,13.74,1,Sunday,3.0,399,Positive,Mid-tier,True,False,Night,1
TikTok,Stitch,Gaming,17526,40,864,278016,73,191918,9.6,5,Sunday,20.0,82,Neutral,Macro,True,False,Morning,1
Instagram,Reel,Health,6149,146,253,17491,35,385869,1.7,6,Sunday,3.0,92,Positive,Macro,True,False,Morning,0
Instagram,Reel,Business,6968,335,231,46306,796,473534,1.59,7,Sunday,25.0,220,Positive,Macro,True,False,Morning,0
YouTube,Short,Lifestyle,16275,39,1477,486693,4458,448600,3.97,12,Sunday,16.0,37,Positive,Macro,True,False,Afternoon,1
Facebook,Story,Business,2247,274,922,62390,438,349320,0.99,22,Sunday,0.0,1475,Neutral,Macro,True,False,Night,0
LinkedIn,Article,Lifestyle,1700,130,80,26054,61,304041,0.63,0,Monday,10.0,890,Positive,Macro,False,False,Night,0
TikTok,Stitch,Sports,49806,1913,126,41104,2323,471894,10.99,4,Monday,23.0,226,Positive,Macro,True,False,Night,1
Facebook,Live,Education,5391,241,307,38852,745,32248,18.42,15,Monday,11.0,81,Positive,Micro,True,True,Afternoon,1
Twitter,Thread,Entertainment,1916,256,456,32812,93,38353,6.85,20,Monday,22.0,856,Negative,Micro,True,False,Evening,1
YouTube,Live,Education,4103,673,674,269217,161,270584,2.01,4,Tuesday,28.0,562,Positive,Macro,True,True,Night,0
TikTok,Video,Education,42686,1163,1665,61093,1031,347909,13.08,5,Tuesday,24.0,236,Positive,Macro,True,False,Morning,1
Twitter,Thread,Lifestyle,1825,271,1526,27012,213,374465,0.97,13,Tuesday,27.0,1496,Positive,Macro,True,False,Afternoon,0
Facebook,Live,Fashion,3965,23,768,72293,471,109098,4.36,22,Tuesday,8.0,70,Neutral,Macro,True,False,Night,1
Instagram,Reel,Gaming,8541,119,221,40413,751,291489,3.05,2,Wednesday,25.0,30,Negative,Macro,True,True,Night,1
LinkedIn,Post,Health,474,40,40,8615,292,214674,0.26,7,Wednesday,27.0,1481,Positive,Macro,True,False,Morning,0
Instagram,Carousel,Education,1547,137,272,36412,937,418973,0.47,9,Wednesday,24.0,730,Neutral,Macro,True,True,Morning,0
Instagram,Carousel,Business,1623,482,6,4296,641,86643,2.44,21,Wednesday,7.0,546,Negative,Mid-tier,False,False,Night,1
Instagram,Photo,Health,1258,59,5,7966,561,194910,0.68,22,Wednesday,21.0,904,Neutral,Macro,True,True,Night,0
LinkedIn,Post,Fashion,1267,26,43,20389,65,476728,0.28,23,Wednesday,4.0,349,Positive,Macro,True,False,Night,0
Twitter,Poll,Travel,4476,197,1481,53776,177,121654,5.06,0,Thursday,15.0,994,Neutral,Macro,True,False,Night,1
YouTube,Live,Fitness,8170,904,52,727376,1271,257546,3.54,2,Thursday,10.0,371,Positive,Macro,True,False,Night,1
Instagram,Carousel,Education,6664,358,52,18507,691,292342,2.42,3,Thursday,27.0,1093,Negative,Macro,False,True,Night,1
Instagram,Reel,Business,6313,277,262,1852,133,354253,1.93,8,Thursday,26.0,449,Neutral,Macro,True,False,Morning,0
TikTok,Stitch,Education,41010,243,436,215386,1555,335328,12.43,8,Thursday,27.0,130,Positive,Macro,True,True,Morning,1
Facebook,Video,Fitness,2108,73,401,65749,9,330794,0.78,9,Thursday,14.0,446,Positive,Macro,False,False,Morning,0
Facebook,Story,Travel,7914,137,562,29978,528,115968,7.43,9,Thursday,22.0,97,Positive,Macro,False,False,Morning,1
Twitter,Poll,Business,1184,72,141,92115,451,221524,0.63,19,Thursday,26.0,848,Neutral,Macro,True,False,Evening,0
TikTok,Duet,Entertainment,40234,85,4902,204450,1598,42250,107.03,1,Friday,22.0,157,Negative,Micro,True,False,Night,1
Facebook,Live,Fashion,7177,165,718,24186,253,445913,1.81,1,Friday,9.0,493,Neutral,Macro,False,True,Night,0
Facebook,Video,Education,1182,203,712,2683,275,114404,1.83,1,Friday,9.0,502,Neutral,Macro,True,False,Night,0
Facebook,Video,Food,258,163,431,62361,156,209675,0.41,4,Friday,4.0,552,Positive,Macro,True,False,Night,0
Twitter,Poll,Sports,205,144,1310,57202,132,91345,1.82,7,Friday,12.0,217,Positive,Mid-tier,True,False,Morning,0
Twitter,Tweet,Gaming,4438,269,1831,24014,370,493297,1.33,12,Friday,8.0,1342,Neutral,Macro,True,False,Afternoon,0
Instagram,Photo,Fashion,3192,43,299,49540,456,309777,1.14,13,Friday,12.0,256,Negative,Macro,False,False,Afternoon,0
Twitter,Thread,Gaming,2609,95,120,91620,275,436060,0.65,15,Friday,20.0,920,Negative,Macro,True,False,Afternoon,0
Facebook,Video,Travel,7668,163,293,62579,509,4905,165.63,16,Friday,6.0,517,Negative,Nano,True,True,Afternoon,1
TikTok,Duet,Health,7195,1793,3275,169898,2007,44688,27.44,17,Friday,7.0,492,Negative,Micro,True,False,Evening,1
Instagram,Reel,Fashion,108,355,27,21457,112,291039,0.17,19,Friday,7.0,503,Positive,Macro,True,False,Evening,0
LinkedIn,Poll,Sports,1426,15,38,29349,131,187604,0.79,22,Friday,25.0,780,Positive,Macro,True,False,Night,0
TikTok,Duet,Lifestyle,42239,897,2535,242464,902,27781,164.4,0,Saturday,10.0,66,Positive,Micro,True,False,Night,1
TikTok,Video,Gaming,21904,1762,3591,24295,2851,145705,18.71,2,Saturday,7.0,32,Negative,Macro,True,False,Night,1
TikTok,Duet,Lifestyle,33177,1986,3972,455096,1720,373475,10.48,5,Saturday,3.0,467,Positive,Macro,True,False,Morning,1
LinkedIn,Post,Gaming,513,85,420,27832,239,140440,0.72,8,Saturday,15.0,1235,Positive,Macro,True,True,Morning,0
Instagram,Reel,Health,9574,228,45,23875,503,177363,5.55,12,Saturday,21.0,376,Negative,Macro,True,True,Afternoon,1
LinkedIn,Poll,Food,1536,18,141,9089,86,126866,1.34,14,Saturday,5.0,1130,Positive,Macro,False,False,Afternoon,0
LinkedIn,Poll,Education,441,103,34,27620,93,359055,0.16,22,Saturday,0.0,1419,Neutral,Macro,False,True,Night,0
Twitter,Thread,Lifestyle,4759,120,50,61185,356,489324,1.01,0,Sunday,0.0,1557,Negative,Macro,True,True,Night,0
Instagram,Photo,Travel,6277,35,162,10143,80,325242,1.99,0,Sunday,24.0,1445,Positive,Macro,False,False,Night,0
TikTok,Stitch,Health,16590,388,4398,451732,2581,17358,123.15,2,Sunday,5.0,18,Negative,Micro,True,False,Night,1
LinkedIn,Document,Sports,956,63,144,13543,296,57322,2.03,3,Sunday,20.0,1602,Neutral,Mid-tier,True,False,Night,0
YouTube,Short,Health,7055,225,306,293042,1991,349145,2.17,13,Sunday,0.0,359,Positive,Macro,True,False,Afternoon,0
Facebook,Video,Gaming,723,150,346,34062,30,402199,0.3,16,Sunday,3.0,314,Positive,Macro,True,False,Afternoon,0
YouTube,Short,Fashion,10683,969,1364,842411,2500,44521,29.24,17,Sunday,19.0,158,Neutral,Micro,True,True,Evening,1
Twitter,Poll,Education,323,192,1353,55708,442,58956,3.17,18,Sunday,14.0,468,Neutral,Mid-tier,False,True,Evening,1
TikTok,Stitch,Gaming,15345,1721,3049,96472,2476,217511,9.25,19,Sunday,2.0,482,Positive,Macro,True,False,Evening,1
Instagram,Reel,Health,2595,129,205,33910,30,218935,1.34,20,Sunday,10.0,268,Positive,Macro,True,False,Evening,0
LinkedIn,Post,Lifestyle,1564,25,105,6463,293,26833,6.31,23,Sunday,27.0,623,Positive,Micro,True,False,Night,1
Twitter,Poll,Gaming,3977,164,1109,45619,67,59905,8.76,2,Monday,21.0,913,Positive,Mid-tier,True,False,Night,1
TikTok,Video,Education,14135,1319,2873,351300,130,478706,3.83,3,Monday,12.0,451,Positive,Macro,True,True,Night,1
TikTok,Duet,Sports,24580,341,2614,344809,1729,131442,20.95,4,Monday,10.0,541,Positive,Macro,True,False,Night,1
Instagram,Reel,Sports,4747,347,263,7722,775,183618,2.92,17,Monday,5.0,120,Negative,Macro,True,False,Evening,1
YouTube,Community Post,Gaming,1378,10,338,217233,2011,384563,0.45,0,Tuesday,22.0,318,Neutral,Macro,True,True,Night,0
Twitter,Tweet,Business,1394,117,959,90100,409,91409,2.7,9,Tuesday,8.0,864,Negative,Mid-tier,True,False,Morning,1
LinkedIn,Poll,Fashion,929,26,365,3148,96,76716,1.72,10,Tuesday,12.0,1595,Negative,Mid-tier,True,False,Morning,0
Instagram,Reel,Travel,7064,364,37,44555,661,366365,2.04,10,Tuesday,3.0,315,Positive,Macro,True,False,Morning,0
YouTube,Short,Food,6121,13,245,870061,2991,235697,2.71,11,Tuesday,24.0,351,Positive,Macro,True,False,Morning,1
Instagram,Story,Fashion,5151,34,267,2134,971,443065,1.23,12,Tuesday,6.0,738,Negative,Macro,True,True,Afternoon,0
Twitter,Retweet,Technology,3229,52,1420,99738,296,403662,1.16,19,Tuesday,13.0,919,Neutral,Macro,True,True,Evening,0
Instagram,Carousel,Food,5644,324,246,949,811,3985,155.93,2,Wednesday,9.0,1586,Neutral,Nano,True,False,Night,1
TikTok,Stitch,Food,877,1343,2137,134228,2438,117721,3.7,3,Wednesday,0.0,157,Neutral,Macro,True,False,Night,1
Facebook,Video,Lifestyle,904,210,941,37375,716,319802,0.64,5,Wednesday,22.0,36,Positive,Macro,True,False,Morning,0
Twitter,Tweet,Lifestyle,3437,20,448,98956,372,244283,1.6,14,Wednesday,26.0,1868,Negative,Macro,True,False,Afternoon,0
Instagram,Story,Sports,4730,332,111,8465,230,157083,3.29,21,Wednesday,20.0,775,Neutral,Macro,False,False,Night,1
Instagram,Story,Education,2247,35,101,14652,311,201559,1.18,11,Thursday,27.0,1042,Positive,Macro,True,True,Morning,0
LinkedIn,Post,Technology,672,109,412,6756,277,318127,0.38,12,Thursday,19.0,726,Neutral,Macro,True,True,Afternoon,0
Instagram,Reel,Entertainment,6185,422,151,2599,252,214246,3.15,14,Thursday,27.0,360,Negative,Macro,True,False,Afternoon,1
Instagram,Story,Technology,3565,471,260,34942,918,17561,24.46,14,Thursday,10.0,1993,Neutral,Micro,True,False,Afternoon,1
YouTube,Live,Technology,12800,734,1063,107968,99,14601,99.97,16,Thursday,17.0,500,Neutral,Micro,True,False,Afternoon,1
Instagram,Carousel,Sports,5355,52,209,36758,120,275281,2.04,19,Thursday,6.0,1583,Negative,Macro,True,True,Evening,0
Twitter,Poll,Fitness,897,69,1016,32734,356,200837,0.99,7,Friday,0.0,945,Positive,Macro,True,True,Morning,0
TikTok,Duet,Fashion,13985,1181,918,329751,152,368592,4.36,14,Friday,9.0,302,Positive,Macro,True,False,Afternoon,1
LinkedIn,Poll,Business,1033,72,404,8979,99,402240,0.38,17,Friday,6.0,1382,Positive,Macro,True,True,Evening,0
Twitter,Thread,Lifestyle,3596,23,1102,43585,339,101632,4.65,22,Friday,15.0,1445,Positive,Macro,True,False,Night,1
Facebook,Live,Food,61,245,557,66627,622,257761,0.33,5,Saturday,9.0,62,Positive,Macro,True,True,Morning,0
YouTube,Video,Fashion,19827,531,186,16009,3629,321697,6.39,5,Saturday,24.0,456,Positive,Macro,True,False,Morning,1
Twitter,Retweet,Fashion,2583,225,1409,49429,207,371400,1.14,9,Saturday,8.0,1934,Positive,Macro,True,False,Morning,0
Instagram,Reel,Sports,3650,55,271,15662,604,448455,0.89,9,Saturday,16.0,501,Positive,Macro,True,False,Morning,0
Instagram,Story,Gaming,5951,291,51,14000,306,327750,1.92,13,Saturday,28.0,1835,Positive,Macro,True,True,Afternoon,0
LinkedIn,Post,Food,321,17,205,22955,21,391458,0.14,16,Saturday,29.0,209,Neutral,Macro,False,False,Afternoon,0
YouTube,Community Post,Gaming,2205,325,1612,138901,365,427104,0.97,17,Saturday,15.0,752,Neutral,Macro,True,True,Evening,0
YouTube,Short,Sports,10399,332,1438,207068,1805,173355,7.02,14,Sunday,14.0,254,Positive,Macro,True,True,Afternoon,1
Twitter,Thread,Health,3714,185,784,42129,366,440948,1.06,19,Sunday,26.0,416,Neutral,Macro,True,False,Evening,0
YouTube,Community Post,Education,12195,966,326,96149,3928,26057,51.76,21,Sunday,29.0,1593,Positive,Micro,True,False,Night,1
Facebook,Video,Technology,4526,81,555,52935,393,229505,2.25,22,Sunday,20.0,491,Neutral,Macro,False,True,Night,0
LinkedIn,Document,Business,724,98,117,19896,285,264900,0.35,17,Monday,17.0,295,Neutral,Macro,True,False,Evening,0
Instagram,Photo,Sports,8807,331,222,29151,902,420471,2.23,18,Monday,28.0,1955,Neutral,Macro,True,False,Evening,0
TikTok,Stitch,Food,27997,580,734,157890,2336,475126,6.17,18,Monday,9.0,494,Positive,Macro,True,False,Evening,1
TikTok,Video,Education,9780,1140,4295,462743,404,387532,3.93,1,Tuesday,9.0,326,Negative,Macro,True,True,Night,1
Twitter,Thread,Sports,3632,228,1494,77519,308,259857,2.06,2,Tuesday,10.0,77,Neutral,Macro,True,True,Night,0
Instagram,Photo,Gaming,2073,230,79,7139,440,185702,1.28,4,Tuesday,18.0,1933,Positive,Macro,True,False,Night,0
Instagram,Story,Travel,9320,484,35,22108,181,111129,8.85,16,Tuesday,14.0,1381,Neutral,Macro,True,True,Afternoon,1
LinkedIn,Document,Fashion,1658,36,267,14436,296,336682,0.58,17,Tuesday,12.0,111,Positive,Macro,True,False,Evening,0
Facebook,Post,Health,5428,203,389,77212,318,189439,3.18,22,Tuesday,5.0,1411,Neutral,Macro,True,True,Night,1
TikTok,Video,Lifestyle,25174,380,2766,251244,714,297079,9.53,1,Wednesday,28.0,167,Positive,Macro,False,True,Night,1
Facebook,Video,Technology,3907,237,647,2231,61,283863,1.69,2,Wednesday,21.0,194,Neutral,Macro,True,False,Night,0
TikTok,Duet,Food,11494,1358,3373,444348,1923,90575,17.91,7,Wednesday,13.0,200,Positive,Mid-tier,True,False,Morning,1
Instagram,Carousel,Health,6147,319,87,37434,354,353048,1.86,9,Wednesday,21.0,162,Positive,Macro,True,False,Morning,0
LinkedIn,Article,Sports,405,120,422,25439,220,5720,16.56,11,Wednesday,13.0,213,Negative,Nano,True,False,Morning,1
Instagram,Photo,Gaming,3474,9,294,45129,223,332835,1.13,13,Wednesday,14.0,1822,Neutral,Macro,True,False,Afternoon,0
Twitter,Retweet,Health,150,112,528,61703,179,374414,0.21,20,Wednesday,12.0,1644,Negative,Macro,True,True,Evening,0
Facebook,Video,Technology,1976,346,267,10908,296,52216,4.96,21,Wednesday,7.0,192,Neutral,Mid-tier,True,False,Night,1
Instagram,Reel,Sports,649,97,175,4209,118,228791,0.4,0,Thursday,28.0,73,Neutral,Macro,True,False,Night,0
Facebook,Video,Sports,3536,301,103,32135,379,405351,0.97,4,Thursday,27.0,528,Neutral,Macro,False,False,Night,0
LinkedIn,Post,Sports,955,112,149,24832,207,339621,0.36,11,Thursday,12.0,602,Positive,Macro,False,False,Morning,0
Instagram,Photo,Fitness,3640,367,46,40238,387,441976,0.92,14,Thursday,22.0,612,Positive,Macro,True,False,Afternoon,0
TikTok,Stitch,Fitness,23793,621,3702,318142,1904,149907,18.76,14,Thursday,21.0,583,Neutral,Macro,True,False,Afternoon,1
YouTube,Short,Entertainment,16733,133,507,19290,2505,105423,16.48,15,Thursday,22.0,129,Neutral,Macro,True,True,Afternoon,1
Instagram,Photo,Lifestyle,7843,278,30,48318,11,268022,3.04,21,Thursday,24.0,665,Positive,Macro,False,False,Night,1
Facebook,Live,Food,2826,40,24,64822,428,18121,15.95,0,Friday,19.0,328,Positive,Micro,False,False,Night,1
TikTok,Duet,Food,35002,1854,2556,9321,1730,437263,9.01,1,Friday,2.0,424,Positive,Macro,True,False,Night,1
Twitter,Thread,Travel,1394,109,1268,83096,57,354081,0.78,1,Friday,22.0,1475,Neutral,Macro,True,True,Night,0
Twitter,Tweet,Travel,207,263,1080,95859,23,260034,0.6,4,Friday,27.0,1112,Positive,Macro,True,False,Night,0
YouTube,Video,Education,12123,231,879,463073,4165,65763,20.12,5,Friday,8.0,321,Positive,Mid-tier,True,False,Morning,1
Twitter,Thread,Food,3153,284,58,66035,140,56898,6.14,6,Friday,23.0,159,Negative,Mid-tier,True,False,Morning,1
Instagram,Carousel,Technology,9017,117,147,14539,265,117274,7.91,7,Friday,17.0,927,Negative,Macro,False,False,Morning,1
Twitter,Poll,Entertainment,1997,272,1285,98164,436,359597,0.99,12,Friday,23.0,489,Neutral,Macro,True,True,Afternoon,0
Twitter,Retweet,Travel,4502,283,1721,49542,286,154963,4.2,14,Friday,3.0,1173,Negative,Macro,True,False,Afternoon,1
Twitter,Tweet,Technology,362,150,214,61527,146,350941,0.21,16,Friday,2.0,1015,Negative,Macro,True,False,Afternoon,0
Facebook,Post,Travel,4883,58,571,2099,416,382054,1.44,22,Friday,14.0,1755,Positive,Macro,False,False,Night,0
Instagram,Reel,Technology,6288,477,14,47496,377,401485,1.69,4,Saturday,29.0,570,Negative,Macro,True,False,Night,0
Instagram,Story,Lifestyle,4254,139,292,12650,999,8773,53.4,5,Saturday,9.0,1861,Negative,Nano,True,True,Morning,1
TikTok,Video,Health,33536,1126,1305,57772,210,265169,13.56,8,Saturday,24.0,321,Positive,Macro,True,False,Morning,1
Instagram,Story,Education,3393,182,115,31626,35,337898,1.09,9,Saturday,22.0,1559,Neutral,Macro,True,False,Morning,0
Twitter,Thread,Food,2132,55,1980,15407,380,491518,0.85,9,Saturday,10.0,605,Negative,Macro,True,False,Morning,0
Instagram,Reel,Food,4571,59,292,48044,43,247318,1.99,10,Saturday,7.0,268,Positive,Macro,True,False,Morning,0
Instagram,Reel,Entertainment,1292,281,262,10608,940,243626,0.75,12,Saturday,1.0,265,Neutral,Macro,True,True,Afternoon,0
Instagram,Carousel,Business,1130,424,143,17605,593,475304,0.36,13,Saturday,21.0,1780,Positive,Macro,True,False,Afternoon,0
Instagram,Carousel,Lifestyle,9148,272,33,33166,949,397883,2.38,15,Saturday,6.0,765,Negative,Macro,True,False,Afternoon,1
Instagram,Carousel,Business,1178,48,27,45347,270,305028,0.41,15,Saturday,16.0,1759,Positive,Macro,True,False,Afternoon,0
Instagram,Carousel,Business,5446,142,133,44575,132,116990,4.89,16,Saturday,14.0,909,Positive,Macro,True,True,Afternoon,1
Instagram,Story,Food,4784,162,280,30233,166,369110,1.42,16,Saturday,7.0,923,Positive,Macro,True,False,Afternoon,0
Instagram,Reel,Entertainment,3219,387,112,10085,294,492235,0.76,2,Sunday,3.0,446,Neutral,Macro,True,False,Night,0
Instagram,Story,Technology,4216,370,230,19877,72,209193,2.3,3,Sunday,11.0,573,Neutral,Macro,True,False,Night,1
Instagram,Carousel,Technology,140,305,213,35210,743,341240,0.19,5,Sunday,0.0,1127,Negative,Macro,True,False,Morning,0
Facebook,Story,Fitness,571,117,94,36851,557,376017,0.21,12,Sunday,15.0,201,Neutral,Macro,True,False,Afternoon,0
Facebook,Live,Fitness,5813,58,706,76481,29,446452,1.47,13,Sunday,22.0,374,Positive,Macro,True,False,Afternoon,0
Facebook,Live,Health,581,170,47,54226,464,102378,0.78,17,Sunday,13.0,101,Positive,Macro,True,False,Evening,0
Facebook,Story,Technology,2010,131,921,28887,264,11723,26.12,20,Sunday,29.0,1994,Negative,Micro,True,False,Evening,1
Instagram,Story,Lifestyle,5566,93,235,19099,752,291092,2.02,20,Sunday,1.0,298,Positive,Macro,True,True,Evening,0
Twitter,Thread,Food,3215,183,380,84335,186,77978,4.84,21,Sunday,1.0,1179,Positive,Mid-tier,True,False,Night,1
Instagram,Photo,Travel,7840,167,112,13876,627,132780,6.11,22,Sunday,27.0,1694,Negative,Macro,True,True,Night,1
Facebook,Live,Health,4115,299,334,29741,223,95444,4.97,5,Monday,4.0,398,Positive,Mid-tier,True,False,Morning,1
Twitter,Thread,Travel,2654,216,372,89114,390,372779,0.87,8,Monday,16.0,942,Positive,Macro,True,False,Morning,0
Twitter,Retweet,Fashion,1752,192,1249,71647,14,134832,2.37,11,Monday,25.0,936,Positive,Macro,True,False,Morning,1
Twitter,Retweet,Entertainment,1545,35,333,69193,438,283485,0.67,19,Monday,23.0,1500,Positive,Macro,True,False,Evening,0
Instagram,Photo,Sports,3545,231,187,12569,991,491919,0.81,20,Monday,17.0,1739,Negative,Macro,True,False,Evening,0
Twitter,Tweet,Fitness,408,68,1563,15012,78,374422,0.54,2,Tuesday,9.0,1754,Positive,Macro,True,False,Night,0
Instagram,Carousel,Entertainment,1377,71,282,1642,161,397054,0.44,6,Tuesday,21.0,403,Negative,Macro,False,False,Morning,0
Twitter,Thread,Sports,215,21,627,42617,196,433893,0.2,12,Tuesday,12.0,1778,Neutral,Macro,False,True,Afternoon,0
Facebook,Video,Business,3063,353,13,9524,365,163562,2.1,12,Tuesday,25.0,117,Negative,Macro,True,True,Afternoon,0
TikTok,Stitch,Gaming,46216,1153,2056,191258,2727,149675,33.02,15,Tuesday,24.0,29,Positive,Macro,True,False,Afternoon,1
TikTok,Duet,Gaming,17651,563,4630,217886,426,205383,11.12,16,Tuesday,8.0,131,Positive,Macro,True,False,Afternoon,1
Instagram,Photo,Entertainment,5240,209,190,33930,17,396252,1.42,18,Tuesday,15.0,636,Positive,Macro,True,False,Evening,0
Facebook,Story,Travel,3771,20,385,50014,135,110775,3.77,18,Tuesday,0.0,656,Negative,Macro,True,True,Evening,1
TikTok,Video,Entertainment,48964,1351,222,496750,2741,23584,214.29,18,Tuesday,9.0,522,Negative,Micro,True,True,Evening,1
YouTube,Live,Entertainment,18122,780,83,631175,1657,73277,25.91,21,Tuesday,0.0,428,Positive,Mid-tier,True,True,Night,1
Facebook,Post,Lifestyle,309,21,599,9362,784,140070,0.66,2,Wednesday,27.0,782,Positive,Macro,True,False,Night,0
Instagram,Story,Sports,2939,137,126,11051,841,485841,0.66,3,Wednesday,14.0,1708,Positive,Macro,True,True,Night,0
LinkedIn,Post,Business,1661,14,18,8960,223,53698,3.15,7,Wednesday,14.0,1877,Positive,Mid-tier,True,True,Morning,1
Facebook,Story,Sports,7148,32,77,66458,235,90441,8.02,8,Wednesday,25.0,1483,Neutral,Mid-tier,True,True,Morning,1
YouTube,Community Post,Travel,4208,818,412,41693,2022,359343,1.51,11,Wednesday,19.0,524,Positive,Macro,True,False,Morning,0
TikTok,Stitch,Entertainment,48105,639,4909,127580,1646,383586,13.99,11,Wednesday,22.0,248,Positive,Macro,True,False,Morning,1
Instagram,Story,Technology,5435,260,40,42511,923,131980,4.35,17,Wednesday,14.0,53,Neutral,Macro,True,False,Evening,1
TikTok,Duet,Gaming,38765,1631,4596,264285,157,163781,27.47,0,Thursday,14.0,557,Positive,Macro,True,False,Night,1
YouTube,Short,Entertainment,7209,715,710,555827,3511,486083,1.78,2,Thursday,3.0,87,Positive,Macro,True,True,Night,0
Instagram,Photo,Education,2854,269,5,43949,558,166646,1.88,5,Thursday,29.0,143,Positive,Macro,True,False,Morning,0
Facebook,Post,Lifestyle,5888,147,160,76737,631,268368,2.31,7,Thursday,8.0,1224,Positive,Macro,True,False,Morning,1
YouTube,Community Post,Travel,16701,731,811,38117,4985,101847,17.91,18,Thursday,11.0,1660,Positive,Macro,True,True,Evening,1
YouTube,Community Post,Education,13386,236,1365,466501,3081,78691,19.05,1,Friday,8.0,1199,Positive,Mid-tier,True,True,Night,1
Twitter,Poll,Gaming,1268,124,1066,67538,127,83560,2.94,2,Friday,19.0,1022,Positive,Mid-tier,True,False,Night,1
Twitter,Tweet,Fitness,3680,46,1500,15706,347,130725,4.0,3,Friday,14.0,168,Neutral,Macro,True,False,Night,1
LinkedIn,Document,Lifestyle,1643,90,366,25937,98,31843,6.59,3,Friday,2.0,1694,Neutral,Micro,False,True,Night,1
Twitter,Poll,Lifestyle,621,204,744,77706,72,477966,0.33,5,Friday,18.0,378,Neutral,Macro,True,False,Morning,0
Instagram,Story,Fashion,2104,418,4,18726,764,127456,1.98,5,Friday,8.0,236,Neutral,Macro,True,False,Morning,0
Facebook,Story,Sports,100,270,575,24300,445,268284,0.35,16,Friday,3.0,827,Neutral,Macro,True,False,Afternoon,0
Facebook,Live,Fitness,598,166,836,8464,617,118910,1.35,17,Friday,10.0,142,Neutral,Macro,True,False,Evening,0
Twitter,Retweet,Technology,339,178,588,37368,333,345225,0.32,22,Friday,28.0,1182,Neutral,Macro,True,True,Night,0
Twitter,Poll,Entertainment,4553,20,229,35409,58,130757,3.67,23,Friday,13.0,919,Neutral,Macro,True,True,Night,1
Instagram,Reel,Fitness,9068,218,99,23555,925,299183,3.14,0,Saturday,21.0,231,Positive,Macro,True,False,Night,1
Instagram,Photo,Gaming,2954,233,101,13930,78,29427,11.17,2,Saturday,27.0,1331,Positive,Micro,True,False,Night,1
Instagram,Story,Fashion,7838,326,31,39677,32,407463,2.01,3,Saturday,1.0,862,Positive,Macro,False,False,Night,0
TikTok,Stitch,Travel,16018,636,3820,301145,1847,341025,6.0,6,Saturday,3.0,80,Negative,Macro,False,False,Morning,1
Facebook,Video,Entertainment,2758,120,10,71274,490,31813,9.08,11,Saturday,18.0,121,Positive,Micro,True,False,Morning,1
Instagram,Story,Health,5229,312,141,6528,337,375484,1.51,12,Saturday,5.0,898,Positive,Macro,True,False,Afternoon,0
Instagram,Story,Entertainment,8175,233,276,34883,224,29651,29.29,12,Saturday,4.0,1180,Positive,Micro,True,False,Afternoon,1
Facebook,Post,Health,7061,191,164,74363,409,84860,8.74,13,Saturday,2.0,1150,Neutral,Mid-tier,True,False,Afternoon,1
Facebook,Live,Fitness,4384,88,624,10457,636,184506,2.76,13,Saturday,28.0,565,Positive,Macro,True,False,Afternoon,1
Twitter,Tweet,Health,3338,168,93,94499,15,398623,0.9,16,Saturday,15.0,126,Positive,Macro,True,False,Afternoon,0
YouTube,Community Post,Entertainment,7766,524,1776,659764,4512,103215,9.75,18,Saturday,25.0,769,Neutral,Macro,True,False,Evening,1
Facebook,Video,Travel,2463,17,235,4488,684,401242,0.68,20,Saturday,14.0,130,Positive,Macro,False,False,Evening,0
Facebook,Live,Entertainment,3764,61,841,40309,177,360538,1.29,20,Saturday,10.0,592,Neutral,Macro,True,False,Evening,0
Twitter,Tweet,Travel,1075,232,195,74545,428,208736,0.72,20,Saturday,1.0,1289,Positive,Macro,True,False,Evening,0
Instagram,Photo,Technology,6795,7,281,39528,619,280399,2.53,0,Sunday,11.0,1785,Neutral,Macro,True,True,Night,1
Instagram,Carousel,Gaming,4781,294,263,12128,58,128117,4.17,4,Sunday,5.0,269,Neutral,Macro,True,True,Night,1
Instagram,Carousel,Entertainment,2137,93,126,46517,427,304733,0.77,14,Sunday,13.0,664,Positive,Macro,True,False,Afternoon,0
Facebook,Post,Technology,3736,179,520,4469,54,187251,2.37,15,Sunday,9.0,1060,Neutral,Macro,True,False,Afternoon,1
YouTube,Live,Travel,8900,861,1723,835372,1038,311587,3.69,16,Sunday,9.0,195,Neutral,Macro,True,False,Afternoon,1
LinkedIn,Document,Fashion,464,57,431,8302,244,392658,0.24,16,Sunday,22.0,1592,Positive,Macro,True,False,Afternoon,0
TikTok,Duet,Business,25717,36,2603,227236,1724,458334,6.19,19,Sunday,24.0,394,Positive,Macro,True,True,Evening,1
Twitter,Thread,Fashion,2050,158,1144,43425,176,36719,9.13,19,Sunday,28.0,1300,Positive,Micro,True,True,Evening,1
Facebook,Live,Health,7004,74,759,57250,464,36173,21.67,20,Sunday,11.0,126,Negative,Micro,True,False,Evening,1
TikTok,Duet,Entertainment,32979,1817,612,209021,2956,426501,8.3,21,Sunday,26.0,412,Positive,Macro,True,True,Night,1
TikTok,Stitch,Food,10440,1130,1708,417585,2126,365289,3.63,0,Monday,1.0,284,Positive,Macro,True,False,Night,1
Instagram,Photo,Fashion,3511,82,123,38311,267,411833,0.9,1,Monday,22.0,536,Positive,Macro,True,False,Night,0
TikTok,Stitch,Travel,8304,1036,4077,16217,1023,333151,4.03,6,Monday,15.0,361,Neutral,Macro,True,True,Morning,1
Twitter,Retweet,Gaming,1324,293,331,47025,190,134468,1.45,7,Monday,1.0,171,Neutral,Macro,True,False,Morning,0
Instagram,Story,Entertainment,999,20,167,19366,435,496392,0.24,13,Monday,21.0,1681,Positive,Macro,True,False,Afternoon,0
LinkedIn,Article,Education,106,115,101,26544,59,143355,0.22,18,Monday,11.0,1880,Neutral,Macro,True,False,Evening,0
Twitter,Tweet,Business,449,139,1202,3459,101,341313,0.52,22,Monday,22.0,1511,Positive,Macro,True,False,Night,0
Facebook,Video,Technology,4325,387,316,79205,319,148293,3.39,22,Monday,1.0,386,Positive,Macro,True,False,Night,1
Facebook,Live,Technology,4049,161,344,66230,359,441486,1.03,2,Tuesday,20.0,261,Neutral,Macro,True,False,Night,0
Instagram,Carousel,Business,9742,462,70,10558,934,105873,9.7,2,Tuesday,6.0,571,Positive,Macro,True,True,Night,1
Instagram,Story,Food,5568,176,187,31945,315,463824,1.28,11,Tuesday,1.0,1448,Positive,Macro,True,True,Morning,0
LinkedIn,Poll,Travel,488,25,246,12795,197,277606,0.27,13,Tuesday,28.0,113,Neutral,Macro,False,False,Afternoon,0
Instagram,Reel,Fitness,3959,198,142,33887,824,51272,8.38,15,Tuesday,26.0,198,Negative,Mid-tier,True,False,Afternoon,1
Facebook,Live,Education,3841,87,689,3719,692,372632,1.24,17,Tuesday,5.0,376,Positive,Macro,True,False,Evening,0
Twitter,Retweet,Technology,3030,203,172,4685,90,105253,3.24,19,Tuesday,3.0,901,Positive,Macro,True,False,Evening,1
YouTube,Live,Lifestyle,2631,245,1622,676531,535,66026,6.81,0,Wednesday,26.0,161,Positive,Mid-tier,False,False,Night,1
Twitter,Retweet,Fitness,4781,54,1170,1975,398,327703,1.83,4,Wednesday,2.0,271,Neutral,Macro,True,True,Night,0
YouTube,Short,Education,1081,222,1752,498229,3658,113191,2.7,4,Wednesday,9.0,109,Positive,Macro,True,True,Night,1
Instagram,Carousel,Lifestyle,8037,207,128,22938,964,239206,3.5,9,Wednesday,22.0,1133,Neutral,Macro,True,False,Morning,1
LinkedIn,Article,Food,1458,19,141,22026,67,131713,1.23,9,Wednesday,18.0,1822,Negative,Macro,False,False,Morning,0
Instagram,Carousel,Education,8662,207,42,34639,570,395190,2.25,11,Wednesday,14.0,229,Positive,Macro,True,False,Morning,0
Twitter,Tweet,Fitness,3864,247,1351,74450,431,310633,1.76,22,Wednesday,16.0,1362,Neutral,Macro,True,False,Night,0
YouTube,Community Post,Gaming,15170,725,1899,246117,1579,454838,3.91,6,Thursday,22.0,1745,Neutral,Macro,False,False,Morning,1
Twitter,Thread,Fashion,2044,147,445,91998,425,180936,1.46,9,Thursday,17.0,579,Neutral,Macro,True,True,Morning,0
LinkedIn,Post,Travel,713,5,114,24937,40,53975,1.54,10,Thursday,23.0,420,Neutral,Mid-tier,True,True,Morning,0
Instagram,Photo,Lifestyle,5001,431,279,5110,663,115790,4.93,0,Friday,20.0,1845,Neutral,Macro,True,True,Night,1
TikTok,Stitch,Travel,41647,1720,3225,175673,2095,276119,16.87,5,Friday,24.0,507,Positive,Macro,True,True,Morning,1
Twitter,Thread,Fitness,4103,246,469,81982,413,462857,1.04,6,Friday,20.0,1621,Positive,Macro,True,False,Morning,0
Twitter,Retweet,Fashion,704,30,301,78271,20,299442,0.35,11,Friday,26.0,1551,Positive,Macro,False,False,Morning,0
Facebook,Live,Entertainment,1462,300,510,10036,465,20556,11.05,11,Friday,28.0,312,Negative,Micro,True,False,Morning,1
Facebook,Post,Education,5300,145,634,29163,391,219133,2.77,15,Friday,0.0,918,Neutral,Macro,True,False,Afternoon,1
Twitter,Retweet,Education,2589,154,1340,71949,90,412688,0.99,8,Saturday,12.0,379,Positive,Macro,True,True,Morning,0
Instagram,Reel,Lifestyle,8340,310,80,13088,208,160355,5.44,11,Saturday,1.0,85,Positive,Macro,True,False,Morning,1
YouTube,Video,Education,19701,119,1430,674439,1606,211030,10.07,13,Saturday,14.0,328,Neutral,Macro,False,False,Afternoon,1
Twitter,Retweet,Travel,1729,84,673,16468,182,227361,1.09,15,Saturday,17.0,1354,Positive,Macro,True,False,Afternoon,0
Instagram,Photo,Travel,7834,406,148,36165,558,105477,7.95,21,Saturday,3.0,1062,Positive,Macro,True,True,Night,1
Instagram,Reel,Fitness,6644,135,269,1150,829,460476,1.53,0,Sunday,28.0,236,Neutral,Macro,True,False,Night,0
Instagram,Photo,Travel,4187,184,52,3311,438,297042,1.49,2,Sunday,11.0,1283,Negative,Macro,True,False,Night,0
Instagram,Photo,Travel,9696,284,78,25891,160,452848,2.22,4,Sunday,5.0,905,Positive,Macro,False,False,Night,0
Instagram,Reel,Entertainment,8359,372,107,3874,639,148301,5.96,5,Sunday,25.0,399,Negative,Macro,True,False,Morning,1
Twitter,Tweet,Lifestyle,3724,49,1230,53282,189,52050,9.61,5,Sunday,8.0,1516,Positive,Mid-tier,True,False,Morning,1
Facebook,Post,Gaming,1828,113,762,33850,527,13663,19.78,10,Sunday,5.0,1885,Positive,Micro,True,False,Morning,1
Instagram,Story,Business,3516,471,163,3247,113,382326,1.09,21,Sunday,22.0,1509,Neutral,Macro,True,False,Night,0
Instagram,Reel,Lifestyle,2071,266,235,46954,556,248053,1.04,21,Sunday,11.0,408,Positive,Macro,False,False,Night,0
TikTok,Duet,Lifestyle,40390,895,4184,493774,200,439301,10.35,3,Monday,15.0,450,Neutral,Macro,True,False,Night,1
Twitter,Tweet,Business,1501,254,1229,15052,167,43789,6.81,3,Monday,22.0,1369,Neutral,Micro,True,True,Night,1
LinkedIn,Poll,Sports,444,24,112,11855,16,469054,0.12,12,Monday,8.0,721,Neutral,Macro,True,False,Afternoon,0
Facebook,Video,Sports,5966,126,809,42945,208,81428,8.47,13,Monday,28.0,157,Positive,Mid-tier,True,False,Afternoon,1
Twitter,Poll,Technology,4626,282,802,40889,395,418046,1.37,13,Monday,28.0,583,Neutral,Macro,False,False,Afternoon,0
Instagram,Carousel,Lifestyle,8756,64,222,49589,358,109764,8.24,19,Monday,18.0,726,Neutral,Macro,False,True,Evening,1
Instagram,Carousel,Food,5382,193,132,35662,821,375139,1.52,23,Monday,7.0,1018,Positive,Macro,True,False,Night,0
YouTube,Community Post,Gaming,18838,495,1666,699142,1291,192309,10.92,2,Tuesday,25.0,267,Negative,Macro,True,False,Night,1
Instagram,Reel,Technology,7440,126,79,42298,609,36605,20.89,5,Tuesday,2.0,557,Positive,Micro,True,True,Morning,1
Twitter,Thread,Gaming,3956,17,324,10252,157,297448,1.44,12,Tuesday,24.0,81,Positive,Macro,False,False,Afternoon,0
Instagram,Story,Travel,9433,439,31,19725,606,96928,10.22,12,Tuesday,21.0,1248,Positive,Mid-tier,True,False,Afternoon,1
TikTok,Stitch,Entertainment,49801,655,4002,448612,2599,15973,340.94,18,Tuesday,14.0,491,Neutral,Micro,True,False,Evening,1
TikTok,Duet,Food,21936,584,2170,73083,877,137022,18.02,23,Tuesday,6.0,188,Positive,Macro,True,True,Night,1
Instagram,Story,Business,2074,279,106,5493,869,90168,2.73,1,Wednesday,12.0,393,Neutral,Mid-tier,True,False,Night,1
Facebook,Video,Business,4574,100,662,54752,246,167125,3.19,7,Wednesday,16.0,280,Positive,Macro,True,False,Morning,1
Twitter,Poll,Education,4466,6,944,36304,161,337302,1.61,10,Wednesday,25.0,219,Neutral,Macro,True,True,Morning,0
Twitter,Retweet,Technology,4457,19,392,29675,169,429851,1.13,20,Wednesday,26.0,566,Neutral,Macro,True,True,Evening,0
Facebook,Story,Sports,206,276,695,65952,644,88615,1.33,1,Thursday,13.0,1816,Neutral,Mid-tier,True,False,Night,0
LinkedIn,Article,Sports,1707,87,395,26726,98,92641,2.36,1,Thursday,23.0,779,Positive,Mid-tier,True,True,Night,1
Facebook,Post,Entertainment,5292,38,504,41621,174,78200,7.46,11,Thursday,12.0,1475,Positive,Mid-tier,True,False,Morning,1
Facebook,Post,Health,7277,312,39,58707,168,253160,3.01,14,Thursday,2.0,1515,Positive,Macro,True,True,Afternoon,1
Instagram,Photo,Lifestyle,1940,260,75,16079,664,34057,6.68,17,Thursday,25.0,996,Neutral,Micro,True,True,Evening,1
Twitter,Tweet,Fashion,3633,40,243,53236,126,112542,3.48,19,Thursday,8.0,1163,Positive,Macro,True,False,Evening,1
LinkedIn,Post,Fitness,1341,146,208,22155,283,200532,0.85,2,Friday,9.0,1511,Positive,Macro,True,False,Night,0
YouTube,Live,Business,12600,476,176,786183,3245,217820,6.08,11,Friday,11.0,301,Positive,Macro,True,False,Morning,1
LinkedIn,Poll,Education,492,6,68,26673,137,254615,0.22,11,Friday,11.0,1912,Positive,Macro,True,False,Morning,0
TikTok,Duet,Entertainment,33819,1067,4764,297157,2217,84931,46.68,18,Friday,3.0,574,Neutral,Mid-tier,True,True,Evening,1
YouTube,Community Post,Business,10683,230,921,182607,4016,92555,12.79,19,Friday,21.0,965,Positive,Mid-tier,False,False,Evening,1
LinkedIn,Article,Gaming,910,139,43,29654,123,338655,0.32,20,Friday,7.0,1732,Neutral,Macro,True,False,Evening,0
YouTube,Live,Food,387,949,932,582253,1885,441549,0.51,0,Saturday,22.0,292,Neutral,Macro,False,False,Night,0
YouTube,Live,Technology,3999,424,1876,879737,36,334140,1.89,8,Saturday,17.0,448,Negative,Macro,True,False,Morning,0
TikTok,Video,Technology,23215,1242,3405,52083,2123,4802,580.22,9,Saturday,6.0,407,Positive,Nano,True,True,Morning,1
TikTok,Video,Sports,24350,949,1486,54887,389,432756,6.19,10,Saturday,2.0,218,Negative,Macro,True,False,Morning,1
Instagram,Story,Education,1193,460,19,41628,719,476228,0.35,11,Saturday,19.0,104,Neutral,Macro,True,True,Morning,0
Instagram,Reel,Fashion,2659,14,80,14360,68,376094,0.73,12,Saturday,24.0,535,Neutral,Macro,False,False,Afternoon,0
TikTok,Stitch,Health,21963,1294,1166,484462,2734,326383,7.48,15,Saturday,16.0,134,Positive,Macro,False,False,Afternoon,1
TikTok,Duet,Health,39601,345,1401,96257,408,406082,10.18,19,Saturday,9.0,335,Positive,Macro,True,False,Evening,1
LinkedIn,Article,Education,1690,83,156,5395,285,22323,8.64,0,Sunday,25.0,1001,Negative,Micro,True,False,Night,1
Twitter,Tweet,Gaming,492,253,118,14690,317,17945,4.81,8,Sunday,14.0,841,Positive,Micro,True,False,Morning,1
TikTok,Duet,Gaming,7067,527,4244,71046,472,47918,24.7,10,Sunday,22.0,253,Neutral,Micro,True,False,Morning,1
Twitter,Thread,Education,3689,178,1799,56333,146,194974,2.91,16,Sunday,3.0,1929,Neutral,Macro,True,False,Afternoon,1
YouTube,Community Post,Education,1273,940,1719,237486,985,488585,0.8,20,Sunday,12.0,377,Neutral,Macro,True,False,Evening,0
Instagram,Story,Fashion,1808,44,183,37121,708,269084,0.76,20,Sunday,3.0,1056,Positive,Macro,True,False,Evening,0
Instagram,Reel,Sports,3527,66,208,9869,795,303764,1.25,2,Monday,5.0,181,Negative,Macro,False,True,Night,0
Instagram,Reel,Fashion,8157,285,280,27871,452,210909,4.14,7,Monday,21.0,55,Neutral,Macro,True,True,Morning,1
TikTok,Duet,Travel,15684,1668,1145,373903,969,447748,4.13,11,Monday,23.0,140,Neutral,Macro,True,False,Morning,1
Instagram,Reel,Fitness,4522,403,204,3773,109,226670,2.26,13,Monday,16.0,592,Neutral,Macro,True,False,Afternoon,0
Facebook,Video,Travel,4908,294,224,74644,338,308061,1.76,15,Monday,10.0,265,Positive,Macro,True,False,Afternoon,0
LinkedIn,Post,Entertainment,989,123,463,20123,29,368525,0.43,23,Monday,4.0,501,Positive,Macro,False,True,Night,0
LinkedIn,Document,Gaming,1175,116,233,3735,39,355712,0.43,0,Tuesday,7.0,1795,Negative,Macro,False,False,Night,0
LinkedIn,Document,Technology,48,13,389,28755,113,384815,0.12,4,Tuesday,15.0,1411,Neutral,Macro,True,False,Night,0
Twitter,Thread,Fashion,2476,62,170,26247,155,10007,27.06,7,Tuesday,15.0,1601,Positive,Micro,True,False,Morning,1
Facebook,Story,Health,229,383,423,41467,314,492983,0.21,8,Tuesday,11.0,112,Neutral,Macro,True,False,Morning,0
TikTok,Stitch,Food,27880,1085,3856,280212,2395,185492,17.69,9,Tuesday,18.0,19,Positive,Macro,True,False,Morning,1
Twitter,Poll,Lifestyle,1860,279,1626,84481,222,27242,13.82,10,Tuesday,4.0,580,Neutral,Micro,True,False,Morning,1
Instagram,Carousel,Sports,7106,143,178,44542,562,312853,2.37,10,Tuesday,8.0,1672,Positive,Macro,False,False,Morning,1
LinkedIn,Post,Lifestyle,340,130,196,27134,126,54407,1.22,10,Tuesday,26.0,1308,Neutral,Mid-tier,True,False,Morning,0
Twitter,Poll,Gaming,641,79,982,76265,325,136269,1.25,15,Tuesday,8.0,1919,Neutral,Macro,True,False,Afternoon,0
YouTube,Live,Lifestyle,15892,703,1829,700590,766,39712,46.39,15,Tuesday,27.0,52,Neutral,Micro,False,False,Afternoon,1
Instagram,Carousel,Sports,7721,215,280,4146,895,323055,2.54,2,Wednesday,10.0,321,Neutral,Macro,True,False,Night,1
Facebook,Story,Fitness,5553,227,963,8003,388,106677,6.32,6,Wednesday,23.0,1129,Neutral,Macro,True,False,Morning,1
TikTok,Video,Technology,33994,1259,4690,306951,1379,120328,33.2,10,Wednesday,0.0,509,Neutral,Macro,False,False,Morning,1
TikTok,Stitch,Food,14788,1498,487,135560,1537,310005,5.41,12,Wednesday,16.0,588,Positive,Macro,True,True,Afternoon,1
Facebook,Video,Fitness,1816,333,169,26592,528,145156,1.6,21,Wednesday,28.0,546,Neutral,Macro,True,False,Night,0
LinkedIn,Poll,Fashion,1120,87,312,12741,158,349698,0.43,6,Thursday,18.0,594,Neutral,Macro,True,False,Morning,0
Instagram,Photo,Gaming,1018,246,140,27220,156,497385,0.28,10,Thursday,8.0,1319,Negative,Macro,True,False,Morning,0
Facebook,Story,Food,3697,225,257,72889,550,169542,2.46,15,Thursday,11.0,332,Positive,Macro,False,False,Afternoon,1
TikTok,Video,Business,22574,1594,3330,165470,2469,319450,8.61,16,Thursday,10.0,313,Positive,Macro,True,False,Afternoon,1
LinkedIn,Poll,Gaming,1559,133,460,19675,265,481859,0.45,23,Thursday,12.0,985,Neutral,Macro,True,True,Night,0
Twitter,Retweet,Food,817,37,1559,51442,286,111462,2.16,23,Thursday,17.0,1254,Neutral,Macro,False,False,Night,0
YouTube,Short,Entertainment,17413,336,748,100280,1391,61055,30.3,1,Friday,23.0,223,Neutral,Mid-tier,True,True,Night,1
Twitter,Tweet,Sports,2673,221,1838,46906,457,258048,1.83,2,Friday,15.0,1521,Neutral,Macro,True,True,Night,0
Instagram,Reel,Health,4781,153,99,49355,110,122247,4.12,6,Friday,19.0,370,Neutral,Macro,True,False,Morning,1
Facebook,Story,Sports,1431,367,919,36695,323,5070,53.59,8,Friday,29.0,966,Positive,Nano,True,True,Morning,1
Instagram,Story,Fitness,3965,330,253,42805,385,14325,31.75,12,Friday,7.0,637,Positive,Micro,True,False,Afternoon,1
Twitter,Thread,Gaming,3058,3,282,52030,228,489214,0.68,17,Friday,4.0,277,Negative,Macro,True,False,Evening,0
Twitter,Tweet,Sports,2193,85,1594,51541,287,378346,1.02,18,Friday,28.0,1630,Negative,Macro,True,False,Evening,0
Instagram,Reel,Fitness,7686,329,143,48505,281,70547,11.56,19,Friday,20.0,45,Neutral,Mid-tier,True,True,Evening,1
LinkedIn,Poll,Technology,1514,138,404,11736,168,36392,5.65,19,Friday,5.0,557,Positive,Micro,True,False,Evening,1
Facebook,Live,Food,1143,112,905,4547,455,436315,0.5,20,Friday,13.0,556,Positive,Macro,True,True,Evening,0
YouTube,Short,Fashion,19903,454,1846,540439,1983,88594,25.06,10,Saturday,6.0,199,Positive,Mid-tier,False,False,Morning,1
Twitter,Tweet,Education,4196,104,487,85559,411,493006,0.97,10,Saturday,7.0,1704,Positive,Macro,True,False,Morning,0
Facebook,Post,Health,2757,145,493,51193,665,190019,1.79,11,Saturday,29.0,870,Positive,Macro,True,True,Morning,0
TikTok,Video,Travel,3554,760,4640,459013,1267,156781,5.71,13,Saturday,17.0,392,Neutral,Macro,True,False,Afternoon,1
LinkedIn,Poll,Gaming,430,63,158,25204,93,288669,0.23,20,Saturday,28.0,1053,Positive,Macro,False,False,Evening,0
Twitter,Video,Entertainment,526,272,528,88533,99,303704,0.44,21,Saturday,13.0,548,Positive,Macro,True,False,Night,0
TikTok,Stitch,Lifestyle,7520,1667,4627,260023,2588,22865,60.42,1,Sunday,3.0,461,Negative,Micro,True,False,Night,1
Twitter,Retweet,Health,817,258,1091,4463,32,140535,1.54,9,Sunday,19.0,445,Positive,Macro,True,False,Morning,0
TikTok,Duet,Fashion,47032,630,804,118831,446,135537,35.76,22,Sunday,28.0,579,Neutral,Macro,True,False,Night,1
TikTok,Stitch,Food,28305,1724,1822,348307,1470,418463,7.61,0,Monday,21.0,374,Positive,Macro,True,False,Night,1
TikTok,Duet,Gaming,1765,784,2022,292179,2636,3911,116.88,4,Monday,6.0,229,Positive,Nano,True,True,Night,1
TikTok,Video,Education,35494,649,4226,365938,1345,388414,10.39,7,Monday,21.0,456,Neutral,Macro,True,False,Morning,1
LinkedIn,Document,Business,210,41,4,3785,36,367610,0.07,13,Monday,17.0,787,Neutral,Macro,True,True,Afternoon,0
YouTube,Live,Gaming,14829,841,836,985365,3197,350627,4.71,13,Monday,22.0,569,Neutral,Macro,True,False,Afternoon,1
TikTok,Stitch,Fitness,8197,858,81,321477,2519,270484,3.38,16,Monday,15.0,306,Neutral,Macro,True,False,Afternoon,1
Twitter,Thread,Business,1724,68,334,90939,198,133692,1.59,18,Monday,3.0,1130,Neutral,Macro,True,False,Evening,0
LinkedIn,Poll,Fitness,1695,111,401,15552,80,84653,2.61,23,Monday,18.0,827,Positive,Mid-tier,False,False,Night,1
LinkedIn,Post,Sports,911,148,470,13565,87,409069,0.37,21,Tuesday,28.0,1825,Neutral,Macro,True,False,Night,0
YouTube,Community Post,Health,9995,915,316,351639,4251,211901,5.3,23,Tuesday,1.0,54,Positive,Macro,True,False,Night,1
TikTok,Video,Food,43579,161,3947,8687,2081,489987,9.73,0,Wednesday,27.0,278,Neutral,Macro,False,False,Night,1
Instagram,Reel,Business,2966,148,57,25695,872,7679,41.29,2,Wednesday,17.0,365,Neutral,Nano,True,False,Night,1
Facebook,Video,Technology,4284,163,258,43767,534,219091,2.15,12,Wednesday,2.0,176,Neutral,Macro,True,False,Afternoon,0
Instagram,Carousel,Lifestyle,4850,214,233,5022,705,285449,1.86,13,Wednesday,24.0,1296,Neutral,Macro,True,True,Afternoon,0
Instagram,Story,Entertainment,9914,5,236,10620,777,81132,12.52,14,Wednesday,25.0,1464,Positive,Mid-tier,False,False,Afternoon,1
Twitter,Tweet,Entertainment,2585,261,303,28484,46,353273,0.89,21,Wednesday,15.0,445,Neutral,Macro,True,True,Night,0
Facebook,Video,Technology,133,261,312,46784,649,13254,5.33,22,Wednesday,16.0,334,Neutral,Micro,True,False,Night,1
TikTok,Duet,Lifestyle,48031,182,1147,59588,756,181061,27.26,2,Thursday,16.0,24,Positive,Macro,True,True,Night,1
Facebook,Video,Fashion,1869,201,5,27995,257,127766,1.62,6,Thursday,15.0,526,Positive,Macro,False,False,Morning,0
Instagram,Photo,Technology,1845,325,163,28590,358,73358,3.18,6,Thursday,16.0,1704,Negative,Mid-tier,True,False,Morning,1
Facebook,Post,Fitness,4896,264,859,79501,521,333834,1.8,8,Thursday,11.0,688,Neutral,Macro,True,False,Morning,0
LinkedIn,Article,Fashion,1934,104,379,4291,226,417742,0.58,11,Thursday,4.0,798,Positive,Macro,True,False,Morning,0
Instagram,Story,Fitness,7271,139,152,34391,243,166455,4.54,14,Thursday,23.0,1285,Positive,Macro,True,True,Afternoon,1
Facebook,Video,Food,4204,383,577,16888,289,84889,6.08,3,Friday,6.0,25,Positive,Mid-tier,False,True,Night,1
Twitter,Thread,Food,380,88,720,5314,410,396563,0.3,8,Friday,27.0,1786,Positive,Macro,True,False,Morning,0
Facebook,Post,Fitness,7438,232,906,6578,251,177106,4.84,9,Friday,23.0,1364,Neutral,Macro,True,True,Morning,1
YouTube,Live,Gaming,13015,258,950,580224,1622,471926,3.01,20,Friday,28.0,104,Positive,Macro,True,False,Evening,1
Instagram,Reel,Technology,4403,283,222,35873,500,193753,2.53,3,Saturday,8.0,501,Neutral,Macro,True,False,Night,1
Instagram,Photo,Entertainment,5594,46,210,19398,941,331548,1.76,8,Saturday,8.0,1242,Neutral,Macro,True,False,Morning,0
Facebook,Story,Lifestyle,6700,24,349,23904,770,183132,3.86,14,Saturday,26.0,1133,Neutral,Macro,False,True,Afternoon,1
LinkedIn,Document,Fashion,440,123,487,13682,88,277369,0.38,21,Saturday,19.0,265,Neutral,Macro,True,False,Night,0
Facebook,Post,Gaming,7695,271,488,18204,330,429167,1.97,3,Sunday,10.0,784,Positive,Macro,True,False,Night,0
Twitter,Poll,Gaming,1958,148,368,16958,257,373878,0.66,12,Sunday,22.0,727,Positive,Macro,True,True,Afternoon,0
Facebook,Story,Sports,1565,148,94,57000,146,136546,1.32,14,Sunday,19.0,68,Positive,Macro,False,False,Afternoon,0
Instagram,Photo,Education,4517,117,253,25014,350,372474,1.31,18,Sunday,13.0,367,Neutral,Macro,False,True,Evening,0
LinkedIn,Post,Travel,1289,62,310,26728,180,5276,31.48,20,Sunday,5.0,1012,Positive,Nano,True,True,Evening,1
Twitter,Thread,Technology,2914,171,769,6465,464,473986,0.81,0,Monday,23.0,1256,Positive,Macro,True,True,Night,0
Instagram,Carousel,Gaming,1611,266,145,22063,877,49019,4.12,1,Monday,17.0,322,Neutral,Micro,True,True,Night,1
Twitter,Tweet,Health,1838,106,1203,19725,372,231295,1.36,7,Monday,15.0,1110,Positive,Macro,True,False,Morning,0
Twitter,Tweet,Sports,2722,198,480,98504,399,416406,0.82,8,Monday,3.0,1578,Positive,Macro,True,True,Morning,0
Facebook,Post,Health,5896,364,660,72555,93,86233,8.02,11,Monday,6.0,1251,Negative,Mid-tier,True,False,Morning,1
Twitter,Retweet,Sports,2735,179,1886,17007,422,141216,3.4,16,Monday,2.0,1112,Negative,Macro,True,True,Afternoon,1
Instagram,Photo,Food,2830,220,232,2952,178,353822,0.93,1,Tuesday,18.0,1769,Neutral,Macro,True,False,Night,0
Twitter,Retweet,Business,1414,34,753,68957,340,320537,0.69,2,Tuesday,12.0,1033,Positive,Macro,True,False,Night,0
Facebook,Live,Fashion,2957,285,820,56369,546,276140,1.47,3,Tuesday,3.0,343,Positive,Macro,True,False,Night,0
Instagram,Reel,Travel,5137,447,229,5343,155,279902,2.08,3,Tuesday,22.0,439,Positive,Macro,True,False,Night,0
LinkedIn,Poll,Sports,1342,91,116,12649,61,298943,0.52,14,Tuesday,28.0,936,Neutral,Macro,False,False,Afternoon,0
YouTube,Community Post,Education,6643,244,1557,857878,3837,468841,1.8,23,Tuesday,16.0,298,Positive,Macro,True,False,Night,0
Facebook,Video,Gaming,5709,381,82,12605,292,415742,1.48,0,Wednesday,25.0,221,Neutral,Macro,True,False,Night,0
YouTube,Community Post,Travel,3395,622,241,830984,4194,271894,1.57,6,Wednesday,27.0,755,Neutral,Macro,False,False,Morning,0
LinkedIn,Post,Lifestyle,1005,6,284,7204,204,234217,0.55,8,Wednesday,2.0,1834,Positive,Macro,True,True,Morning,0
Instagram,Photo,Education,1124,331,41,4774,560,138318,1.08,10,Wednesday,15.0,1331,Positive,Macro,True,True,Morning,0
LinkedIn,Article,Gaming,1613,16,486,21641,296,89792,2.36,12,Wednesday,16.0,1318,Positive,Mid-tier,True,False,Afternoon,1
Instagram,Carousel,Fashion,6406,163,101,2352,121,161174,4.14,13,Wednesday,9.0,1069,Positive,Macro,True,False,Afternoon,1
TikTok,Duet,Business,34628,1876,4027,359052,2725,211483,19.17,19,Wednesday,7.0,333,Negative,Macro,True,False,Evening,1
TikTok,Duet,Education,27526,906,1943,160964,1938,177922,17.07,22,Wednesday,14.0,392,Negative,Macro,True,False,Night,1
LinkedIn,Document,Travel,1154,80,207,11304,160,87228,1.65,1,Thursday,22.0,137,Positive,Mid-tier,False,True,Night,0
Instagram,Story,Sports,7755,463,25,33246,787,216805,3.8,1,Thursday,29.0,558,Positive,Macro,False,False,Night,1
YouTube,Live,Travel,2324,190,600,323775,2500,365352,0.85,5,Thursday,21.0,111,Neutral,Macro,True,False,Morning,0
Instagram,Story,Fitness,9071,348,153,15734,374,14970,63.94,10,Thursday,2.0,1346,Positive,Micro,True,False,Morning,1
LinkedIn,Document,Education,1873,128,46,16077,239,126088,1.62,12,Thursday,13.0,1413,Neutral,Macro,True,False,Afternoon,0
Instagram,Photo,Entertainment,3458,142,83,47227,803,296029,1.24,16,Thursday,14.0,1414,Neutral,Macro,True,True,Afternoon,0
Twitter,Tweet,Fitness,996,69,530,19973,114,389977,0.41,17,Thursday,13.0,947,Neutral,Macro,False,False,Evening,0
Facebook,Post,Fashion,3409,65,764,24817,660,347102,1.22,21,Thursday,27.0,1483,Positive,Macro,True,False,Night,0
Twitter,Tweet,Gaming,2377,275,1567,14127,394,494388,0.85,23,Thursday,20.0,706,Neutral,Macro,True,False,Night,0
TikTok,Video,Fitness,18161,1249,3032,122700,2750,12463,180.07,1,Friday,12.0,571,Neutral,Micro,True,True,Night,1
Facebook,Story,Travel,5041,368,86,47772,335,75538,7.27,1,Friday,5.0,349,Positive,Mid-tier,False,False,Night,1
TikTok,Stitch,Technology,41704,1595,2155,354084,1697,27591,164.74,4,Friday,26.0,417,Neutral,Micro,True,False,Night,1
TikTok,Video,Technology,38310,1832,1375,37007,2314,165603,25.07,4,Friday,6.0,404,Positive,Macro,True,False,Night,1
Facebook,Video,Travel,1339,252,838,30792,345,89283,2.72,8,Friday,18.0,559,Negative,Mid-tier,True,True,Morning,1
Facebook,Video,Travel,1330,113,228,58090,777,395226,0.42,10,Friday,8.0,410,Neutral,Macro,False,True,Morning,0
Facebook,Live,Entertainment,2802,5,695,65863,459,292288,1.2,10,Friday,0.0,559,Positive,Macro,False,False,Morning,0
TikTok,Stitch,Gaming,46624,272,2651,380796,2480,377597,13.12,11,Friday,9.0,266,Positive,Macro,False,False,Morning,1
TikTok,Stitch,Food,9607,1999,1168,136003,1736,387842,3.29,12,Friday,25.0,553,Positive,Macro,True,False,Afternoon,1
Facebook,Live,Sports,4861,152,472,68325,708,407923,1.34,12,Friday,28.0,347,Neutral,Macro,True,False,Afternoon,0
YouTube,Community Post,Food,17484,406,1393,540707,2269,201754,9.56,13,Friday,7.0,124,Positive,Macro,False,False,Afternoon,1
Twitter,Retweet,Sports,1954,54,988,50855,451,5347,56.03,20,Friday,3.0,1380,Positive,Nano,True,True,Evening,1
YouTube,Community Post,Lifestyle,9661,765,665,736002,375,59789,18.55,20,Friday,27.0,128,Neutral,Mid-tier,True,False,Evening,1
TikTok,Video,Health,2053,877,3313,262654,945,118754,5.26,4,Saturday,26.0,21,Positive,Macro,True,False,Night,1
Facebook,Post,Lifestyle,4748,3,557,24911,427,130828,4.06,5,Saturday,5.0,1720,Negative,Macro,True,False,Morning,1
TikTok,Video,Technology,5330,1154,2083,435818,1596,182293,4.7,5,Saturday,14.0,157,Neutral,Macro,True,True,Morning,1
Twitter,Retweet,Entertainment,247,18,1613,41533,184,499059,0.38,11,Saturday,22.0,706,Neutral,Macro,True,False,Morning,0
Twitter,Tweet,Entertainment,590,62,821,45944,74,54988,2.68,12,Saturday,4.0,141,Neutral,Mid-tier,True,False,Afternoon,1
Facebook,Video,Health,1357,250,158,61752,452,394365,0.45,23,Saturday,9.0,84,Positive,Macro,False,True,Night,0
TikTok,Duet,Education,11552,1038,3377,432797,1467,242483,6.58,4,Sunday,7.0,190,Positive,Macro,True,False,Night,1
Facebook,Story,Fashion,4000,114,457,14427,329,62355,7.33,5,Sunday,7.0,121,Positive,Mid-tier,False,False,Morning,1
Instagram,Story,Travel,155,262,197,43652,986,334923,0.18,13,Sunday,23.0,386,Negative,Macro,True,False,Afternoon,0
YouTube,Short,Lifestyle,16273,111,107,199511,3590,468830,3.52,19,Sunday,17.0,203,Negative,Macro,True,True,Evening,1
Instagram,Reel,Food,3818,229,149,30584,801,112425,3.73,20,Sunday,14.0,494,Negative,Macro,True,False,Evening,1
YouTube,Community Post,Food,17174,308,1095,589345,4901,421999,4.4,9,Monday,4.0,510,Neutral,Macro,True,False,Morning,1
LinkedIn,Post,Technology,1245,118,446,23176,14,317797,0.57,0,Tuesday,29.0,1848,Neutral,Macro,False,False,Night,0
Instagram,Story,Education,5246,488,238,45239,300,328734,1.82,5,Tuesday,17.0,1058,Negative,Macro,True,False,Morning,0
TikTok,Duet,Lifestyle,25866,1668,3677,288374,2346,110458,28.26,5,Tuesday,7.0,166,Negative,Macro,True,False,Morning,1
TikTok,Video,Fitness,40345,764,3142,116086,2506,298160,14.84,7,Tuesday,19.0,368,Positive,Macro,True,False,Morning,1
Instagram,Photo,Travel,192,374,139,37849,446,279588,0.25,12,Tuesday,5.0,173,Positive,Macro,True,False,Afternoon,0
Instagram,Carousel,Travel,452,420,68,13414,378,295749,0.32,17,Tuesday,4.0,88,Positive,Macro,True,False,Evening,0
TikTok,Video,Entertainment,12918,1558,4132,327253,519,421189,4.42,22,Tuesday,11.0,70,Neutral,Macro,True,False,Night,1
Twitter,Retweet,Business,3675,17,1578,60056,449,272786,1.93,4,Wednesday,15.0,1644,Neutral,Macro,False,False,Night,0
Twitter,Thread,Lifestyle,3353,32,1133,91935,442,51106,8.84,6,Wednesday,7.0,130,Positive,Mid-tier,True,False,Morning,1
Instagram,Carousel,Entertainment,5642,404,81,6777,430,87809,6.98,7,Wednesday,19.0,1194,Neutral,Mid-tier,False,False,Morning,1
Instagram,Photo,Gaming,3482,438,124,19268,617,54736,7.39,12,Wednesday,23.0,1810,Positive,Mid-tier,True,True,Afternoon,1
Instagram,Reel,Entertainment,8589,244,59,24898,704,359583,2.47,14,Wednesday,4.0,66,Positive,Macro,True,False,Afternoon,1
Facebook,Live,Technology,1219,92,842,78379,445,147101,1.46,16,Wednesday,26.0,528,Negative,Macro,True,True,Afternoon,0
TikTok,Video,Technology,10794,723,198,117696,1979,272247,4.3,22,Wednesday,14.0,479,Neutral,Macro,False,False,Night,1
Twitter,Poll,Education,2674,230,1153,91945,491,184474,2.2,12,Thursday,16.0,451,Positive,Macro,True,False,Afternoon,0
Twitter,Thread,Lifestyle,1923,130,1251,50577,358,422636,0.78,14,Thursday,0.0,1653,Neutral,Macro,True,False,Afternoon,0
TikTok,Video,Fitness,30428,1081,3101,449648,85,221299,15.64,15,Thursday,4.0,405,Positive,Macro,True,True,Afternoon,1
Twitter,Tweet,Education,1127,27,1203,21096,426,460424,0.51,17,Thursday,25.0,1629,Negative,Macro,True,False,Evening,0
Instagram,Reel,Technology,368,47,160,44124,974,81619,0.7,19,Thursday,24.0,156,Positive,Mid-tier,True,False,Evening,0
Instagram,Story,Fitness,4605,65,122,23746,555,173848,2.76,21,Thursday,4.0,896,Positive,Macro,True,False,Night,1
Instagram,Carousel,Lifestyle,8942,246,64,23984,706,72600,12.74,7,Friday,29.0,618,Positive,Mid-tier,True,False,Morning,1
TikTok,Video,Sports,44753,379,3670,274693,1159,376305,12.97,8,Friday,24.0,523,Neutral,Macro,True,False,Morning,1
Instagram,Carousel,Sports,2465,396,297,11460,354,55887,5.65,9,Friday,19.0,1199,Negative,Mid-tier,True,True,Morning,1
Facebook,Post,Business,6554,338,482,26584,310,235086,3.14,15,Friday,7.0,1443,Positive,Macro,True,False,Afternoon,1
Facebook,Video,Business,1359,116,540,26180,469,153958,1.31,15,Friday,26.0,201,Negative,Macro,False,False,Afternoon,0
Facebook,Story,Entertainment,6657,339,726,77110,105,239692,3.22,16,Friday,27.0,1029,Positive,Macro,False,False,Afternoon,1
Twitter,Retweet,Business,3274,62,444,80720,219,461382,0.82,0,Saturday,19.0,305,Neutral,Macro,True,False,Night,0
Twitter,Retweet,Lifestyle,642,223,1980,49865,214,94245,3.02,0,Saturday,23.0,213,Neutral,Mid-tier,True,False,Night,1
Instagram,Photo,Travel,296,222,32,23586,655,327421,0.17,1,Saturday,13.0,79,Positive,Macro,True,False,Night,0
Instagram,Photo,Health,232,228,165,38764,714,408047,0.15,3,Saturday,20.0,917,Positive,Macro,True,True,Night,0
Twitter,Thread,Fitness,874,108,1937,68562,456,252240,1.16,9,Saturday,6.0,132,Positive,Macro,True,False,Morning,0
Instagram,Photo,Health,5746,225,287,23493,108,280346,2.23,10,Saturday,4.0,396,Positive,Macro,True,False,Morning,0
LinkedIn,Post,Entertainment,110,60,44,14122,113,7870,2.72,16,Saturday,2.0,676,Positive,Nano,True,False,Afternoon,1
Twitter,Tweet,Fashion,4555,241,553,86223,404,77800,6.88,18,Saturday,23.0,987,Neutral,Mid-tier,True,False,Evening,1
LinkedIn,Post,Gaming,1106,50,310,11041,128,55211,2.66,5,Sunday,16.0,1347,Neutral,Mid-tier,True,False,Morning,1
TikTok,Duet,Technology,9717,1550,550,242225,2883,344365,3.43,8,Sunday,3.0,84,Positive,Macro,True,False,Morning,1
Twitter,Retweet,Travel,36,64,1807,32734,43,50453,3.78,8,Sunday,4.0,418,Positive,Mid-tier,True,False,Morning,1
YouTube,Short,Entertainment,10882,270,1700,146780,1276,279335,4.6,11,Sunday,10.0,86,Positive,Macro,False,True,Morning,1
Twitter,Poll,Business,1872,59,1041,6044,104,180094,1.65,15,Sunday,3.0,1875,Positive,Macro,True,False,Afternoon,0
Instagram,Carousel,Entertainment,1756,46,61,41834,598,461058,0.4,17,Sunday,27.0,1455,Neutral,Macro,False,False,Evening,0
Instagram,Reel,Gaming,5981,117,195,10109,952,126986,4.96,21,Sunday,2.0,88,Positive,Macro,True,False,Night,1
TikTok,Stitch,Technology,6977,884,3829,441587,2157,395123,2.96,22,Sunday,8.0,324,Neutral,Macro,True,False,Night,1
Facebook,Video,Gaming,5643,145,586,55516,401,378692,1.68,19,Monday,22.0,489,Neutral,Macro,True,True,Evening,0
Instagram,Carousel,Gaming,7468,436,148,27007,503,371512,2.17,23,Monday,25.0,624,Positive,Macro,False,True,Night,0
Twitter,Retweet,Travel,1654,237,723,5076,203,322321,0.81,23,Monday,29.0,1402,Neutral,Macro,True,True,Night,0
LinkedIn,Poll,Fashion,1678,138,337,27186,285,259860,0.83,4,Tuesday,17.0,351,Positive,Macro,True,False,Night,0
Facebook,Video,Fashion,6046,343,157,33108,452,434390,1.51,19,Tuesday,20.0,557,Neutral,Macro,False,True,Evening,0
Instagram,Carousel,Sports,4794,110,70,45233,201,29736,16.73,22,Tuesday,9.0,668,Positive,Micro,True,True,Night,1
YouTube,Short,Gaming,5158,175,859,927489,144,23227,26.66,22,Tuesday,8.0,219,Positive,Micro,True,False,Night,1
LinkedIn,Document,Sports,457,68,127,13342,186,66055,0.99,22,Tuesday,23.0,1332,Positive,Mid-tier,True,False,Night,0
Twitter,Retweet,Travel,1879,226,70,44148,450,205324,1.06,5,Wednesday,21.0,1585,Neutral,Macro,True,False,Morning,0
Facebook,Live,Lifestyle,3071,297,14,45033,264,81607,4.14,8,Wednesday,6.0,38,Positive,Mid-tier,True,False,Morning,1
Instagram,Carousel,Gaming,6410,483,115,25312,485,164830,4.25,12,Wednesday,20.0,1479,Neutral,Macro,True,False,Afternoon,1
Instagram,Photo,Entertainment,6715,456,173,5632,734,339432,2.16,14,Wednesday,15.0,183,Neutral,Macro,True,True,Afternoon,0
TikTok,Duet,Health,2944,1213,2753,222412,2720,36189,19.09,20,Wednesday,22.0,363,Neutral,Micro,True,False,Evening,1
LinkedIn,Article,Lifestyle,1401,54,337,26204,22,56930,3.15,6,Thursday,11.0,1304,Neutral,Mid-tier,True,True,Morning,1
TikTok,Duet,Business,11567,17,2539,113715,2193,168071,8.4,8,Thursday,24.0,320,Negative,Macro,True,False,Morning,1
Instagram,Reel,Fitness,6207,285,45,26476,304,42732,15.3,9,Thursday,25.0,15,Neutral,Micro,True,False,Morning,1
Facebook,Story,Business,2181,356,747,43850,216,70168,4.68,11,Thursday,0.0,204,Negative,Mid-tier,True,False,Morning,1
Instagram,Story,Food,6529,30,122,30484,371,443142,1.51,12,Thursday,3.0,1764,Negative,Macro,True,False,Afternoon,0
TikTok,Duet,Fitness,19715,868,3571,325954,145,122280,19.75,17,Thursday,22.0,403,Positive,Macro,False,True,Evening,1
TikTok,Duet,Health,3775,629,972,352364,2898,304267,1.77,17,Thursday,11.0,415,Positive,Macro,True,False,Evening,0
Facebook,Video,Education,6797,209,868,2669,240,283224,2.78,19,Thursday,27.0,60,Negative,Macro,True,True,Evening,1
YouTube,Community Post,Education,7108,546,906,84247,658,336345,2.55,3,Friday,22.0,1302,Positive,Macro,True,False,Night,1
Instagram,Reel,Travel,2571,172,187,19586,28,410491,0.71,5,Friday,28.0,133,Neutral,Macro,True,False,Morning,0
Facebook,Post,Gaming,4782,99,792,47315,34,494011,1.15,5,Friday,21.0,1845,Negative,Macro,True,False,Morning,0
Facebook,Live,Technology,7760,261,242,61461,352,464013,1.78,6,Friday,9.0,433,Neutral,Macro,True,False,Morning,0
LinkedIn,Post,Lifestyle,268,53,101,5220,114,93648,0.45,7,Friday,26.0,665,Neutral,Mid-tier,True,True,Morning,0
Instagram,Photo,Fashion,3360,77,73,37943,526,40781,8.61,10,Friday,1.0,1163,Neutral,Micro,True,False,Morning,1
Twitter,Tweet,Gaming,587,106,136,3019,52,491323,0.17,21,Friday,1.0,683,Negative,Macro,True,False,Night,0
Facebook,Post,Lifestyle,4214,377,401,13451,154,198056,2.52,23,Friday,5.0,713,Neutral,Macro,True,False,Night,1
Twitter,Tweet,Education,2880,213,588,99873,224,370244,0.99,6,Saturday,23.0,999,Positive,Macro,False,False,Morning,0
Twitter,Thread,Food,953,29,229,6437,488,325882,0.37,6,Saturday,21.0,1705,Negative,Macro,True,False,Morning,0
Instagram,Carousel,Sports,2228,117,287,3346,939,342263,0.77,8,Saturday,17.0,1764,Positive,Macro,False,False,Morning,0
Facebook,Post,Education,6561,281,785,19440,422,325322,2.34,12,Saturday,3.0,1018,Positive,Macro,True,False,Afternoon,1
Twitter,Retweet,Gaming,4806,38,105,33286,194,213923,2.31,13,Saturday,10.0,1216,Positive,Macro,True,True,Afternoon,1
Instagram,Photo,Technology,8669,110,108,5254,271,486532,1.83,17,Saturday,29.0,1673,Positive,Macro,True,True,Evening,0
LinkedIn,Post,Sports,497,78,39,3965,32,413060,0.15,18,Saturday,15.0,487,Neutral,Macro,True,False,Evening,0
Facebook,Video,Food,2406,335,458,69795,771,190086,1.68,20,Saturday,7.0,197,Neutral,Macro,True,True,Evening,0
LinkedIn,Poll,Fashion,1215,57,43,15701,203,380203,0.35,3,Sunday,6.0,1750,Neutral,Macro,True,False,Night,0
TikTok,Stitch,Sports,14319,1627,2076,448888,1633,114323,15.76,3,Sunday,14.0,296,Negative,Macro,True,True,Night,1
Facebook,Story,Fashion,6083,316,610,33864,613,338155,2.07,5,Sunday,6.0,1679,Positive,Macro,True,False,Morning,0
Facebook,Post,Lifestyle,3417,116,171,75775,269,57464,6.45,9,Sunday,14.0,1892,Positive,Mid-tier,True,True,Morning,1
Twitter,Thread,Technology,899,2,171,3063,149,343265,0.31,9,Sunday,23.0,459,Negative,Macro,True,False,Morning,0
Twitter,Retweet,Business,965,295,1029,15118,31,216550,1.06,10,Sunday,12.0,1110,Positive,Macro,True,False,Morning,0
Twitter,Tweet,Fashion,820,279,1722,60757,8,455652,0.62,20,Sunday,28.0,1117,Positive,Macro,True,False,Evening,0
Twitter,Thread,Gaming,2600,81,843,33454,326,79536,4.43,1,Monday,13.0,1570,Neutral,Mid-tier,True,False,Night,1
TikTok,Video,Business,10512,884,236,382207,1659,350765,3.32,2,Monday,12.0,138,Negative,Macro,True,False,Night,1
Twitter,Retweet,Gaming,246,287,1312,58012,439,358859,0.51,5,Monday,20.0,545,Neutral,Macro,False,False,Morning,0
LinkedIn,Article,Lifestyle,55,136,56,5697,163,54957,0.45,6,Monday,23.0,1758,Positive,Mid-tier,True,True,Morning,0
Twitter,Thread,Food,4937,148,29,32852,185,222044,2.3,6,Monday,19.0,481,Positive,Macro,True,True,Morning,1
LinkedIn,Post,Fashion,645,15,347,28575,49,459386,0.22,13,Monday,15.0,1420,Positive,Macro,True,False,Afternoon,0
TikTok,Video,Entertainment,41320,1533,3212,386785,1313,39991,115.19,16,Monday,20.0,596,Positive,Micro,False,True,Afternoon,1
Twitter,Retweet,Health,3072,88,238,6322,36,265561,1.28,0,Tuesday,14.0,1218,Positive,Macro,True,False,Night,0
Instagram,Reel,Food,5835,82,141,34791,99,57778,10.48,6,Tuesday,11.0,233,Positive,Mid-tier,False,False,Morning,1
Instagram,Carousel,Fitness,8914,236,161,40050,569,70513,13.2,13,Tuesday,4.0,1045,Neutral,Mid-tier,False,False,Afternoon,1
Facebook,Video,Health,3779,262,880,70769,273,460698,1.07,19,Tuesday,12.0,302,Positive,Macro,True,False,Evening,0
YouTube,Community Post,Sports,1917,542,1209,737619,2843,372060,0.99,22,Tuesday,14.0,480,Negative,Macro,True,False,Night,0
LinkedIn,Post,Gaming,435,94,107,4728,83,248913,0.26,23,Tuesday,28.0,365,Neutral,Macro,False,True,Night,0
Instagram,Carousel,Fitness,4597,465,264,32729,844,437987,1.22,23,Tuesday,26.0,1600,Positive,Macro,True,True,Night,0
Twitter,Thread,Gaming,1648,217,1019,56760,167,437848,0.66,4,Wednesday,14.0,1571,Positive,Macro,False,False,Night,0
TikTok,Stitch,Entertainment,42099,737,4743,9213,2367,276733,17.19,10,Wednesday,23.0,105,Neutral,Macro,True,True,Morning,1
Instagram,Carousel,Technology,5173,48,57,49181,264,180984,2.92,11,Wednesday,7.0,1931,Positive,Macro,False,False,Morning,1
Instagram,Carousel,Travel,9745,172,92,46670,732,48763,20.53,0,Thursday,9.0,863,Positive,Micro,True,False,Night,1
Instagram,Reel,Sports,789,93,93,46066,51,455438,0.21,5,Thursday,11.0,570,Positive,Macro,True,True,Morning,0
Facebook,Live,Entertainment,2308,143,622,46620,56,260871,1.18,9,Thursday,12.0,180,Neutral,Macro,True,False,Morning,0
Facebook,Post,Entertainment,5195,91,702,74902,708,12481,47.98,10,Thursday,26.0,933,Positive,Micro,True,False,Morning,1
Instagram,Photo,Gaming,1994,374,209,3883,953,442080,0.58,11,Thursday,23.0,1970,Positive,Macro,True,True,Morning,0
Twitter,Retweet,Entertainment,1364,84,1462,13304,373,28998,10.04,12,Thursday,15.0,1082,Neutral,Micro,False,False,Afternoon,1
Facebook,Story,Lifestyle,2029,55,644,78103,511,52132,5.23,13,Thursday,19.0,506,Positive,Mid-tier,True,False,Afternoon,1
Twitter,Retweet,Gaming,102,266,1257,13281,277,191539,0.85,17,Thursday,7.0,463,Positive,Macro,True,False,Evening,0
Facebook,Post,Food,136,347,941,29762,356,434779,0.33,18,Thursday,1.0,1581,Positive,Macro,True,False,Evening,0
Instagram,Photo,Education,1130,244,258,37721,210,335406,0.49,20,Thursday,13.0,338,Positive,Macro,True,False,Evening,0
Instagram,Story,Travel,6437,335,139,11791,528,11520,59.99,20,Thursday,21.0,1064,Negative,Micro,True,False,Evening,1
LinkedIn,Document,Technology,493,81,497,9462,253,367374,0.29,20,Thursday,21.0,993,Positive,Macro,True,True,Evening,0
TikTok,Stitch,Business,18641,688,3548,172399,1882,396293,5.77,22,Thursday,29.0,109,Positive,Macro,True,False,Night,1
Instagram,Carousel,Business,9520,470,278,21826,511,291128,3.53,5,Friday,4.0,869,Positive,Macro,True,False,Morning,1
Instagram,Story,Lifestyle,2417,169,209,17131,441,97991,2.85,8,Friday,20.0,226,Negative,Mid-tier,True,False,Morning,1
Instagram,Story,Health,9705,202,288,29736,378,305946,3.33,13,Friday,22.0,1024,Positive,Macro,True,False,Afternoon,1
TikTok,Duet,Fashion,41374,1469,3479,156628,2996,245278,18.89,20,Friday,2.0,274,Neutral,Macro,True,False,Evening,1
Instagram,Photo,Travel,7495,468,190,25993,187,351332,2.32,22,Friday,16.0,866,Neutral,Macro,True,False,Night,1
Instagram,Photo,Travel,1175,378,283,8475,815,145421,1.26,0,Saturday,0.0,1535,Neutral,Macro,False,False,Night,0
Instagram,Carousel,Lifestyle,9679,298,36,16033,401,151362,6.62,4,Saturday,6.0,1561,Neutral,Macro,True,False,Night,1
Twitter,Poll,Technology,3977,282,355,97589,418,473988,0.97,5,Saturday,19.0,1601,Positive,Macro,True,False,Morning,0
TikTok,Video,Business,37675,1567,1781,105244,1856,441830,9.28,6,Saturday,12.0,108,Positive,Macro,True,True,Morning,1
Twitter,Poll,Sports,2062,135,503,38260,491,400096,0.67,8,Saturday,17.0,981,Neutral,Macro,True,True,Morning,0
YouTube,Community Post,Health,17196,610,1413,796066,3034,461721,4.16,8,Saturday,21.0,1979,Positive,Macro,True,False,Morning,1
Facebook,Story,Business,3389,197,770,20846,482,456240,0.95,12,Saturday,18.0,680,Negative,Macro,True,True,Afternoon,0
Instagram,Photo,Education,2465,130,214,31919,693,406223,0.69,18,Saturday,16.0,1841,Positive,Macro,True,True,Evening,0
TikTok,Video,Technology,49422,222,1573,20861,1645,380534,13.46,20,Saturday,6.0,573,Positive,Macro,True,False,Evening,1
Facebook,Live,Business,3697,201,559,69158,99,101398,4.4,2,Sunday,12.0,46,Positive,Macro,True,False,Night,1
Facebook,Post,Travel,2957,216,749,47412,22,7180,54.62,3,Sunday,0.0,1019,Neutral,Nano,True,False,Night,1
Twitter,Poll,Technology,3729,261,499,70986,218,499512,0.9,7,Sunday,29.0,1337,Positive,Macro,True,False,Morning,0
Instagram,Reel,Travel,5156,345,299,42740,733,342024,1.7,7,Sunday,29.0,152,Positive,Macro,True,False,Morning,0
Instagram,Photo,Entertainment,461,450,151,42807,408,147967,0.72,20,Sunday,26.0,567,Neutral,Macro,False,False,Evening,0
Twitter,Tweet,Food,3667,120,739,84611,182,259189,1.75,23,Sunday,23.0,80,Positive,Macro,True,False,Night,0
Facebook,Post,Education,5932,18,518,28093,37,477218,1.36,1,Monday,19.0,1433,Positive,Macro,True,True,Night,0
Twitter,Retweet,Health,4779,132,1654,14696,226,146375,4.49,4,Monday,22.0,1565,Positive,Macro,True,False,Night,1
TikTok,Stitch,Technology,18362,19,3650,160126,1333,20842,105.7,7,Monday,10.0,164,Positive,Micro,True,False,Morning,1
Instagram,Carousel,Business,5388,278,148,16191,865,81199,7.16,9,Monday,8.0,1854,Positive,Mid-tier,True,False,Morning,1
Twitter,Tweet,Technology,4611,4,700,42232,372,235915,2.25,12,Monday,19.0,1206,Neutral,Macro,True,True,Afternoon,0
Facebook,Video,Education,7990,28,181,53598,436,216973,3.78,14,Monday,3.0,386,Negative,Macro,True,False,Afternoon,1
Facebook,Story,Technology,6530,386,563,44797,716,318814,2.35,14,Monday,0.0,691,Positive,Macro,True,False,Afternoon,1
TikTok,Duet,Health,44327,835,1105,272590,1979,51337,90.12,19,Monday,10.0,220,Positive,Mid-tier,True,True,Evening,1
Facebook,Story,Entertainment,1569,364,862,18786,664,154626,1.81,23,Monday,14.0,1720,Negative,Macro,True,True,Night,0
Facebook,Story,Health,1637,97,820,57105,333,309501,0.83,23,Monday,16.0,1944,Positive,Macro,True,False,Night,0
Facebook,Live,Sports,3903,50,321,27632,554,118158,3.62,23,Monday,26.0,292,Positive,Macro,True,False,Night,1
TikTok,Duet,Sports,41419,185,504,235804,2130,369134,11.41,0,Tuesday,3.0,84,Positive,Macro,False,True,Night,1
LinkedIn,Post,Health,358,111,353,29077,16,274745,0.3,7,Tuesday,25.0,1289,Negative,Macro,True,False,Morning,0
Twitter,Retweet,Fitness,2816,116,812,62146,250,18128,20.65,14,Tuesday,17.0,1982,Neutral,Micro,True,False,Afternoon,1
Facebook,Story,Food,4506,318,541,28282,401,143563,3.74,23,Tuesday,19.0,1134,Positive,Macro,True,False,Night,1
Facebook,Story,Sports,2091,58,407,64629,206,43617,5.86,1,Wednesday,2.0,1589,Neutral,Micro,True,False,Night,1
Instagram,Reel,Fashion,3072,29,147,34815,96,341484,0.95,2,Wednesday,11.0,151,Neutral,Macro,True,True,Night,0
Facebook,Live,Education,4654,175,978,32215,222,374917,1.55,11,Wednesday,11.0,60,Neutral,Macro,True,False,Morning,0
Facebook,Video,Lifestyle,6871,80,394,41025,575,238704,3.08,13,Wednesday,22.0,580,Neutral,Macro,True,True,Afternoon,1
Facebook,Live,Fashion,890,296,645,26375,399,328217,0.56,14,Wednesday,18.0,311,Neutral,Macro,True,False,Afternoon,0
Twitter,Tweet,Education,3564,180,512,13740,274,417789,1.02,22,Wednesday,21.0,1684,Positive,Macro,True,False,Night,0
Instagram,Photo,Lifestyle,8067,260,142,13785,402,427102,1.98,8,Thursday,14.0,1204,Positive,Macro,True,False,Morning,0
Instagram,Carousel,Food,4986,382,72,45416,347,222293,2.45,11,Thursday,8.0,1179,Positive,Macro,True,False,Morning,1
Twitter,Tweet,Business,384,284,1363,89715,243,180432,1.13,21,Thursday,3.0,1446,Positive,Macro,True,False,Night,0
Facebook,Video,Technology,2903,134,201,11074,427,8402,38.54,1,Friday,25.0,517,Positive,Nano,True,True,Night,1
Facebook,Story,Entertainment,1215,342,891,39677,305,282252,0.87,7,Friday,5.0,1622,Neutral,Macro,True,True,Morning,0
Twitter,Tweet,Fashion,1130,268,720,76069,337,239038,0.89,7,Friday,5.0,541,Neutral,Macro,True,True,Morning,0
Instagram,Photo,Technology,8258,307,63,26142,77,269879,3.2,10,Friday,18.0,1943,Positive,Macro,True,False,Morning,1
LinkedIn,Post,Travel,1325,66,461,29902,60,462782,0.4,19,Friday,29.0,1922,Positive,Macro,True,False,Evening,0
Twitter,Retweet,Fashion,4038,110,1451,35136,270,180838,3.1,20,Friday,17.0,1442,Neutral,Macro,True,False,Evening,1
Instagram,Story,Gaming,9443,440,27,7053,767,128760,7.7,21,Friday,18.0,1958,Negative,Macro,True,False,Night,1
Instagram,Reel,Sports,4784,50,195,7005,730,28140,17.87,22,Friday,13.0,184,Neutral,Micro,True,False,Night,1
TikTok,Stitch,Lifestyle,10874,563,347,274189,1238,210644,5.59,7,Saturday,11.0,555,Positive,Macro,False,True,Morning,1
Facebook,Video,Education,2578,179,804,10734,222,396528,0.9,7,Saturday,28.0,139,Positive,Macro,True,False,Morning,0
Twitter,Retweet,Technology,3622,93,655,7500,224,297055,1.47,9,Saturday,28.0,1395,Positive,Macro,True,True,Morning,0
Instagram,Story,Education,3655,489,73,44977,512,96779,4.36,9,Saturday,7.0,410,Neutral,Mid-tier,True,False,Morning,1
Instagram,Photo,Fashion,5861,432,193,25472,225,135819,4.78,10,Saturday,22.0,1179,Negative,Macro,True,False,Morning,1
Twitter,Thread,Education,3378,293,1182,53123,137,150502,3.22,11,Saturday,3.0,1540,Positive,Macro,True,False,Morning,1
Instagram,Carousel,Fashion,1474,32,221,905,623,467363,0.37,21,Saturday,10.0,260,Positive,Macro,True,True,Night,0
YouTube,Video,Entertainment,10384,557,1453,63977,809,242618,5.11,23,Saturday,0.0,413,Positive,Macro,True,True,Night,1
Facebook,Post,Education,5651,179,119,6418,479,427950,1.39,1,Sunday,8.0,1103,Positive,Macro,True,False,Night,0
Facebook,Post,Education,3207,38,420,11596,316,455581,0.8,2,Sunday,7.0,378,Neutral,Macro,True,False,Night,0
LinkedIn,Article,Lifestyle,731,119,357,2007,264,249759,0.48,2,Sunday,11.0,1330,Positive,Macro,True,True,Night,0
TikTok,Duet,Education,13392,217,1343,261817,1052,351641,4.25,7,Sunday,24.0,207,Positive,Macro,False,False,Morning,1
Facebook,Story,Lifestyle,3607,191,162,52669,253,338186,1.17,11,Sunday,13.0,324,Positive,Macro,True,False,Morning,0
TikTok,Video,Entertainment,16452,803,4710,408562,630,322979,6.8,14,Sunday,21.0,89,Positive,Macro,True,True,Afternoon,1
Twitter,Tweet,Business,115,108,636,66126,170,399803,0.21,18,Sunday,22.0,322,Neutral,Macro,True,True,Evening,0
LinkedIn,Article,Education,731,56,175,19362,260,489241,0.2,19,Sunday,24.0,387,Positive,Macro,True,False,Evening,0
Twitter,Retweet,Fitness,3274,283,362,52575,433,185105,2.12,20,Sunday,22.0,1108,Neutral,Macro,True,False,Evening,0
Facebook,Post,Gaming,6130,38,954,76627,495,228624,3.12,23,Sunday,15.0,344,Positive,Macro,True,False,Night,1
Twitter,Thread,Education,807,86,121,42163,150,445626,0.23,23,Sunday,4.0,247,Neutral,Macro,False,False,Night,0
Instagram,Carousel,Entertainment,9447,447,215,44139,408,33577,30.11,4,Monday,15.0,454,Positive,Micro,True,True,Night,1
Instagram,Carousel,Entertainment,9077,144,215,38834,27,274215,3.44,4,Monday,12.0,1778,Positive,Macro,True,True,Night,1
Facebook,Story,Gaming,1141,140,112,15670,151,162665,0.86,5,Monday,9.0,1392,Positive,Macro,True,True,Morning,0
Instagram,Carousel,Food,5182,413,59,31093,865,30295,18.66,11,Monday,3.0,1947,Positive,Micro,True,False,Morning,1
Facebook,Video,Business,1921,113,620,47406,789,178512,1.49,11,Monday,27.0,508,Positive,Macro,True,False,Morning,0
LinkedIn,Post,Business,141,93,252,20477,55,215665,0.23,1,Tuesday,1.0,1062,Neutral,Macro,True,True,Night,0
LinkedIn,Post,Entertainment,1027,58,5,1759,177,27838,3.92,2,Tuesday,8.0,1358,Neutral,Micro,True,False,Night,1
TikTok,Duet,Entertainment,16947,1007,3026,170518,914,300749,6.98,3,Tuesday,8.0,210,Neutral,Macro,True,True,Night,1
Facebook,Post,Food,488,189,682,58770,416,374697,0.36,3,Tuesday,1.0,1465,Positive,Macro,True,False,Night,0
Instagram,Reel,Business,3853,234,266,23291,119,329356,1.32,4,Tuesday,25.0,427,Neutral,Macro,True,False,Night,0
TikTok,Stitch,Technology,7470,560,645,493268,1928,163102,5.32,7,Tuesday,7.0,453,Negative,Macro,True,True,Morning,1
LinkedIn,Document,Entertainment,1961,49,439,22659,89,388377,0.63,9,Tuesday,1.0,382,Neutral,Macro,True,False,Morning,0
Instagram,Reel,Sports,9486,396,65,28877,805,492694,2.02,11,Tuesday,10.0,395,Neutral,Macro,True,True,Morning,0
LinkedIn,Document,Sports,901,8,260,20305,93,141478,0.83,13,Tuesday,0.0,822,Negative,Macro,True,False,Afternoon,0
YouTube,Community Post,Travel,10366,99,278,445776,2597,55429,19.38,17,Tuesday,18.0,1844,Positive,Mid-tier,False,False,Evening,1
Facebook,Post,Gaming,4953,325,631,69934,279,413148,1.43,20,Tuesday,8.0,1349,Negative,Macro,True,False,Evening,0
YouTube,Short,Fashion,1716,957,1043,80874,3905,403007,0.92,21,Tuesday,16.0,66,Positive,Macro,True,False,Night,0
Facebook,Video,Education,2892,87,288,27725,139,30172,10.83,2,Wednesday,7.0,233,Positive,Micro,True,False,Night,1
Instagram,Photo,Fashion,277,294,294,32029,202,70442,1.23,6,Wednesday,14.0,1026,Negative,Mid-tier,True,False,Morning,0
LinkedIn,Post,Fitness,958,16,112,7515,205,273870,0.4,16,Wednesday,0.0,85,Positive,Macro,True,False,Afternoon,0
Instagram,Story,Fashion,5287,346,280,48095,884,453745,1.3,23,Wednesday,14.0,656,Positive,Macro,True,True,Night,0
Twitter,Thread,Lifestyle,3023,188,880,55933,268,53106,7.7,0,Thursday,14.0,290,Neutral,Mid-tier,True,False,Night,1
YouTube,Video,Fitness,16450,116,1648,184097,2614,433030,4.21,12,Thursday,12.0,190,Neutral,Macro,True,False,Afternoon,1
YouTube,Live,Gaming,17997,30,1299,391659,1354,208478,9.27,4,Friday,10.0,436,Neutral,Macro,False,True,Night,1
Instagram,Carousel,Fashion,4494,409,8,13311,861,406981,1.21,4,Friday,21.0,356,Positive,Macro,True,False,Night,0
Instagram,Carousel,Fitness,495,6,237,15937,481,367316,0.2,5,Friday,9.0,1262,Negative,Macro,True,False,Morning,0
Facebook,Video,Lifestyle,5046,212,509,31502,322,466927,1.24,5,Friday,17.0,478,Neutral,Macro,True,False,Morning,0
TikTok,Stitch,Travel,27186,110,3107,109132,1969,221613,13.72,7,Friday,8.0,47,Positive,Macro,True,False,Morning,1
TikTok,Video,Fashion,37560,164,3260,128675,321,265131,15.46,17,Friday,8.0,531,Positive,Macro,False,True,Evening,1
YouTube,Short,Travel,10906,478,68,986676,2634,52675,21.74,17,Friday,16.0,558,Positive,Mid-tier,True,False,Evening,1
Twitter,Tweet,Lifestyle,197,57,1618,82165,210,35857,5.22,19,Friday,6.0,251,Positive,Micro,False,False,Evening,1
Twitter,Thread,Technology,2432,283,1431,22487,110,5442,76.19,20,Friday,13.0,1576,Positive,Nano,True,False,Evening,1
Twitter,Thread,Health,1358,26,1946,73173,357,316501,1.05,22,Friday,29.0,641,Negative,Macro,False,False,Night,0
YouTube,Live,Health,16690,958,1870,622300,3674,310695,6.28,0,Saturday,23.0,570,Neutral,Macro,False,False,Night,1
YouTube,Community Post,Travel,5956,820,216,75180,1438,252639,2.77,7,Saturday,6.0,835,Negative,Macro,True,False,Morning,1
Twitter,Tweet,Gaming,561,107,406,24533,334,429253,0.25,11,Saturday,20.0,867,Neutral,Macro,False,False,Morning,0
Facebook,Live,Fashion,2596,260,857,63483,759,112192,3.31,11,Saturday,18.0,271,Positive,Macro,True,True,Morning,1
LinkedIn,Article,Lifestyle,1618,27,473,16720,85,347820,0.61,16,Saturday,14.0,1046,Positive,Macro,True,True,Afternoon,0
Facebook,Story,Technology,2469,171,447,61446,157,187237,1.65,18,Saturday,28.0,1516,Neutral,Macro,False,True,Evening,0
Instagram,Carousel,Gaming,3257,199,50,14419,516,2912,120.4,20,Saturday,26.0,1110,Neutral,Nano,True,False,Evening,1
Twitter,Retweet,Entertainment,3345,257,1638,36989,492,178656,2.93,3,Sunday,22.0,1101,Positive,Macro,True,False,Night,1
Twitter,Thread,Fitness,3136,124,386,75432,344,139872,2.61,4,Sunday,28.0,741,Positive,Macro,True,True,Night,1
Facebook,Live,Business,36,122,391,18557,648,339353,0.16,5,Sunday,21.0,580,Neutral,Macro,True,False,Morning,0
Twitter,Retweet,Lifestyle,1983,57,676,94679,153,151759,1.79,7,Sunday,4.0,842,Positive,Macro,True,True,Morning,0
YouTube,Community Post,Health,19798,298,1641,310642,4925,392192,5.54,7,Sunday,19.0,1911,Positive,Macro,True,False,Morning,1
LinkedIn,Post,Technology,585,112,240,3715,24,458443,0.2,10,Sunday,1.0,1940,Positive,Macro,True,False,Morning,0
Instagram,Photo,Technology,5741,408,23,4979,135,145355,4.25,13,Sunday,23.0,1226,Positive,Macro,True,True,Afternoon,1
TikTok,Video,Technology,19154,1961,1821,179682,226,212381,10.8,17,Sunday,1.0,103,Positive,Macro,True,False,Evening,1
Twitter,Poll,Food,4669,225,1491,94570,140,177972,3.59,18,Sunday,8.0,1554,Neutral,Macro,True,False,Evening,1
Instagram,Reel,Business,8591,409,176,21521,64,24690,37.16,19,Sunday,13.0,76,Neutral,Micro,False,False,Evening,1
LinkedIn,Poll,Sports,1296,37,481,26528,90,230066,0.79,20,Sunday,8.0,458,Negative,Macro,True,False,Evening,0
Twitter,Tweet,Lifestyle,1576,129,1223,18601,188,192818,1.52,2,Monday,24.0,58,Negative,Macro,False,False,Night,0
Twitter,Retweet,Entertainment,1848,194,1940,11269,461,68624,5.8,9,Monday,17.0,1391,Positive,Mid-tier,True,True,Morning,1
TikTok,Stitch,Lifestyle,4976,1716,4145,403544,1136,227862,4.76,19,Monday,6.0,213,Positive,Macro,True,True,Evening,1
LinkedIn,Article,Fitness,1327,143,492,11677,173,169955,1.15,20,Monday,6.0,805,Positive,Macro,True,False,Evening,0
TikTok,Duet,Lifestyle,40529,536,4448,340209,223,141157,32.24,3,Tuesday,9.0,128,Neutral,Macro,True,True,Night,1
Twitter,Poll,Gaming,630,208,1548,42876,325,342382,0.7,3,Tuesday,28.0,1195,Neutral,Macro,True,True,Night,0
Twitter,Retweet,Health,1735,195,200,9177,352,494074,0.43,4,Tuesday,24.0,1256,Neutral,Macro,False,True,Night,0
Facebook,Video,Health,4118,225,874,65979,269,406570,1.28,8,Tuesday,9.0,127,Neutral,Macro,True,True,Morning,0
TikTok,Stitch,Fashion,31962,586,773,13177,1109,234784,14.19,10,Tuesday,21.0,190,Neutral,Macro,True,False,Morning,1
YouTube,Community Post,Business,12119,79,728,714163,1425,400890,3.22,10,Tuesday,17.0,998,Positive,Macro,False,False,Morning,1
LinkedIn,Post,Fashion,225,88,337,3236,269,42449,1.53,15,Tuesday,7.0,1077,Positive,Micro,True,False,Afternoon,0
Twitter,Thread,Travel,2073,223,1945,90897,85,116831,3.63,17,Tuesday,7.0,1421,Positive,Macro,True,True,Evening,1
Facebook,Story,Lifestyle,1297,17,230,74210,300,417401,0.37,17,Tuesday,6.0,1346,Positive,Macro,False,False,Evening,0
Twitter,Retweet,Travel,3145,209,946,59959,399,249604,1.72,0,Wednesday,3.0,810,Neutral,Macro,True,True,Night,0
Twitter,Thread,Fashion,2616,135,1483,11265,494,240916,1.76,0,Wednesday,6.0,80,Negative,Macro,False,True,Night,0
YouTube,Video,Entertainment,15996,26,1165,46520,3393,493798,3.48,11,Wednesday,15.0,526,Neutral,Macro,True,False,Morning,1
Facebook,Video,Health,6610,17,694,55449,594,328670,2.23,12,Wednesday,19.0,102,Neutral,Macro,True,True,Afternoon,0
Twitter,Thread,Lifestyle,3830,242,62,12055,309,461953,0.89,13,Wednesday,23.0,1326,Negative,Macro,True,False,Afternoon,0
TikTok,Video,Entertainment,36058,862,1644,82656,1661,421845,9.14,19,Wednesday,22.0,418,Positive,Macro,True,False,Evening,1
YouTube,Video,Lifestyle,14845,893,930,286797,1599,263628,6.32,19,Wednesday,15.0,594,Positive,Macro,True,False,Evening,1
Twitter,Poll,Sports,3409,244,21,93693,248,266391,1.38,20,Wednesday,25.0,1774,Negative,Macro,True,False,Evening,0
Instagram,Carousel,Sports,9998,329,147,30128,269,115050,9.1,21,Wednesday,19.0,1081,Neutral,Macro,True,False,Night,1
TikTok,Video,Business,15070,468,3906,103328,1204,379220,5.13,22,Wednesday,13.0,61,Negative,Macro,True,True,Night,1
Twitter,Poll,Business,4554,139,1810,30030,40,89353,7.28,1,Thursday,12.0,416,Positive,Mid-tier,True,False,Night,1
Facebook,Post,Business,3385,52,39,33791,675,17445,19.93,1,Thursday,15.0,52,Neutral,Micro,True,True,Night,1
Instagram,Reel,Entertainment,8624,473,272,21100,416,392569,2.39,1,Thursday,21.0,194,Negative,Macro,True,False,Night,1
TikTok,Stitch,Business,36599,1583,480,217902,2352,355241,10.88,1,Thursday,28.0,160,Negative,Macro,True,False,Night,1
Facebook,Video,Gaming,7167,61,200,5514,458,210366,3.53,2,Thursday,3.0,568,Neutral,Macro,True,False,Night,1
LinkedIn,Post,Sports,1684,78,249,9956,110,392470,0.51,3,Thursday,23.0,1419,Positive,Macro,True,False,Night,0
Instagram,Reel,Technology,5534,90,66,33321,639,450290,1.26,10,Thursday,19.0,52,Positive,Macro,False,False,Morning,0
Instagram,Carousel,Business,8741,33,280,36808,601,313991,2.88,10,Thursday,1.0,443,Negative,Macro,True,False,Morning,1
YouTube,Short,Fitness,3231,462,837,622618,4880,140494,3.22,16,Thursday,28.0,304,Positive,Macro,True,True,Afternoon,1
Instagram,Carousel,Gaming,68,344,94,9382,918,18711,2.7,17,Thursday,6.0,717,Negative,Micro,True,True,Evening,1
LinkedIn,Post,Education,1566,112,172,18045,237,100819,1.83,20,Thursday,23.0,1219,Positive,Macro,True,False,Evening,0
LinkedIn,Post,Entertainment,1551,135,10,7000,65,68475,2.48,4,Friday,14.0,171,Neutral,Mid-tier,True,True,Night,1
TikTok,Video,Fitness,38780,404,3617,329332,2382,236157,18.12,10,Friday,24.0,512,Neutral,Macro,True,False,Morning,1
YouTube,Short,Business,7897,190,384,746543,4189,144097,5.88,22,Friday,15.0,486,Negative,Macro,True,False,Night,1
Instagram,Story,Fitness,457,186,147,29733,439,446349,0.18,1,Saturday,19.0,1054,Positive,Macro,True,True,Night,0
Instagram,Photo,Lifestyle,2454,158,219,6159,139,269466,1.05,11,Saturday,6.0,577,Positive,Macro,True,False,Morning,0
TikTok,Duet,Travel,36546,1824,356,334347,959,337296,11.48,17,Saturday,12.0,35,Positive,Macro,True,False,Evening,1
LinkedIn,Document,Health,1908,13,97,772,65,237631,0.85,22,Saturday,19.0,888,Positive,Macro,True,False,Night,0
TikTok,Video,Food,38981,525,326,209739,581,355296,11.21,1,Sunday,8.0,28,Positive,Macro,True,True,Night,1
Instagram,Story,Travel,7866,369,166,6078,802,290185,2.9,2,Sunday,7.0,1680,Positive,Macro,True,False,Night,1
Facebook,Story,Fashion,2164,79,893,55554,153,436383,0.72,4,Sunday,1.0,472,Neutral,Macro,True,True,Night,0
Twitter,Tweet,Technology,1193,71,1573,89859,348,60056,4.72,4,Sunday,7.0,598,Positive,Mid-tier,True,False,Night,1
LinkedIn,Post,Fashion,1743,27,152,12578,272,374129,0.51,6,Sunday,7.0,1611,Positive,Macro,False,False,Morning,0
Instagram,Story,Education,2543,112,133,8088,913,252915,1.1,7,Sunday,0.0,1366,Negative,Macro,True,False,Morning,0
LinkedIn,Poll,Technology,610,58,106,27815,73,491053,0.16,12,Sunday,15.0,1797,Neutral,Macro,True,False,Afternoon,0
Facebook,Story,Health,4974,245,674,53323,334,62744,9.39,17,Sunday,21.0,52,Positive,Mid-tier,True,True,Evening,1
Instagram,Story,Lifestyle,8791,449,88,25000,842,238700,3.91,18,Sunday,19.0,1531,Neutral,Macro,True,False,Evening,1
Facebook,Live,Sports,6268,276,557,31816,130,78010,9.1,19,Sunday,10.0,308,Neutral,Mid-tier,True,False,Evening,1
Twitter,Tweet,Lifestyle,1695,67,962,49797,404,336507,0.81,23,Sunday,26.0,752,Positive,Macro,True,False,Night,0
Instagram,Story,Health,1245,90,47,25933,195,204606,0.68,0,Monday,8.0,353,Negative,Macro,True,False,Night,0
Instagram,Carousel,Technology,8576,191,185,17808,990,4438,201.71,2,Monday,25.0,175,Neutral,Nano,False,False,Night,1
Instagram,Photo,Gaming,8410,103,71,13960,638,134431,6.39,4,Monday,21.0,229,Neutral,Macro,True,False,Night,1
Twitter,Tweet,Food,2218,82,51,86993,208,165908,1.42,7,Monday,0.0,723,Positive,Macro,True,True,Morning,0
YouTube,Community Post,Sports,6493,751,1455,227610,4047,450744,1.93,8,Monday,9.0,53,Neutral,Macro,True,False,Morning,0
Instagram,Story,Lifestyle,4719,367,133,20508,210,364945,1.43,15,Monday,23.0,1035,Positive,Macro,True,False,Afternoon,0
Instagram,Story,Fitness,8695,447,278,42907,485,249068,3.78,20,Monday,5.0,210,Neutral,Macro,True,False,Evening,1
Instagram,Reel,Education,4818,254,252,12698,288,92338,5.77,20,Monday,6.0,213,Neutral,Mid-tier,True,False,Evening,1
Twitter,Poll,Fitness,2591,51,1853,91033,253,187325,2.4,21,Monday,28.0,663,Positive,Macro,True,True,Night,1
Twitter,Thread,Fashion,1954,205,1053,32676,45,345866,0.93,0,Tuesday,12.0,980,Positive,Macro,False,False,Night,0
TikTok,Duet,Gaming,21406,603,773,231556,1637,281145,8.1,1,Tuesday,10.0,35,Positive,Macro,False,False,Night,1
YouTube,Community Post,Health,2148,83,1731,214165,4039,318457,1.24,8,Tuesday,24.0,311,Positive,Macro,True,True,Morning,0
YouTube,Video,Business,13029,166,1830,663588,1128,417776,3.6,9,Tuesday,26.0,272,Negative,Macro,True,True,Morning,1
TikTok,Video,Fashion,2419,834,229,403050,2890,447059,0.78,19,Tuesday,23.0,148,Neutral,Macro,True,False,Evening,0
Facebook,Live,Entertainment,2817,116,753,56492,181,465998,0.79,22,Tuesday,23.0,399,Negative,Macro,False,False,Night,0
LinkedIn,Poll,Food,484,112,326,5975,94,433520,0.21,5,Wednesday,4.0,534,Positive,Macro,True,False,Morning,0
Twitter,Tweet,Fitness,3801,196,1950,88075,409,16068,37.01,8,Wednesday,2.0,1191,Positive,Micro,True,False,Morning,1
Facebook,Story,Education,2940,59,404,12398,141,197563,1.72,10,Wednesday,26.0,450,Negative,Macro,True,True,Morning,0
Instagram,Carousel,Business,1812,402,250,23522,502,408765,0.6,10,Wednesday,15.0,343,Positive,Macro,True,True,Morning,0
TikTok,Duet,Food,21296,1130,1420,144830,1523,442063,5.39,11,Wednesday,10.0,205,Neutral,Macro,False,True,Morning,1
Instagram,Reel,Health,1983,101,8,28933,21,360806,0.58,14,Wednesday,25.0,524,Negative,Macro,True,False,Afternoon,0
Facebook,Story,Sports,4865,308,592,61904,464,130537,4.42,1,Thursday,21.0,399,Neutral,Macro,True,False,Night,1
LinkedIn,Article,Business,531,28,378,12430,252,214059,0.44,5,Thursday,9.0,1821,Negative,Macro,False,False,Morning,0
Facebook,Post,Gaming,5623,98,207,38110,75,75576,7.84,5,Thursday,2.0,457,Positive,Mid-tier,True,False,Morning,1
LinkedIn,Document,Entertainment,1016,113,462,15553,162,167555,0.95,9,Thursday,16.0,1233,Positive,Macro,False,False,Morning,0
Twitter,Tweet,Food,909,29,1882,6969,282,140279,2.01,9,Thursday,22.0,1146,Positive,Macro,False,False,Morning,0
TikTok,Video,Entertainment,5199,13,431,287873,1560,428120,1.32,10,Thursday,22.0,387,Neutral,Macro,True,False,Morning,0
Instagram,Story,Lifestyle,6368,275,64,1507,805,184926,3.63,12,Thursday,0.0,1138,Negative,Macro,True,False,Afternoon,1
Instagram,Story,Technology,799,273,87,46611,345,123275,0.94,20,Thursday,29.0,1850,Neutral,Macro,True,True,Evening,0
TikTok,Duet,Technology,27874,374,3959,182195,568,130484,24.68,22,Thursday,4.0,525,Positive,Macro,True,False,Night,1
Instagram,Story,Fitness,8820,380,219,15362,282,221035,4.26,22,Thursday,8.0,360,Neutral,Macro,True,False,Night,1
Facebook,Post,Health,7180,361,279,5971,381,357070,2.19,3,Friday,25.0,1872,Negative,Macro,True,False,Night,0
YouTube,Live,Fashion,1312,108,916,413525,1072,378698,0.62,8,Friday,6.0,118,Neutral,Macro,True,True,Morning,0
Twitter,Poll,Gaming,2837,145,516,6507,307,192156,1.82,11,Friday,19.0,1381,Positive,Macro,True,True,Morning,0
TikTok,Video,Health,18139,1714,2553,446923,108,371403,6.03,18,Friday,12.0,86,Positive,Macro,True,False,Evening,1
Instagram,Story,Gaming,6694,377,69,30141,675,38361,18.61,21,Friday,27.0,1458,Positive,Micro,False,False,Night,1
Instagram,Story,Fitness,4621,49,33,10619,127,464636,1.01,21,Friday,29.0,472,Positive,Macro,True,False,Night,0
Instagram,Carousel,Health,7912,326,206,11163,770,494048,1.71,1,Saturday,3.0,1326,Positive,Macro,True,False,Night,0
TikTok,Duet,Sports,2500,1427,4390,94471,959,249191,3.34,4,Saturday,23.0,163,Positive,Macro,True,False,Night,1
Twitter,Thread,Health,2780,47,492,54866,174,99920,3.32,7,Saturday,18.0,1672,Positive,Mid-tier,True,False,Morning,1
Twitter,Tweet,Travel,3458,187,1315,76355,110,52719,9.41,8,Saturday,3.0,851,Positive,Mid-tier,True,False,Morning,1
LinkedIn,Poll,Fashion,1468,101,424,3927,143,420651,0.47,9,Saturday,18.0,707,Neutral,Macro,True,True,Morning,0
Instagram,Story,Gaming,6862,76,45,13901,142,216195,3.23,20,Saturday,1.0,215,Neutral,Macro,True,False,Evening,1
Instagram,Photo,Fitness,1672,403,99,18816,517,423457,0.51,21,Saturday,14.0,884,Positive,Macro,True,False,Night,0
TikTok,Video,Sports,12304,379,724,331958,875,498616,2.69,1,Sunday,2.0,278,Positive,Macro,True,True,Night,1
Facebook,Live,Education,1384,261,430,63965,13,217106,0.96,6,Sunday,15.0,241,Positive,Macro,True,False,Morning,0
Instagram,Carousel,Food,9950,27,241,24539,730,342386,2.98,13,Sunday,6.0,1495,Positive,Macro,True,True,Afternoon,1
Facebook,Story,Business,3514,164,696,48112,29,253970,1.72,13,Sunday,26.0,121,Positive,Macro,True,False,Afternoon,0
Twitter,Tweet,Gaming,4736,62,493,38871,437,160600,3.29,15,Sunday,3.0,264,Positive,Macro,True,True,Afternoon,1
YouTube,Video,Gaming,1738,472,578,895273,2442,398357,0.7,16,Sunday,16.0,98,Positive,Macro,True,False,Afternoon,0
Facebook,Story,Entertainment,606,308,776,51707,187,344812,0.49,17,Sunday,13.0,1499,Neutral,Macro,True,False,Evening,0
Facebook,Story,Lifestyle,7377,183,239,72286,344,448967,1.74,18,Sunday,16.0,389,Positive,Macro,True,True,Evening,0
Instagram,Carousel,Gaming,6261,232,124,47264,345,139444,4.75,18,Sunday,15.0,1374,Positive,Macro,False,False,Evening,1
Twitter,Poll,Travel,873,213,1396,44347,266,237176,1.05,19,Sunday,2.0,106,Neutral,Macro,True,False,Evening,0
Twitter,Tweet,Entertainment,1146,122,423,46097,371,374332,0.45,22,Sunday,9.0,1584,Negative,Macro,True,True,Night,0
Twitter,Retweet,Sports,2855,291,1907,89617,396,247141,2.04,22,Sunday,11.0,918,Neutral,Macro,False,False,Night,0
TikTok,Video,Technology,32741,971,4712,142045,1460,488718,7.86,3,Monday,25.0,185,Positive,Macro,True,True,Night,1
Facebook,Post,Business,1750,107,663,29692,381,345898,0.73,9,Monday,5.0,1768,Neutral,Macro,True,False,Morning,0
YouTube,Live,Gaming,16960,933,1020,906999,1802,474137,3.99,15,Monday,27.0,202,Positive,Macro,True,False,Afternoon,1
YouTube,Community Post,Technology,13416,160,1077,863800,3769,303578,4.83,18,Monday,17.0,976,Negative,Macro,True,False,Evening,1
TikTok,Duet,Gaming,43984,580,4879,88162,762,11201,441.42,20,Monday,11.0,35,Positive,Micro,True,True,Evening,1
TikTok,Duet,Business,34679,308,191,320438,675,60461,58.18,3,Tuesday,18.0,101,Negative,Mid-tier,True,False,Night,1
Facebook,Post,Business,7128,230,906,57214,431,117317,7.04,6,Tuesday,3.0,1332,Positive,Macro,True,False,Morning,1
Instagram,Photo,Health,1975,56,16,36663,450,101114,2.02,10,Tuesday,18.0,757,Positive,Macro,True,False,Morning,0
Facebook,Story,Entertainment,3025,188,173,51659,267,178713,1.89,17,Tuesday,8.0,1524,Negative,Macro,False,True,Evening,0
Facebook,Live,Fashion,4066,194,560,18364,483,319428,1.51,19,Tuesday,14.0,399,Positive,Macro,True,False,Evening,0
Twitter,Retweet,Sports,562,275,1262,54787,256,471522,0.45,22,Tuesday,20.0,1450,Neutral,Macro,True,False,Night,0
Instagram,Carousel,Fitness,3465,34,230,26068,605,165589,2.25,1,Wednesday,26.0,1083,Positive,Macro,True,True,Night,0
Instagram,Story,Entertainment,6078,436,4,6836,594,228902,2.85,4,Wednesday,17.0,437,Positive,Macro,True,True,Night,1
TikTok,Stitch,Business,24612,1581,2823,457790,766,321496,9.03,5,Wednesday,2.0,239,Neutral,Macro,True,False,Morning,1
Twitter,Poll,Lifestyle,4960,74,1116,48709,453,289514,2.12,8,Wednesday,12.0,338,Positive,Macro,True,False,Morning,0
TikTok,Duet,Lifestyle,12593,1251,1479,355998,1395,232982,6.58,9,Wednesday,8.0,332,Positive,Macro,False,False,Morning,1
Twitter,Tweet,Health,1679,293,1019,91236,11,402067,0.74,13,Wednesday,7.0,1777,Positive,Macro,True,False,Afternoon,0
LinkedIn,Poll,Technology,210,78,404,1938,250,360513,0.19,15,Wednesday,20.0,1813,Positive,Macro,True,False,Afternoon,0
Twitter,Poll,Sports,1703,187,1377,97085,182,301328,1.08,17,Wednesday,28.0,904,Positive,Macro,True,False,Evening,0
LinkedIn,Post,Food,1461,60,61,15352,185,310820,0.51,21,Wednesday,28.0,1798,Neutral,Macro,True,False,Night,0
Instagram,Reel,Business,1866,257,133,26983,896,494722,0.46,23,Wednesday,29.0,516,Positive,Macro,False,False,Night,0
YouTube,Live,Gaming,12130,717,588,258496,1169,486780,2.76,23,Wednesday,13.0,432,Neutral,Macro,True,False,Night,1
Facebook,Story,Health,704,345,118,34579,240,394462,0.3,4,Thursday,1.0,1438,Positive,Macro,True,False,Night,0
Instagram,Story,Business,8825,338,163,10688,851,180982,5.15,16,Thursday,15.0,1867,Neutral,Macro,True,True,Afternoon,1
Twitter,Poll,Business,2676,40,177,30431,383,359962,0.8,3,Friday,20.0,1884,Positive,Macro,True,True,Night,0
Facebook,Story,Business,2975,264,931,6229,351,61333,6.8,4,Friday,1.0,739,Neutral,Mid-tier,False,False,Night,1
LinkedIn,Document,Lifestyle,1208,89,136,8684,298,12051,11.89,6,Friday,23.0,378,Positive,Micro,False,False,Morning,1
Facebook,Post,Health,5816,289,173,4291,54,235802,2.66,6,Friday,26.0,1495,Positive,Macro,True,False,Morning,1
TikTok,Stitch,Food,28276,1305,2076,351872,1274,315388,10.04,8,Friday,17.0,163,Positive,Macro,False,False,Morning,1
YouTube,Video,Entertainment,19238,441,1005,508731,2734,446846,4.63,9,Friday,12.0,485,Positive,Macro,True,False,Morning,1
Instagram,Photo,Fitness,1226,315,138,21764,158,287775,0.58,10,Friday,0.0,1275,Positive,Macro,True,False,Morning,0
Twitter,Poll,Fashion,2435,294,1880,67299,378,366383,1.26,15,Friday,7.0,190,Positive,Macro,True,False,Afternoon,0
TikTok,Duet,Gaming,29970,1887,1843,427698,2436,111777,30.15,15,Friday,4.0,500,Neutral,Macro,True,False,Afternoon,1
YouTube,Live,Travel,6493,482,1116,761616,477,133409,6.06,17,Friday,25.0,385,Positive,Macro,True,True,Evening,1
TikTok,Video,Entertainment,23040,1676,3100,435538,1788,376713,7.38,1,Saturday,28.0,269,Neutral,Macro,True,False,Night,1
Instagram,Photo,Health,479,73,32,20665,612,481326,0.12,9,Saturday,14.0,340,Positive,Macro,True,False,Morning,0
Facebook,Video,Gaming,3563,233,399,29415,719,269876,1.55,0,Sunday,9.0,373,Neutral,Macro,True,True,Night,0
YouTube,Short,Sports,13232,475,540,627627,2919,132823,10.73,0,Sunday,20.0,357,Positive,Macro,True,False,Night,1
Twitter,Thread,Lifestyle,341,191,1978,49987,237,323164,0.78,0,Sunday,18.0,1981,Neutral,Macro,True,False,Night,0
Instagram,Reel,Lifestyle,547,340,5,30523,107,204755,0.44,2,Sunday,26.0,570,Neutral,Macro,True,True,Night,0
YouTube,Video,Fitness,6640,391,392,684284,1425,130948,5.67,15,Sunday,25.0,267,Neutral,Macro,True,True,Afternoon,1
TikTok,Stitch,Gaming,4258,518,2359,163810,1737,258687,2.76,17,Sunday,14.0,23,Neutral,Macro,True,True,Evening,1
Instagram,Photo,Business,7416,93,249,18742,88,292429,2.65,3,Monday,25.0,1955,Negative,Macro,True,False,Night,1
TikTok,Duet,Education,36696,575,2340,102196,950,200465,19.76,8,Monday,23.0,15,Neutral,Macro,True,False,Morning,1
LinkedIn,Post,Entertainment,1065,67,5,27921,273,35995,3.16,11,Monday,27.0,159,Neutral,Micro,True,False,Morning,1
Twitter,Thread,Fashion,1256,113,1113,96747,69,176853,1.4,16,Monday,21.0,524,Neutral,Macro,True,False,Afternoon,0
Instagram,Story,Technology,4169,197,295,27252,562,176446,2.64,20,Monday,4.0,1055,Neutral,Macro,True,False,Evening,1
YouTube,Community Post,Fashion,9707,700,1688,602643,3103,148538,8.14,20,Monday,6.0,1055,Positive,Macro,True,False,Evening,1
Twitter,Thread,Lifestyle,3962,163,1767,67480,468,176415,3.34,22,Monday,20.0,1795,Positive,Macro,True,False,Night,1
Instagram,Reel,Sports,2422,155,35,18543,888,198675,1.31,1,Tuesday,8.0,590,Neutral,Macro,True,True,Night,0
Twitter,Thread,Technology,2831,181,1436,84804,499,90116,4.94,3,Tuesday,20.0,837,Positive,Mid-tier,True,False,Night,1
Facebook,Story,Fashion,2901,263,391,42171,353,276227,1.29,3,Tuesday,27.0,512,Negative,Macro,True,False,Night,0
Facebook,Post,Lifestyle,3042,359,495,71474,364,242641,1.61,7,Tuesday,9.0,100,Positive,Macro,True,False,Morning,0
Twitter,Retweet,Gaming,1665,134,905,93799,152,234829,1.15,17,Tuesday,7.0,1406,Negative,Macro,True,False,Evening,0
Twitter,Thread,Travel,2977,54,1956,29767,480,270692,1.84,17,Tuesday,25.0,72,Neutral,Macro,True,False,Evening,0
LinkedIn,Article,Lifestyle,1813,75,4,26674,240,71557,2.64,22,Tuesday,4.0,1524,Negative,Mid-tier,True,True,Night,1
Twitter,Thread,Sports,1113,183,869,48879,374,247157,0.88,1,Wednesday,19.0,602,Negative,Macro,True,False,Night,0
YouTube,Short,Technology,114,232,763,924143,2055,156906,0.71,2,Wednesday,11.0,267,Neutral,Macro,True,False,Night,0
Facebook,Live,Entertainment,5544,318,804,53452,281,167168,3.99,4,Wednesday,8.0,86,Positive,Macro,True,False,Night,1
Facebook,Video,Education,1714,94,586,63347,517,477793,0.5,5,Wednesday,1.0,403,Positive,Macro,True,False,Morning,0
TikTok,Video,Food,46835,1819,4929,97881,2628,94822,56.51,8,Wednesday,5.0,293,Positive,Mid-tier,True,False,Morning,1
Twitter,Poll,Fashion,30,189,513,93739,449,344786,0.21,8,Wednesday,19.0,682,Neutral,Macro,False,False,Morning,0
Instagram,Carousel,Fashion,661,65,104,36791,402,117356,0.71,9,Wednesday,14.0,1780,Positive,Macro,False,False,Morning,0
YouTube,Live,Food,10565,890,1601,590484,4418,74349,17.56,10,Wednesday,9.0,416,Neutral,Mid-tier,True,False,Morning,1
Instagram,Carousel,Travel,6709,37,166,21429,548,57233,12.08,15,Wednesday,8.0,1067,Negative,Mid-tier,True,False,Afternoon,1
Instagram,Photo,Sports,3025,253,70,9745,636,45167,7.41,16,Wednesday,25.0,355,Positive,Micro,True,False,Afternoon,1
Instagram,Carousel,Business,4322,275,183,2224,195,139241,3.43,22,Wednesday,21.0,72,Positive,Macro,True,False,Night,1
Twitter,Thread,Education,244,47,443,2573,210,84202,0.87,4,Thursday,26.0,701,Neutral,Mid-tier,True,False,Night,0
Facebook,Story,Gaming,1686,111,832,1046,441,88569,2.97,14,Thursday,26.0,876,Neutral,Mid-tier,True,False,Afternoon,1
Facebook,Post,Technology,7778,51,827,5558,758,23023,37.6,16,Thursday,14.0,1249,Neutral,Micro,True,False,Afternoon,1
TikTok,Video,Fashion,47823,462,3484,89179,717,493161,10.5,17,Thursday,13.0,180,Neutral,Macro,True,False,Evening,1
TikTok,Duet,Travel,10334,81,510,314049,798,460360,2.37,17,Thursday,20.0,71,Negative,Macro,True,False,Evening,1
Twitter,Retweet,Education,3056,203,678,82751,306,19114,20.6,17,Thursday,4.0,1038,Neutral,Micro,True,False,Evening,1
Twitter,Thread,Fashion,2464,25,145,58635,309,58073,4.54,0,Friday,6.0,750,Negative,Mid-tier,True,False,Night,1
Instagram,Photo,Education,1092,268,160,20990,17,126978,1.2,3,Friday,19.0,788,Negative,Macro,False,False,Night,0
Instagram,Reel,Fashion,7991,43,12,13411,418,412634,1.95,9,Friday,21.0,107,Positive,Macro,True,False,Morning,0
Facebook,Video,Gaming,1969,30,274,56172,742,458605,0.5,15,Friday,15.0,466,Positive,Macro,True,False,Afternoon,0
Facebook,Post,Lifestyle,7083,327,575,11735,497,278016,2.87,18,Friday,8.0,1021,Positive,Macro,True,False,Evening,1
Instagram,Carousel,Fitness,3221,148,83,23616,580,95304,3.62,21,Friday,19.0,815,Neutral,Mid-tier,True,True,Night,1
Instagram,Reel,Education,9634,265,113,28097,636,488680,2.05,21,Friday,13.0,175,Positive,Macro,False,False,Night,0
YouTube,Video,Fashion,13134,936,1980,267404,4848,404261,3.97,2,Saturday,19.0,256,Negative,Macro,True,True,Night,1
Facebook,Post,Business,6400,65,175,69145,769,356949,1.86,4,Saturday,12.0,1341,Neutral,Macro,True,False,Night,0
Facebook,Post,Education,4169,155,930,29229,690,343898,1.53,7,Saturday,25.0,1837,Neutral,Macro,False,False,Morning,0
Instagram,Photo,Sports,8033,117,5,37337,117,83445,9.77,9,Saturday,0.0,442,Neutral,Mid-tier,True,False,Morning,1
Instagram,Story,Business,1722,281,256,34555,688,244516,0.92,10,Saturday,13.0,1587,Neutral,Macro,True,False,Morning,0
Facebook,Live,Technology,4867,28,323,24510,285,5839,89.36,14,Saturday,29.0,135,Positive,Nano,True,True,Afternoon,1
Twitter,Tweet,Business,4128,92,204,28209,260,16015,27.62,16,Saturday,15.0,643,Positive,Micro,True,False,Afternoon,1
YouTube,Short,Gaming,8466,991,428,472819,4252,418957,2.36,2,Sunday,23.0,322,Neutral,Macro,True,False,Night,1
Twitter,Tweet,Travel,2119,15,935,54177,34,111511,2.75,4,Sunday,18.0,1977,Positive,Macro,True,False,Night,1
Facebook,Video,Business,449,51,308,35730,350,335091,0.24,13,Sunday,4.0,377,Neutral,Macro,True,False,Afternoon,0
Instagram,Photo,Business,4119,137,169,16104,286,131252,3.37,20,Sunday,21.0,123,Neutral,Macro,True,False,Evening,1
LinkedIn,Post,Fashion,1502,138,298,11611,215,267438,0.72,2,Monday,26.0,873,Positive,Macro,True,False,Night,0
Twitter,Retweet,Travel,1841,283,181,28132,54,493566,0.47,4,Monday,5.0,1533,Positive,Macro,True,False,Night,0
Instagram,Carousel,Technology,7496,289,99,15377,611,285118,2.77,7,Monday,7.0,1095,Positive,Macro,True,False,Morning,1
LinkedIn,Poll,Gaming,957,93,461,14388,14,147990,1.02,10,Monday,7.0,1844,Neutral,Macro,True,True,Morning,0
LinkedIn,Document,Business,994,48,92,25467,188,276626,0.41,15,Monday,18.0,636,Positive,Macro,True,False,Afternoon,0
Facebook,Video,Technology,2090,49,155,59382,651,252485,0.91,16,Monday,5.0,466,Neutral,Macro,True,True,Afternoon,0
LinkedIn,Article,Fitness,1330,7,394,1271,93,224352,0.77,18,Monday,29.0,606,Positive,Macro,True,False,Evening,0
Facebook,Video,Business,5058,205,612,75774,756,416488,1.41,20,Monday,25.0,138,Neutral,Macro,False,False,Evening,0
TikTok,Video,Entertainment,18606,1781,3363,359806,844,324070,7.33,6,Tuesday,4.0,388,Neutral,Macro,True,False,Morning,1
YouTube,Community Post,Food,13672,208,1844,548514,3121,419255,3.75,21,Tuesday,23.0,110,Positive,Macro,False,False,Night,1
LinkedIn,Poll,Food,99,26,37,18078,130,136008,0.12,10,Wednesday,24.0,1920,Positive,Macro,True,False,Morning,0
LinkedIn,Document,Education,1059,125,219,5601,14,237551,0.59,11,Wednesday,23.0,1141,Positive,Macro,True,False,Morning,0
Instagram,Photo,Food,6544,238,168,5767,37,407388,1.71,0,Thursday,26.0,1806,Negative,Macro,True,False,Night,0
Twitter,Poll,Health,2739,261,397,75327,373,368415,0.92,3,Thursday,11.0,890,Positive,Macro,True,False,Night,0
LinkedIn,Poll,Food,1941,93,289,14763,284,233356,1.0,9,Thursday,3.0,1252,Positive,Macro,True,True,Morning,0
YouTube,Community Post,Technology,12523,330,1216,849268,1524,23972,58.69,11,Thursday,0.0,1233,Positive,Micro,True,True,Morning,1
YouTube,Community Post,Entertainment,654,185,183,81225,373,351343,0.29,12,Thursday,8.0,1639,Positive,Macro,True,True,Afternoon,0
YouTube,Video,Gaming,4796,426,895,407433,895,129920,4.71,19,Thursday,5.0,375,Positive,Macro,True,False,Evening,1
Facebook,Post,Technology,6555,105,493,46916,661,180003,3.97,3,Friday,4.0,1276,Positive,Macro,True,False,Night,1
TikTok,Video,Fashion,25548,844,3344,349693,79,436591,6.81,9,Friday,27.0,283,Neutral,Macro,True,True,Morning,1
Facebook,Story,Food,7619,261,629,43522,72,36242,23.48,13,Friday,19.0,85,Neutral,Micro,False,False,Afternoon,1
LinkedIn,Poll,Travel,629,27,72,14215,54,69157,1.05,15,Friday,26.0,1413,Neutral,Mid-tier,True,True,Afternoon,0
TikTok,Stitch,Health,42902,1583,4464,284315,1595,201943,24.24,19,Friday,6.0,295,Positive,Macro,True,False,Evening,1
Facebook,Live,Health,2771,35,269,57432,47,14416,21.33,22,Friday,11.0,572,Neutral,Micro,True,False,Night,1
YouTube,Live,Business,10825,53,1833,218418,4480,346512,3.67,22,Friday,28.0,559,Positive,Macro,True,False,Night,1
Twitter,Tweet,Travel,1003,76,1506,32217,399,296145,0.87,1,Saturday,1.0,1292,Positive,Macro,True,False,Night,0
Twitter,Retweet,Health,4921,299,809,20163,144,483396,1.25,6,Saturday,21.0,1817,Positive,Macro,False,False,Morning,0
Twitter,Thread,Travel,242,212,534,89304,138,277910,0.36,8,Saturday,27.0,1474,Negative,Macro,True,True,Morning,0
Instagram,Carousel,Entertainment,8140,442,5,34379,672,251065,3.42,8,Saturday,17.0,1527,Neutral,Macro,True,False,Morning,1
Facebook,Video,Entertainment,7304,69,203,50465,776,326687,2.32,11,Saturday,29.0,55,Positive,Macro,True,False,Morning,1
Instagram,Photo,Fashion,8881,108,187,5504,187,186141,4.93,11,Saturday,26.0,1270,Positive,Macro,True,True,Morning,1
LinkedIn,Article,Business,938,116,116,7095,146,51433,2.27,13,Saturday,17.0,1313,Neutral,Mid-tier,True,False,Afternoon,0
Facebook,Story,Fitness,3064,74,252,79748,709,389713,0.87,14,Saturday,7.0,1450,Positive,Macro,True,False,Afternoon,0
Instagram,Carousel,Lifestyle,4156,331,187,36689,388,404070,1.16,20,Saturday,4.0,1852,Neutral,Macro,True,True,Evening,0
Twitter,Tweet,Technology,937,69,18,89161,283,227438,0.45,23,Saturday,23.0,460,Neutral,Macro,True,False,Night,0
YouTube,Community Post,Food,1278,302,126,922523,1310,258156,0.66,2,Sunday,21.0,1226,Neutral,Macro,True,True,Night,0
LinkedIn,Document,Entertainment,740,59,285,10529,68,122646,0.88,10,Sunday,5.0,509,Positive,Macro,True,False,Morning,0
TikTok,Duet,Travel,4678,1535,1986,212156,923,77036,10.64,14,Sunday,21.0,473,Neutral,Mid-tier,True,False,Afternoon,1
Twitter,Tweet,Education,3491,168,1811,71780,165,194861,2.81,16,Sunday,14.0,1322,Positive,Macro,True,False,Afternoon,1
YouTube,Video,Entertainment,1383,688,242,24549,4664,220648,1.05,0,Monday,10.0,580,Neutral,Macro,True,False,Night,0
Twitter,Thread,Fitness,2873,155,580,31365,269,244585,1.48,6,Monday,26.0,111,Neutral,Macro,True,False,Morning,0
TikTok,Video,Technology,31749,708,4228,42236,2396,43211,84.9,6,Monday,27.0,424,Negative,Micro,True,False,Morning,1
Instagram,Reel,Gaming,3586,94,68,19386,757,45517,8.23,15,Monday,2.0,599,Positive,Micro,True,False,Afternoon,1
TikTok,Stitch,Entertainment,18802,1769,1694,308895,1012,249796,8.91,19,Monday,25.0,284,Neutral,Macro,True,False,Evening,1
Twitter,Thread,Business,3281,76,1714,26692,57,490198,1.03,2,Tuesday,18.0,987,Positive,Macro,True,False,Night,0
Twitter,Video,Health,1414,68,1633,39458,191,256938,1.21,3,Tuesday,8.0,152,Negative,Macro,False,False,Night,0
Instagram,Photo,Fashion,3096,37,45,33776,997,26476,12.0,4,Tuesday,11.0,696,Neutral,Micro,True,False,Night,1
Facebook,Live,Travel,479,59,431,66110,657,292929,0.33,8,Tuesday,15.0,421,Neutral,Macro,True,False,Morning,0
Instagram,Reel,Health,6985,230,109,23060,32,358627,2.04,16,Tuesday,15.0,230,Negative,Macro,False,False,Afternoon,0
Twitter,Poll,Fashion,1323,159,937,19680,383,354850,0.68,20,Tuesday,28.0,1854,Neutral,Macro,True,False,Evening,0
TikTok,Video,Sports,23571,1115,4563,486167,1793,25680,113.9,21,Tuesday,10.0,147,Positive,Micro,True,False,Night,1
YouTube,Live,Travel,5021,966,207,18352,3928,472459,1.31,0,Wednesday,10.0,174,Positive,Macro,True,False,Night,0
YouTube,Short,Entertainment,12092,906,1385,930230,3935,312034,4.61,1,Wednesday,20.0,88,Neutral,Macro,True,False,Night,1
Twitter,Thread,Business,2203,192,351,86839,453,302172,0.91,3,Wednesday,2.0,673,Positive,Macro,True,False,Night,0
Facebook,Story,Sports,5730,69,437,16209,321,445214,1.4,3,Wednesday,8.0,748,Positive,Macro,False,True,Night,0
Twitter,Thread,Fitness,2549,56,1444,48443,288,483414,0.84,13,Wednesday,14.0,1290,Positive,Macro,True,False,Afternoon,0
TikTok,Video,Entertainment,37290,1448,1441,186350,2733,46411,86.57,17,Wednesday,1.0,489,Positive,Micro,True,True,Evening,1
Twitter,Retweet,Lifestyle,4114,253,40,96641,293,301784,1.46,22,Wednesday,28.0,695,Positive,Macro,True,False,Night,0
Instagram,Reel,Travel,490,478,285,17295,823,161230,0.78,23,Wednesday,0.0,237,Neutral,Macro,True,False,Night,0
Facebook,Video,Entertainment,4591,227,178,46121,254,297904,1.68,3,Thursday,16.0,535,Positive,Macro,False,False,Night,0
Instagram,Photo,Lifestyle,9899,222,76,20286,246,469336,2.17,6,Thursday,21.0,1911,Positive,Macro,True,True,Morning,0
Instagram,Reel,Entertainment,294,309,170,32661,365,59735,1.29,8,Thursday,21.0,257,Neutral,Mid-tier,True,False,Morning,0
Instagram,Story,Sports,5039,335,247,27025,318,429828,1.31,9,Thursday,29.0,957,Negative,Macro,True,False,Morning,0
Twitter,Tweet,Fashion,1224,247,148,40986,372,376685,0.43,17,Thursday,22.0,490,Positive,Macro,True,False,Evening,0
Instagram,Reel,Education,1536,272,127,26492,771,377981,0.51,19,Thursday,26.0,544,Neutral,Macro,True,False,Evening,0
Facebook,Video,Sports,3582,199,561,8437,387,310248,1.4,20,Thursday,26.0,111,Positive,Macro,True,False,Evening,0
TikTok,Video,Entertainment,41255,210,4481,482902,1601,156492,29.36,3,Friday,27.0,342,Neutral,Macro,True,True,Night,1
LinkedIn,Document,Entertainment,1429,89,494,27858,270,269871,0.75,4,Friday,25.0,1835,Positive,Macro,False,False,Night,0
Twitter,Tweet,Technology,632,188,1924,63778,380,376689,0.73,6,Friday,1.0,1480,Positive,Macro,True,True,Morning,0
Twitter,Thread,Fitness,4041,112,1362,23354,255,152267,3.62,9,Friday,15.0,373,Negative,Macro,False,True,Morning,1
Facebook,Video,Gaming,3978,355,905,15647,95,261664,2.0,11,Friday,27.0,225,Negative,Macro,True,False,Morning,0
LinkedIn,Article,Business,1636,133,124,22443,122,64489,2.94,16,Friday,27.0,401,Negative,Mid-tier,True,True,Afternoon,1
Twitter,Retweet,Education,4049,243,1650,44826,306,31138,19.08,22,Friday,16.0,1849,Neutral,Micro,True,False,Night,1
Instagram,Photo,Food,7841,490,67,837,870,480793,1.75,23,Friday,21.0,291,Positive,Macro,False,False,Night,0
LinkedIn,Article,Gaming,1292,123,468,8651,115,367648,0.51,0,Saturday,19.0,1483,Positive,Macro,True,False,Night,0
Facebook,Story,Travel,4150,318,575,5620,675,474625,1.06,3,Saturday,6.0,1689,Positive,Macro,True,True,Night,0
Instagram,Carousel,Technology,3994,287,161,27078,677,451427,0.98,4,Saturday,7.0,970,Positive,Macro,True,True,Night,0
LinkedIn,Document,Lifestyle,547,142,353,10622,61,326527,0.32,15,Saturday,14.0,486,Positive,Macro,True,False,Afternoon,0
Twitter,Thread,Food,3332,203,928,62731,58,216906,2.06,22,Saturday,6.0,1345,Positive,Macro,True,False,Night,0
Twitter,Retweet,Education,1083,243,1068,59820,362,129557,1.85,23,Saturday,27.0,835,Neutral,Macro,True,False,Night,0
YouTube,Community Post,Fashion,4274,451,623,453642,2886,72695,7.36,1,Sunday,20.0,1811,Positive,Mid-tier,True,False,Night,1
Twitter,Poll,Entertainment,48,191,192,84780,259,394730,0.11,2,Sunday,24.0,1639,Neutral,Macro,True,False,Night,0
YouTube,Live,Education,2887,412,1585,579668,4189,238449,2.05,2,Sunday,25.0,430,Positive,Macro,True,False,Night,0
Twitter,Poll,Food,1980,106,1070,47255,249,378552,0.83,2,Sunday,6.0,816,Positive,Macro,True,False,Night,0
YouTube,Short,Technology,10208,765,1557,858370,1984,429105,2.92,4,Sunday,14.0,257,Neutral,Macro,True,False,Night,1
Twitter,Tweet,Health,1823,205,857,24674,62,423828,0.68,10,Sunday,22.0,1348,Positive,Macro,True,False,Morning,0
Instagram,Story,Gaming,269,8,291,17263,911,240639,0.24,13,Sunday,23.0,420,Positive,Macro,True,False,Afternoon,0
YouTube,Community Post,Lifestyle,15360,951,1977,638606,4694,379493,4.82,22,Sunday,22.0,668,Positive,Macro,True,False,Night,1
LinkedIn,Poll,Gaming,333,140,321,28994,193,169975,0.47,0,Monday,7.0,1594,Neutral,Macro,True,False,Night,0
Twitter,Retweet,Lifestyle,3057,39,706,43949,342,102973,3.69,4,Monday,10.0,1410,Positive,Macro,True,False,Night,1
TikTok,Stitch,Education,45201,733,4655,112904,314,499815,10.12,19,Monday,12.0,294,Neutral,Macro,False,False,Evening,1
Facebook,Post,Gaming,364,12,623,1910,586,153291,0.65,0,Tuesday,25.0,264,Neutral,Macro,True,True,Night,0
Instagram,Photo,Food,6718,351,173,6488,336,291616,2.48,2,Tuesday,20.0,930,Neutral,Macro,True,False,Night,1
Instagram,Reel,Lifestyle,4154,434,295,33280,784,289699,1.69,3,Tuesday,18.0,535,Neutral,Macro,True,False,Night,0
YouTube,Video,Technology,17999,98,745,913699,2679,66268,28.43,5,Tuesday,10.0,200,Neutral,Mid-tier,True,False,Morning,1
Instagram,Photo,Technology,3190,462,29,43842,535,468431,0.79,7,Tuesday,27.0,405,Negative,Macro,True,False,Morning,0
Twitter,Tweet,Technology,1090,66,967,57241,290,191259,1.11,14,Tuesday,6.0,1974,Neutral,Macro,True,False,Afternoon,0
Twitter,Poll,Health,1750,37,1118,60341,300,323366,0.9,17,Tuesday,7.0,924,Positive,Macro,True,True,Evening,0
Facebook,Story,Lifestyle,683,394,28,26119,430,343683,0.32,20,Tuesday,28.0,1219,Positive,Macro,False,False,Evening,0
Instagram,Photo,Lifestyle,2120,166,118,3053,891,128319,1.87,1,Wednesday,23.0,546,Neutral,Macro,True,False,Night,0
Twitter,Thread,Health,1502,260,1357,83373,291,368372,0.85,11,Wednesday,14.0,917,Positive,Macro,True,False,Morning,0
TikTok,Stitch,Education,29485,353,3627,436476,2007,56359,59.38,12,Wednesday,23.0,359,Positive,Mid-tier,True,True,Afternoon,1
YouTube,Live,Health,4288,145,574,851026,2100,49054,10.21,13,Wednesday,17.0,324,Neutral,Micro,True,False,Afternoon,1
Twitter,Retweet,Travel,1860,26,1262,64503,473,347643,0.91,18,Wednesday,13.0,997,Neutral,Macro,True,False,Evening,0
Instagram,Photo,Fashion,6804,170,242,9528,519,216288,3.34,20,Wednesday,27.0,86,Negative,Macro,True,False,Evening,1
Twitter,Thread,Health,4528,58,1659,99267,169,342805,1.82,7,Thursday,26.0,456,Neutral,Macro,True,False,Morning,0
Twitter,Retweet,Technology,724,139,813,11283,350,386404,0.43,11,Thursday,1.0,1370,Positive,Macro,True,False,Morning,0
Facebook,Live,Fitness,771,167,759,10706,65,429762,0.39,11,Thursday,10.0,529,Positive,Macro,True,False,Morning,0
Facebook,Video,Travel,5097,351,711,17096,693,72906,8.45,13,Thursday,7.0,95,Positive,Mid-tier,True,False,Afternoon,1
Instagram,Photo,Technology,3393,316,67,31639,348,409060,0.92,16,Thursday,25.0,110,Neutral,Macro,False,False,Afternoon,0
YouTube,Community Post,Lifestyle,12724,967,677,510325,305,445290,3.23,17,Thursday,16.0,982,Positive,Macro,True,False,Evening,1
YouTube,Community Post,Food,6126,533,1867,409519,1335,332199,2.57,19,Thursday,7.0,1349,Positive,Macro,True,True,Evening,1
Twitter,Tweet,Lifestyle,775,165,1672,43186,412,332688,0.79,21,Thursday,16.0,1515,Positive,Macro,False,False,Night,0
Instagram,Reel,Food,7378,467,279,18458,882,416423,1.95,23,Thursday,23.0,94,Positive,Macro,True,True,Night,0
LinkedIn,Article,Lifestyle,742,117,266,8823,124,226824,0.5,2,Friday,22.0,537,Negative,Macro,True,False,Night,0
LinkedIn,Post,Entertainment,880,85,147,18241,147,122274,0.91,4,Friday,15.0,188,Positive,Macro,True,False,Night,0
Facebook,Video,Entertainment,4753,334,137,34556,426,190309,2.75,7,Friday,20.0,283,Negative,Macro,True,False,Morning,1
TikTok,Video,Lifestyle,42277,1474,4428,107478,2277,241014,19.99,14,Friday,5.0,568,Positive,Macro,True,False,Afternoon,1
Twitter,Retweet,Travel,2785,184,1727,28268,34,375906,1.25,16,Friday,19.0,593,Positive,Macro,True,True,Afternoon,0
TikTok,Duet,Lifestyle,42504,980,4023,469443,303,17114,277.59,16,Friday,13.0,285,Neutral,Micro,True,False,Afternoon,1
Facebook,Video,Fashion,4204,277,964,2101,681,121814,4.47,22,Friday,2.0,100,Negative,Macro,True,True,Night,1
Facebook,Video,Health,1028,333,726,26590,677,339100,0.62,2,Saturday,12.0,206,Positive,Macro,True,False,Night,0
Twitter,Thread,Sports,4294,70,1907,45959,497,173104,3.62,4,Saturday,15.0,300,Positive,Macro,True,False,Night,1
TikTok,Video,Education,27296,1667,4717,227566,2352,124826,26.98,10,Saturday,26.0,240,Negative,Macro,True,False,Morning,1
Instagram,Carousel,Fashion,1875,479,89,22466,492,264797,0.92,14,Saturday,20.0,188,Positive,Macro,True,False,Afternoon,0
Facebook,Post,Sports,2191,40,458,21137,749,176778,1.52,11,Sunday,19.0,768,Negative,Macro,True,True,Morning,0
YouTube,Video,Fashion,19042,432,428,452930,3608,218965,9.09,13,Sunday,23.0,436,Positive,Macro,False,False,Afternoon,1
Facebook,Video,Food,840,287,270,69035,357,78781,1.77,13,Sunday,28.0,201,Neutral,Mid-tier,True,False,Afternoon,0
Twitter,Poll,Health,160,209,1655,41653,460,193372,1.05,16,Sunday,22.0,1669,Positive,Macro,True,False,Afternoon,0
LinkedIn,Post,Education,1644,55,285,16216,51,452891,0.44,17,Sunday,11.0,1837,Positive,Macro,True,False,Evening,0
Twitter,Poll,Travel,3042,244,483,54448,398,25227,14.94,20,Sunday,0.0,369,Neutral,Micro,True,False,Evening,1
Twitter,Tweet,Entertainment,4288,276,68,49228,326,207539,2.23,20,Sunday,24.0,1279,Positive,Macro,True,False,Evening,0
Instagram,Photo,Education,4463,167,191,36616,606,81204,5.94,21,Sunday,13.0,1013,Positive,Mid-tier,False,True,Night,1
Instagram,Photo,Food,4446,292,275,2816,909,454634,1.1,4,Monday,7.0,337,Positive,Macro,True,True,Night,0
YouTube,Short,Health,899,242,1924,190896,920,420659,0.73,4,Monday,9.0,40,Positive,Macro,True,False,Night,0
LinkedIn,Post,Fashion,408,76,310,28136,27,350070,0.23,6,Monday,8.0,1508,Negative,Macro,False,False,Morning,0
Instagram,Photo,Fitness,296,262,188,23448,133,435694,0.17,8,Monday,11.0,1799,Neutral,Macro,True,False,Morning,0
Facebook,Story,Business,4022,333,471,74363,648,332822,1.45,16,Monday,19.0,832,Negative,Macro,True,False,Afternoon,0
Facebook,Live,Travel,2738,125,657,20437,796,214483,1.64,17,Monday,0.0,192,Positive,Macro,True,False,Evening,0
Twitter,Thread,Food,4785,77,1047,30055,489,456205,1.3,19,Monday,23.0,217,Positive,Macro,True,False,Evening,0
TikTok,Stitch,Gaming,42398,551,632,61898,949,404262,10.78,21,Monday,5.0,94,Negative,Macro,True,False,Night,1
LinkedIn,Post,Entertainment,516,43,331,16650,83,16634,5.35,3,Tuesday,15.0,1848,Positive,Micro,True,False,Night,1
Facebook,Live,Lifestyle,4679,287,70,8624,639,238997,2.11,4,Tuesday,0.0,547,Neutral,Macro,False,False,Night,0
TikTok,Duet,Food,7260,1507,1233,147195,468,305413,3.27,4,Tuesday,27.0,395,Positive,Macro,True,False,Night,1
Instagram,Photo,Sports,9583,77,260,5977,157,442368,2.24,23,Tuesday,18.0,1917,Positive,Macro,True,True,Night,0
Instagram,Story,Entertainment,6244,373,213,11096,12,228911,2.98,4,Wednesday,25.0,578,Neutral,Macro,True,False,Night,1
TikTok,Duet,Business,9233,1003,591,295869,654,67186,16.11,4,Wednesday,5.0,372,Neutral,Mid-tier,True,False,Night,1
TikTok,Video,Gaming,3884,532,3857,427395,1735,294559,2.81,8,Wednesday,0.0,56,Positive,Macro,False,False,Morning,1
Instagram,Photo,Food,6437,182,66,22383,524,183602,3.64,13,Wednesday,24.0,1522,Neutral,Macro,True,False,Afternoon,1
YouTube,Video,Technology,2640,986,1726,392941,1968,308437,1.74,13,Wednesday,14.0,49,Positive,Macro,True,False,Afternoon,0
YouTube,Community Post,Education,10132,735,205,346161,1658,380991,2.91,16,Wednesday,1.0,268,Positive,Macro,True,False,Afternoon,1
Twitter,Poll,Technology,3455,172,434,85536,87,315157,1.29,16,Wednesday,15.0,755,Neutral,Macro,True,False,Afternoon,0
YouTube,Live,Entertainment,4457,380,1379,523389,600,79726,7.8,3,Thursday,24.0,336,Neutral,Mid-tier,False,False,Night,1
Facebook,Post,Education,7239,287,984,38651,307,288023,2.95,19,Thursday,4.0,515,Positive,Macro,True,False,Evening,1
Instagram,Carousel,Gaming,7645,87,219,21717,791,216849,3.67,20,Thursday,11.0,55,Negative,Macro,True,False,Evening,1
Instagram,Reel,Entertainment,8880,187,120,10812,561,316620,2.9,22,Thursday,24.0,414,Neutral,Macro,True,False,Night,1
TikTok,Video,Gaming,10763,1689,117,353097,1689,350535,3.59,22,Thursday,17.0,441,Neutral,Macro,True,False,Night,1
Facebook,Story,Travel,1985,386,911,37633,715,225814,1.45,0,Friday,3.0,1952,Neutral,Macro,True,True,Night,0
YouTube,Community Post,Technology,18644,168,1711,60430,2732,287504,7.14,0,Friday,1.0,1337,Positive,Macro,True,False,Night,1
Twitter,Tweet,Fitness,4840,212,1458,97444,304,487768,1.33,1,Friday,23.0,1994,Negative,Macro,False,False,Night,0
Facebook,Story,Technology,3021,268,859,33225,490,309435,1.34,3,Friday,7.0,1952,Positive,Macro,True,False,Night,0
Facebook,Story,Food,2087,319,396,32508,164,430552,0.65,15,Friday,26.0,1897,Positive,Macro,True,True,Afternoon,0
Twitter,Poll,Business,4307,14,1064,58294,74,408753,1.32,22,Friday,9.0,333,Positive,Macro,True,False,Night,0
Instagram,Story,Food,2204,67,246,19104,927,494641,0.51,1,Saturday,27.0,1946,Positive,Macro,False,False,Night,0
Instagram,Story,Technology,6826,458,108,2982,37,401135,1.84,1,Saturday,8.0,1708,Neutral,Macro,True,False,Night,0
TikTok,Video,Sports,3144,1845,2960,118655,1115,492851,1.61,8,Saturday,6.0,111,Positive,Macro,True,True,Morning,0
TikTok,Video,Technology,1125,159,2071,35192,1944,24966,13.44,10,Saturday,27.0,425,Positive,Micro,True,False,Morning,1
Facebook,Story,Business,2733,74,437,66000,355,176407,1.84,10,Saturday,24.0,1336,Positive,Macro,False,False,Morning,0
Instagram,Reel,Technology,2997,272,96,13656,373,36162,9.31,12,Saturday,27.0,109,Positive,Micro,True,True,Afternoon,1
LinkedIn,Post,Fitness,1929,120,71,14735,103,374886,0.57,13,Saturday,2.0,615,Negative,Macro,True,True,Afternoon,0
LinkedIn,Article,Technology,43,87,20,28177,53,16229,0.92,19,Saturday,11.0,1872,Neutral,Micro,True,False,Evening,0
TikTok,Duet,Education,47001,1602,2795,414044,1640,86123,59.68,20,Saturday,0.0,513,Neutral,Mid-tier,True,False,Evening,1
Instagram,Photo,Health,2478,48,63,48316,856,119502,2.17,21,Saturday,19.0,1867,Positive,Macro,True,False,Night,0
Instagram,Carousel,Health,649,338,262,47585,191,71262,1.75,22,Saturday,2.0,1506,Positive,Mid-tier,True,False,Night,0
Instagram,Story,Food,2246,198,169,14635,895,59897,4.36,2,Sunday,18.0,698,Positive,Mid-tier,True,False,Night,1
TikTok,Duet,Health,4823,564,3297,472353,1109,414740,2.09,3,Sunday,13.0,354,Positive,Macro,True,False,Night,0
Facebook,Live,Technology,7526,49,853,60061,238,479557,1.76,4,Sunday,9.0,139,Positive,Macro,True,True,Night,0
TikTok,Stitch,Technology,10543,354,1803,83649,1339,47727,26.61,5,Sunday,8.0,53,Positive,Micro,True,True,Morning,1
YouTube,Short,Entertainment,15598,360,80,961774,4421,216970,7.39,5,Sunday,29.0,343,Positive,Macro,True,True,Morning,1
TikTok,Video,Fitness,32115,692,3932,348625,305,143709,25.56,19,Sunday,26.0,404,Positive,Macro,True,True,Evening,1
Twitter,Poll,Lifestyle,91,29,473,91875,378,466333,0.13,19,Sunday,6.0,407,Positive,Macro,True,True,Evening,0
LinkedIn,Document,Education,835,56,438,8652,218,329592,0.4,1,Monday,15.0,1079,Neutral,Macro,True,False,Night,0
Instagram,Photo,Health,8926,397,38,47178,650,338397,2.77,2,Monday,28.0,1023,Neutral,Macro,True,False,Night,1
Instagram,Reel,Gaming,6338,190,263,12186,795,87795,7.74,3,Monday,15.0,314,Positive,Mid-tier,True,False,Night,1
YouTube,Video,Health,1601,277,169,122701,781,296676,0.69,8,Monday,22.0,275,Positive,Macro,True,True,Morning,0
Instagram,Story,Technology,2443,340,28,36962,242,148903,1.89,9,Monday,10.0,695,Positive,Macro,True,False,Morning,0
Twitter,Retweet,Business,1371,22,1125,11030,5,286796,0.88,14,Monday,10.0,1541,Neutral,Macro,True,True,Afternoon,0
Facebook,Post,Food,5775,25,874,74841,283,45880,14.55,15,Monday,22.0,1240,Positive,Micro,True,False,Afternoon,1
Twitter,Retweet,Business,2039,32,1358,40860,294,225965,1.52,17,Monday,6.0,1447,Positive,Macro,True,True,Evening,0
Instagram,Reel,Entertainment,8952,132,154,16740,792,297114,3.11,3,Tuesday,17.0,381,Positive,Macro,True,False,Night,1
TikTok,Duet,Fashion,7815,1779,4937,87990,554,333691,4.35,7,Tuesday,28.0,545,Neutral,Macro,True,False,Morning,1
Instagram,Carousel,Lifestyle,1892,239,258,17378,426,483331,0.49,8,Tuesday,27.0,922,Neutral,Macro,True,True,Morning,0
Facebook,Post,Fitness,6402,93,870,73898,520,203594,3.62,9,Tuesday,3.0,1153,Negative,Macro,True,True,Morning,1
Instagram,Reel,Lifestyle,3817,189,82,20329,165,263069,1.55,12,Tuesday,20.0,239,Positive,Macro,True,True,Afternoon,0
TikTok,Stitch,Sports,27098,1324,4322,459555,2068,339030,9.66,16,Tuesday,20.0,107,Neutral,Macro,True,True,Afternoon,1
Twitter,Poll,Fitness,630,177,778,86180,276,273749,0.58,16,Tuesday,8.0,1652,Positive,Macro,True,False,Afternoon,0
TikTok,Duet,Travel,32457,300,2271,215121,615,29288,119.6,20,Tuesday,24.0,381,Neutral,Micro,True,False,Evening,1
Instagram,Carousel,Fitness,8013,134,44,42184,632,471046,1.74,2,Wednesday,0.0,1247,Negative,Macro,True,False,Night,0
Instagram,Story,Fitness,2649,89,189,19683,879,86226,3.39,5,Wednesday,29.0,1985,Neutral,Mid-tier,True,False,Morning,1
TikTok,Duet,Fitness,48363,1400,1169,180542,1860,475232,10.72,14,Wednesday,3.0,511,Neutral,Macro,False,False,Afternoon,1
Facebook,Post,Fitness,3945,211,69,60765,472,129806,3.25,17,Wednesday,15.0,285,Negative,Macro,True,False,Evening,1
Twitter,Tweet,Sports,296,221,1253,75852,346,344620,0.51,18,Wednesday,27.0,1995,Positive,Macro,True,False,Evening,0
Instagram,Reel,Travel,7147,282,113,16702,482,236409,3.19,0,Thursday,26.0,84,Neutral,Macro,True,False,Night,1
Facebook,Live,Lifestyle,7949,209,761,2428,628,26546,33.6,8,Thursday,27.0,151,Positive,Micro,True,False,Morning,1
TikTok,Stitch,Food,9278,1735,2113,182605,1751,49753,26.38,12,Thursday,13.0,459,Positive,Micro,True,False,Afternoon,1
LinkedIn,Article,Lifestyle,712,21,83,8686,225,367237,0.22,12,Thursday,2.0,1796,Positive,Macro,True,False,Afternoon,0
Twitter,Poll,Entertainment,2533,41,307,17040,179,49853,5.78,6,Friday,19.0,1998,Neutral,Micro,True,True,Morning,1
Twitter,Thread,Food,2611,66,1989,95564,428,258391,1.81,9,Friday,18.0,1081,Negative,Macro,True,False,Morning,0
Twitter,Tweet,Health,4151,280,1244,3353,59,361686,1.57,13,Friday,7.0,1438,Positive,Macro,True,False,Afternoon,0
YouTube,Live,Food,7166,654,1499,922887,3956,240328,3.88,14,Friday,5.0,509,Positive,Macro,True,True,Afternoon,1
TikTok,Duet,Travel,38125,1650,2971,325217,2428,11406,374.77,23,Friday,28.0,310,Neutral,Micro,True,True,Night,1
LinkedIn,Article,Fashion,1399,125,398,10540,237,159726,1.2,2,Saturday,3.0,85,Negative,Macro,True,False,Night,0
YouTube,Video,Gaming,9005,531,744,680290,1662,414165,2.48,3,Saturday,28.0,491,Neutral,Macro,True,False,Night,1
Facebook,Live,Food,5972,30,993,59972,219,384160,1.82,5,Saturday,24.0,441,Positive,Macro,True,False,Morning,0
TikTok,Video,Health,47279,658,3292,247493,2580,84624,60.54,6,Saturday,21.0,470,Negative,Mid-tier,True,False,Morning,1
Facebook,Story,Fashion,6556,46,777,14803,303,163903,4.5,8,Saturday,25.0,1214,Positive,Macro,True,True,Morning,1
TikTok,Video,Health,31911,1467,378,315250,2894,360008,9.38,8,Saturday,8.0,48,Negative,Macro,True,True,Morning,1
LinkedIn,Poll,Fashion,349,53,399,14255,115,146587,0.55,12,Saturday,15.0,1631,Neutral,Macro,False,False,Afternoon,0
LinkedIn,Poll,Gaming,540,9,318,6151,110,388178,0.22,15,Saturday,11.0,972,Negative,Macro,True,False,Afternoon,0
LinkedIn,Post,Travel,977,89,240,2548,114,398979,0.33,17,Saturday,1.0,1787,Neutral,Macro,True,False,Evening,0
LinkedIn,Article,Education,19,132,63,6007,266,474077,0.05,19,Saturday,7.0,1448,Negative,Macro,True,False,Evening,0
Facebook,Live,Food,2903,194,546,9148,494,331590,1.1,19,Saturday,28.0,557,Positive,Macro,True,False,Evening,0
TikTok,Duet,Sports,37409,246,3880,448882,1117,122794,33.82,20,Saturday,23.0,315,Positive,Macro,True,False,Evening,1
Facebook,Live,Sports,7476,200,674,67878,255,133294,6.26,22,Saturday,22.0,393,Neutral,Macro,True,False,Night,1
Instagram,Carousel,Fashion,9572,432,14,12621,501,247441,4.05,3,Sunday,28.0,1056,Neutral,Macro,True,False,Night,1
LinkedIn,Article,Business,1935,25,408,20811,105,453326,0.52,3,Sunday,22.0,1245,Positive,Macro,True,False,Night,0
Facebook,Story,Food,7154,152,634,69572,259,241469,3.29,9,Sunday,0.0,1731,Positive,Macro,True,False,Morning,1
Twitter,Poll,Fashion,2634,130,908,25660,218,487661,0.75,13,Sunday,1.0,994,Neutral,Macro,True,False,Afternoon,0
LinkedIn,Document,Lifestyle,1861,74,464,18756,95,336655,0.71,15,Sunday,23.0,1093,Positive,Macro,True,False,Afternoon,0
TikTok,Stitch,Fashion,4627,677,653,20622,1755,80883,7.36,19,Sunday,18.0,363,Positive,Mid-tier,True,True,Evening,1
Twitter,Thread,Business,3172,47,1077,78248,302,390762,1.1,0,Monday,2.0,1467,Negative,Macro,False,False,Night,0
YouTube,Live,Health,14632,816,1056,436128,834,259541,6.36,8,Monday,9.0,97,Neutral,Macro,True,True,Morning,1
Facebook,Live,Gaming,2055,249,252,36458,717,22516,11.35,13,Monday,20.0,212,Positive,Micro,True,False,Afternoon,1
TikTok,Video,Lifestyle,5479,1355,2144,36536,945,314781,2.85,16,Monday,20.0,459,Positive,Macro,True,False,Afternoon,1
Twitter,Thread,Sports,1662,285,1216,13904,116,123793,2.56,20,Monday,20.0,836,Negative,Macro,True,False,Evening,1
Instagram,Photo,Entertainment,3054,335,14,37307,290,478478,0.71,23,Monday,14.0,576,Positive,Macro,True,False,Night,0
Twitter,Retweet,Lifestyle,2896,81,478,95584,361,470354,0.73,2,Tuesday,3.0,1614,Negative,Macro,True,False,Night,0
Twitter,Thread,Education,3241,297,1009,98572,338,344167,1.32,3,Tuesday,29.0,618,Positive,Macro,True,False,Night,0
Twitter,Thread,Lifestyle,1128,168,1547,58724,411,108614,2.62,4,Tuesday,25.0,1397,Negative,Macro,True,True,Night,1
Twitter,Poll,Food,2358,218,1899,18985,261,365750,1.22,4,Tuesday,14.0,368,Negative,Macro,True,False,Night,0
LinkedIn,Post,Fashion,243,22,478,7060,170,214882,0.35,7,Tuesday,13.0,1196,Neutral,Macro,True,False,Morning,0
Instagram,Story,Lifestyle,1567,260,224,37910,880,160006,1.28,20,Tuesday,2.0,1592,Positive,Macro,False,False,Evening,0
Instagram,Story,Lifestyle,7825,401,85,21719,308,222110,3.74,21,Tuesday,18.0,1297,Neutral,Macro,False,True,Night,1
Instagram,Photo,Fitness,5096,418,37,48671,164,321440,1.73,4,Wednesday,13.0,251,Positive,Macro,True,False,Night,0
LinkedIn,Article,Fashion,1480,87,428,11557,244,209414,0.95,13,Wednesday,21.0,1568,Neutral,Macro,True,True,Afternoon,0
Twitter,Poll,Entertainment,1192,250,772,94141,46,334095,0.66,18,Wednesday,16.0,252,Positive,Macro,True,True,Evening,0
Twitter,Retweet,Entertainment,4250,21,224,24583,94,445579,1.01,19,Wednesday,5.0,1484,Negative,Macro,False,False,Evening,0
Instagram,Photo,Food,4300,320,48,25269,233,234480,1.99,21,Wednesday,7.0,290,Neutral,Macro,True,False,Night,0
LinkedIn,Document,Technology,1865,30,393,19163,80,462934,0.49,1,Thursday,1.0,971,Positive,Macro,False,True,Night,0
Instagram,Carousel,Business,4090,75,177,26301,257,356199,1.22,3,Thursday,9.0,1445,Neutral,Macro,True,False,Night,0
Facebook,Post,Business,2246,336,638,61203,243,491765,0.65,5,Thursday,25.0,1458,Positive,Macro,True,False,Morning,0
TikTok,Duet,Gaming,4169,1569,4417,174511,1823,407121,2.49,18,Thursday,5.0,97,Positive,Macro,True,False,Evening,1
Facebook,Story,Lifestyle,4204,33,520,22250,637,397078,1.2,18,Thursday,4.0,130,Negative,Macro,True,False,Evening,0
Facebook,Post,Health,6835,395,768,22588,691,78805,10.15,20,Thursday,27.0,1462,Positive,Mid-tier,True,False,Evening,1
Facebook,Video,Fitness,4220,121,882,44439,393,151733,3.44,21,Thursday,6.0,590,Neutral,Macro,True,False,Night,1
Facebook,Story,Fitness,6250,236,834,60777,491,78759,9.29,2,Friday,29.0,1923,Neutral,Mid-tier,True,False,Night,1
Instagram,Reel,Travel,1204,162,174,40435,26,20184,7.63,2,Friday,23.0,476,Neutral,Micro,True,False,Night,1
TikTok,Duet,Education,27166,610,1180,107903,2228,193947,14.93,6,Friday,0.0,512,Positive,Macro,True,False,Morning,1
Instagram,Reel,Gaming,5661,221,106,5291,339,348020,1.72,14,Friday,16.0,59,Neutral,Macro,True,False,Afternoon,0
TikTok,Duet,Food,45824,1526,866,359373,2913,87027,55.4,18,Friday,26.0,382,Positive,Mid-tier,True,False,Evening,1
TikTok,Duet,Food,47596,417,3794,129291,1769,12141,426.71,0,Saturday,20.0,365,Negative,Micro,True,False,Night,1
Instagram,Photo,Lifestyle,1853,308,31,28244,260,202977,1.08,19,Saturday,13.0,1600,Positive,Macro,False,False,Evening,0
Instagram,Story,Travel,6325,6,116,37844,990,163609,3.94,3,Sunday,16.0,1255,Positive,Macro,True,False,Night,1
Facebook,Live,Fitness,1744,131,287,15915,37,476348,0.45,6,Sunday,0.0,539,Positive,Macro,True,True,Morning,0
LinkedIn,Article,Fitness,1969,5,35,8459,149,408856,0.49,9,Sunday,24.0,639,Positive,Macro,True,False,Morning,0
Facebook,Video,Lifestyle,7106,272,875,26429,323,70923,11.64,11,Sunday,17.0,112,Positive,Mid-tier,True,False,Morning,1
YouTube,Short,Food,17665,728,520,96490,757,359159,5.27,18,Sunday,28.0,33,Neutral,Macro,True,False,Evening,1
Instagram,Carousel,Food,992,213,287,3286,195,374297,0.4,20,Sunday,19.0,1641,Positive,Macro,True,False,Evening,0
Instagram,Photo,Business,4008,93,38,42313,904,147343,2.81,9,Monday,27.0,114,Neutral,Macro,False,False,Morning,1
Twitter,Thread,Entertainment,1475,139,1297,21195,205,386801,0.75,13,Monday,27.0,339,Positive,Macro,False,True,Afternoon,0
YouTube,Live,Travel,4263,930,968,335705,3059,170872,3.61,14,Monday,0.0,154,Negative,Macro,True,False,Afternoon,1
TikTok,Duet,Gaming,23463,711,1474,369234,2177,341326,7.51,15,Monday,7.0,226,Negative,Macro,True,False,Afternoon,1
Instagram,Carousel,Gaming,8101,332,190,30932,112,489284,1.76,18,Monday,21.0,629,Neutral,Macro,True,False,Evening,0
Facebook,Story,Entertainment,687,86,34,62215,584,470064,0.17,19,Monday,15.0,547,Neutral,Macro,True,False,Evening,0
YouTube,Live,Sports,2036,963,888,172140,1627,350512,1.11,2,Tuesday,15.0,106,Positive,Macro,True,False,Night,0
LinkedIn,Article,Travel,864,137,387,4146,120,193468,0.72,5,Tuesday,7.0,339,Positive,Macro,True,False,Morning,0
Twitter,Tweet,Technology,2526,222,1662,89424,73,420030,1.05,9,Tuesday,8.0,1380,Neutral,Macro,True,True,Morning,0
LinkedIn,Document,Lifestyle,1933,75,234,15764,288,116941,1.92,9,Tuesday,10.0,183,Neutral,Macro,True,False,Morning,0
Facebook,Live,Gaming,5999,277,887,1693,753,415670,1.72,10,Tuesday,27.0,463,Positive,Macro,False,False,Morning,0
YouTube,Community Post,Lifestyle,2418,927,1849,53055,4415,76142,6.82,15,Tuesday,27.0,1119,Positive,Mid-tier,True,True,Afternoon,1
Twitter,Retweet,Fashion,1916,190,1049,89612,250,165218,1.91,21,Tuesday,14.0,505,Neutral,Macro,True,False,Night,0
YouTube,Community Post,Sports,17552,125,135,310796,4801,340761,5.23,23,Tuesday,3.0,463,Positive,Macro,True,False,Night,1
Instagram,Story,Technology,1736,266,81,9045,628,336439,0.62,0,Wednesday,4.0,1325,Neutral,Macro,True,True,Night,0
LinkedIn,Post,Business,725,115,207,16145,109,117469,0.89,11,Wednesday,20.0,1594,Positive,Macro,True,True,Morning,0
Instagram,Story,Education,1965,416,40,7576,488,36671,6.6,15,Wednesday,27.0,887,Neutral,Micro,True,False,Afternoon,1
Instagram,Photo,Lifestyle,4586,73,231,37430,313,432374,1.13,20,Wednesday,23.0,147,Positive,Macro,True,False,Evening,0
Twitter,Tweet,Entertainment,4695,188,1779,76993,112,441666,1.51,8,Thursday,6.0,922,Neutral,Macro,True,True,Morning,0
YouTube,Short,Technology,3266,360,1631,339902,2544,465041,1.13,11,Thursday,15.0,444,Neutral,Macro,True,True,Morning,0
Instagram,Photo,Gaming,6197,329,238,18442,25,402882,1.68,12,Thursday,19.0,1872,Positive,Macro,True,True,Afternoon,0
Instagram,Carousel,Gaming,5971,151,296,6597,278,491858,1.3,13,Thursday,28.0,1484,Neutral,Macro,True,False,Afternoon,0
Instagram,Story,Education,2311,414,136,30139,839,194282,1.47,13,Thursday,0.0,106,Positive,Macro,True,False,Afternoon,0
Twitter,Thread,Lifestyle,566,210,797,6474,151,487796,0.32,14,Thursday,8.0,1295,Neutral,Macro,True,False,Afternoon,0
Facebook,Post,Lifestyle,5757,295,150,70835,9,109649,5.66,16,Thursday,1.0,985,Neutral,Macro,True,True,Afternoon,1
Twitter,Thread,Gaming,4962,168,1253,68136,73,55837,11.43,19,Thursday,28.0,187,Positive,Mid-tier,True,False,Evening,1
YouTube,Short,Business,777,248,18,92897,731,84021,1.24,20,Thursday,10.0,77,Neutral,Mid-tier,True,True,Evening,0
Instagram,Reel,Fitness,8688,352,279,11733,541,231263,4.03,21,Thursday,12.0,267,Negative,Macro,True,False,Night,1
YouTube,Video,Entertainment,1105,268,122,932645,4574,144103,1.04,23,Thursday,5.0,189,Positive,Macro,False,False,Night,0
Instagram,Story,Education,5593,191,206,31135,625,434876,1.38,1,Friday,16.0,924,Positive,Macro,True,False,Night,0
Twitter,Thread,Entertainment,4120,232,1229,72540,406,117528,4.75,2,Friday,23.0,986,Neutral,Macro,True,True,Night,1
LinkedIn,Document,Gaming,431,88,482,18860,296,225216,0.44,4,Friday,28.0,1945,Positive,Macro,True,False,Night,0
Twitter,Thread,Lifestyle,1328,169,1292,98925,433,306956,0.91,7,Friday,4.0,768,Positive,Macro,True,True,Morning,0
Instagram,Carousel,Lifestyle,3671,285,289,18562,534,243367,1.74,7,Friday,2.0,350,Positive,Macro,True,False,Morning,0
Twitter,Tweet,Entertainment,2929,228,1268,21914,216,447177,0.99,9,Friday,13.0,1906,Positive,Macro,True,False,Morning,0
Instagram,Story,Entertainment,2429,34,162,18309,599,87487,3.0,15,Friday,4.0,1124,Positive,Mid-tier,True,False,Afternoon,1
Instagram,Photo,Technology,1403,325,169,41946,558,161762,1.17,20,Friday,13.0,561,Positive,Macro,True,False,Evening,0
YouTube,Video,Food,14096,873,25,916239,1149,31050,48.29,20,Friday,18.0,156,Positive,Micro,True,False,Evening,1
Facebook,Video,Travel,6462,107,720,65418,660,258688,2.82,8,Saturday,5.0,369,Positive,Macro,True,True,Morning,1
Facebook,Video,Business,2375,63,462,62188,311,192382,1.51,9,Saturday,15.0,108,Neutral,Macro,True,True,Morning,0
Instagram,Carousel,Food,1597,296,30,47230,446,36431,5.28,9,Saturday,14.0,169,Neutral,Micro,True,False,Morning,1
LinkedIn,Poll,Food,836,97,301,15763,15,420938,0.29,10,Saturday,26.0,439,Positive,Macro,True,True,Morning,0
Facebook,Post,Education,6587,357,461,27121,538,414936,1.78,20,Saturday,28.0,1783,Positive,Macro,True,False,Evening,0
LinkedIn,Article,Fashion,887,19,63,22330,208,263532,0.37,7,Sunday,6.0,915,Neutral,Macro,True,False,Morning,0
Twitter,Thread,Technology,1860,261,1732,15002,95,376290,1.02,12,Sunday,28.0,431,Positive,Macro,True,False,Afternoon,0
Instagram,Story,Entertainment,1522,336,265,31302,786,56196,3.78,13,Sunday,9.0,1173,Neutral,Mid-tier,True,False,Afternoon,1
Facebook,Post,Fitness,1151,377,174,55061,63,77925,2.18,13,Sunday,14.0,1974,Positive,Mid-tier,True,True,Afternoon,0
YouTube,Video,Education,4528,721,1906,696494,4447,413599,1.73,14,Sunday,12.0,16,Positive,Macro,True,False,Afternoon,0
TikTok,Duet,Fashion,17346,1178,2382,418920,1967,442436,4.73,17,Sunday,25.0,100,Neutral,Macro,True,False,Evening,1
Facebook,Story,Education,6255,14,8,26954,58,425564,1.47,19,Sunday,28.0,1658,Neutral,Macro,True,True,Evening,0
Instagram,Carousel,Food,6144,36,99,21022,902,307825,2.04,1,Monday,18.0,1179,Positive,Macro,True,False,Night,0
Facebook,Live,Business,2621,144,255,72773,617,195678,1.54,2,Monday,10.0,172,Positive,Macro,True,False,Night,0
Facebook,Story,Food,1976,107,385,75512,178,414871,0.59,3,Monday,5.0,735,Positive,Macro,True,True,Night,0
Instagram,Story,Health,5709,383,262,43183,408,341420,1.86,4,Monday,14.0,1718,Positive,Macro,True,True,Night,0
Instagram,Carousel,Travel,7216,259,226,17605,544,60794,12.67,8,Monday,19.0,1756,Positive,Mid-tier,True,False,Morning,1
LinkedIn,Article,Fitness,910,143,347,23195,243,81902,1.71,8,Monday,25.0,1455,Positive,Mid-tier,True,False,Morning,0
Twitter,Tweet,Sports,4515,231,607,51073,463,392345,1.36,18,Monday,11.0,90,Neutral,Macro,True,True,Evening,0
Instagram,Story,Business,5247,328,232,13909,638,180241,3.22,19,Monday,10.0,1015,Positive,Macro,False,False,Evening,1
Facebook,Live,Health,3912,23,903,54294,418,203076,2.38,0,Tuesday,4.0,305,Positive,Macro,True,False,Night,1
Facebook,Live,Fitness,7385,142,525,11785,99,16525,48.73,10,Tuesday,14.0,52,Neutral,Micro,True,True,Morning,1
Instagram,Reel,Health,1722,400,91,11691,227,239553,0.92,23,Tuesday,25.0,67,Positive,Macro,False,False,Night,0
Facebook,Live,Sports,2458,95,524,16572,766,297144,1.04,3,Thursday,11.0,418,Negative,Macro,True,False,Night,0
Instagram,Story,Fashion,6668,40,113,44618,192,117044,5.83,4,Thursday,28.0,1927,Positive,Macro,True,False,Night,1
LinkedIn,Post,Gaming,959,49,33,4400,174,124563,0.84,7,Thursday,18.0,178,Positive,Macro,True,False,Morning,0
Facebook,Video,Food,5059,311,731,17772,744,178350,3.42,13,Thursday,28.0,293,Neutral,Macro,False,False,Afternoon,1
Instagram,Story,Fitness,6759,163,229,39884,381,349942,2.04,13,Thursday,15.0,256,Positive,Macro,True,False,Afternoon,0
Facebook,Story,Health,3999,307,803,59412,636,465904,1.1,15,Thursday,19.0,1133,Positive,Macro,True,False,Afternoon,0
Instagram,Reel,Fashion,9693,244,144,4432,372,475051,2.12,0,Friday,20.0,93,Neutral,Macro,True,True,Night,0
Instagram,Photo,Food,8001,103,36,48798,119,357275,2.28,1,Friday,11.0,1663,Positive,Macro,True,False,Night,0
Twitter,Retweet,Travel,4811,247,527,21121,224,299555,1.86,4,Friday,7.0,1879,Negative,Macro,True,False,Night,0
Instagram,Carousel,Business,3577,452,277,45371,850,429890,1.0,5,Friday,20.0,106,Positive,Macro,True,False,Morning,0
Instagram,Photo,Health,6668,120,235,20468,511,239528,2.93,6,Friday,19.0,994,Positive,Macro,True,False,Morning,1
Twitter,Retweet,Food,1289,38,1604,93890,346,274752,1.07,7,Friday,9.0,1303,Positive,Macro,True,True,Morning,0
Twitter,Retweet,Gaming,2120,295,1460,87067,220,218191,1.78,9,Friday,10.0,786,Neutral,Macro,False,True,Morning,0
Twitter,Tweet,Health,2771,250,1392,96956,25,20910,21.1,12,Friday,12.0,1076,Negative,Micro,True,False,Afternoon,1
Twitter,Poll,Lifestyle,1849,294,1503,95063,466,212420,1.72,13,Friday,20.0,1800,Positive,Macro,True,False,Afternoon,0
TikTok,Duet,Fashion,47673,263,1589,491546,2837,331589,14.94,13,Friday,15.0,153,Positive,Macro,True,False,Afternoon,1
Facebook,Story,Sports,4765,126,662,4265,671,352608,1.57,17,Friday,17.0,1481,Positive,Macro,True,True,Evening,0
Instagram,Carousel,Entertainment,6116,378,130,45952,692,2093,316.48,18,Friday,18.0,313,Negative,Nano,False,False,Evening,1
Instagram,Story,Entertainment,51,275,144,40111,873,283131,0.17,23,Friday,17.0,1018,Positive,Macro,False,False,Night,0
Facebook,Story,Education,2205,360,82,44581,89,494156,0.54,5,Saturday,24.0,877,Positive,Macro,True,False,Morning,0
Twitter,Retweet,Health,3054,283,534,34443,396,308151,1.26,8,Saturday,17.0,636,Neutral,Macro,True,False,Morning,0
LinkedIn,Poll,Health,1897,119,54,4359,236,242534,0.85,16,Saturday,1.0,1437,Positive,Macro,True,False,Afternoon,0
TikTok,Video,Travel,21248,1118,2524,455011,1326,105468,23.6,17,Saturday,7.0,225,Positive,Macro,True,False,Evening,1
Facebook,Video,Business,5167,291,677,23213,429,210315,2.92,20,Saturday,22.0,597,Negative,Macro,True,False,Evening,1
Instagram,Photo,Lifestyle,6301,496,95,39495,67,19064,36.15,7,Sunday,14.0,1456,Negative,Micro,False,False,Morning,1
Twitter,Tweet,Business,192,174,798,86061,327,187731,0.62,9,Sunday,8.0,963,Neutral,Macro,True,False,Morning,0
TikTok,Video,Food,17410,112,642,473423,283,144340,12.58,10,Sunday,4.0,450,Neutral,Macro,True,False,Morning,1
Twitter,Retweet,Fitness,2965,41,683,5698,76,419269,0.88,10,Sunday,26.0,1597,Positive,Macro,True,False,Morning,0
Instagram,Reel,Lifestyle,3029,282,140,45384,386,231111,1.49,12,Sunday,2.0,215,Positive,Macro,True,False,Afternoon,0
Twitter,Poll,Food,980,227,934,66744,249,280868,0.76,16,Sunday,10.0,141,Neutral,Macro,True,False,Afternoon,0
Facebook,Post,Fashion,2414,283,37,77123,350,110155,2.48,17,Sunday,8.0,865,Negative,Macro,True,False,Evening,1
YouTube,Short,Fitness,2496,753,289,221115,1419,346127,1.02,22,Sunday,10.0,299,Neutral,Macro,True,False,Night,0
Facebook,Post,Business,1468,363,122,50617,216,204546,0.95,0,Monday,26.0,617,Neutral,Macro,True,False,Night,0
YouTube,Video,Lifestyle,1511,383,82,816042,4631,149498,1.32,6,Monday,3.0,453,Positive,Macro,True,True,Morning,0
Twitter,Poll,Sports,1611,257,1239,82689,493,397030,0.78,7,Monday,19.0,1608,Positive,Macro,True,False,Morning,0
Twitter,Retweet,Gaming,2219,214,1020,88273,355,194430,1.78,9,Monday,29.0,231,Neutral,Macro,True,False,Morning,0
Instagram,Story,Entertainment,9680,223,210,15216,96,118588,8.53,9,Monday,6.0,1321,Positive,Macro,True,False,Morning,1
Instagram,Carousel,Lifestyle,765,114,32,14450,834,68263,1.33,11,Monday,22.0,1931,Positive,Mid-tier,True,True,Morning,0
Twitter,Retweet,Sports,374,73,1526,20056,111,9804,20.12,12,Monday,6.0,1752,Neutral,Nano,True,False,Afternoon,1
YouTube,Video,Health,5158,531,1161,599225,643,397627,1.72,16,Monday,5.0,552,Positive,Macro,True,False,Afternoon,0
YouTube,Live,Business,14396,953,17,569728,2099,74376,20.66,23,Monday,12.0,44,Positive,Mid-tier,False,False,Night,1
Facebook,Video,Fashion,5802,169,304,23355,431,43456,14.44,0,Tuesday,28.0,203,Neutral,Micro,True,True,Night,1
Instagram,Story,Fitness,298,13,35,37591,594,10515,3.29,12,Tuesday,28.0,636,Neutral,Micro,True,False,Afternoon,1
TikTok,Video,Entertainment,45806,1094,313,178889,1372,60465,78.08,19,Tuesday,9.0,85,Positive,Mid-tier,True,False,Evening,1
LinkedIn,Poll,Health,892,40,236,25907,93,269851,0.43,20,Tuesday,28.0,1458,Positive,Macro,True,True,Evening,0
Twitter,Thread,Food,2469,48,669,95957,429,147225,2.16,23,Tuesday,3.0,1856,Positive,Macro,True,True,Night,0
Instagram,Story,Fitness,8999,200,33,22982,630,267597,3.45,0,Wednesday,27.0,1896,Positive,Macro,True,False,Night,1
TikTok,Stitch,Health,25014,1231,4474,78071,2266,214685,14.31,0,Wednesday,3.0,119,Positive,Macro,True,False,Night,1
Twitter,Tweet,Business,1022,279,1572,97430,262,246051,1.17,6,Wednesday,9.0,1234,Negative,Macro,True,False,Morning,0
Facebook,Story,Fashion,6946,281,855,48169,294,47962,16.85,6,Wednesday,24.0,563,Positive,Micro,False,False,Morning,1
TikTok,Video,Lifestyle,38297,1928,1712,122458,330,499599,8.39,6,Wednesday,19.0,188,Neutral,Macro,True,False,Morning,1
TikTok,Stitch,Entertainment,25305,1170,4694,243470,1899,310089,10.05,7,Wednesday,15.0,358,Neutral,Macro,True,False,Morning,1
YouTube,Live,Food,15991,368,1741,598124,4497,82499,21.94,9,Wednesday,5.0,329,Neutral,Mid-tier,True,True,Morning,1
Twitter,Tweet,Travel,3275,17,760,45537,90,183970,2.2,11,Wednesday,8.0,1266,Neutral,Macro,True,False,Morning,0
Twitter,Retweet,Business,401,178,265,2316,339,296176,0.28,11,Wednesday,19.0,743,Positive,Macro,True,False,Morning,0
LinkedIn,Document,Entertainment,1486,148,454,13719,244,450112,0.46,13,Wednesday,7.0,203,Positive,Macro,True,False,Afternoon,0
Twitter,Retweet,Food,2248,255,617,9888,95,429907,0.73,22,Wednesday,12.0,247,Positive,Macro,True,True,Night,0
LinkedIn,Post,Fashion,1712,94,155,27962,11,22969,8.54,23,Wednesday,5.0,1969,Neutral,Micro,True,True,Night,1
TikTok,Duet,Lifestyle,27813,801,3631,119587,1566,348057,9.26,3,Thursday,22.0,157,Negative,Macro,True,False,Night,1
Twitter,Tweet,Fitness,1407,180,242,53076,394,246115,0.74,3,Thursday,14.0,1288,Negative,Macro,True,True,Night,0
LinkedIn,Post,Gaming,498,31,82,6122,54,386226,0.16,4,Thursday,17.0,997,Neutral,Macro,True,False,Night,0
Facebook,Video,Food,1673,191,182,22618,27,91172,2.24,5,Thursday,14.0,258,Negative,Mid-tier,True,False,Morning,0
Instagram,Photo,Education,1243,43,70,16095,569,83417,1.63,8,Thursday,26.0,562,Positive,Mid-tier,True,False,Morning,0
TikTok,Duet,Entertainment,42623,1460,4704,471606,1927,47393,102.94,10,Thursday,10.0,322,Positive,Micro,False,True,Morning,1
LinkedIn,Article,Health,696,84,229,26072,257,208423,0.48,13,Thursday,23.0,1763,Negative,Macro,True,False,Afternoon,0
Twitter,Tweet,Fashion,2164,53,179,49465,186,374538,0.64,19,Thursday,12.0,1583,Neutral,Macro,True,True,Evening,0
Facebook,Story,Education,6639,296,175,5951,270,472910,1.5,0,Friday,11.0,560,Neutral,Macro,True,False,Night,0
Twitter,Thread,Technology,633,84,1584,64043,52,52818,4.36,4,Friday,17.0,429,Positive,Mid-tier,True,False,Night,1
Facebook,Video,Food,3546,284,457,15832,411,74405,5.76,4,Friday,0.0,256,Positive,Mid-tier,True,False,Night,1
Twitter,Thread,Health,4027,37,467,79651,150,222227,2.04,5,Friday,24.0,1873,Neutral,Macro,True,False,Morning,0
Facebook,Live,Health,2557,224,227,29740,325,488102,0.62,5,Friday,28.0,138,Neutral,Macro,True,False,Morning,0
LinkedIn,Article,Fashion,1966,125,12,26638,87,349697,0.6,9,Friday,13.0,695,Positive,Macro,True,False,Morning,0
LinkedIn,Document,Technology,992,103,30,11282,23,480793,0.23,12,Friday,5.0,259,Negative,Macro,True,False,Afternoon,0
Facebook,Video,Technology,2812,95,9,45269,173,211050,1.38,12,Friday,1.0,274,Neutral,Macro,True,False,Afternoon,0
Twitter,Thread,Fitness,4375,64,1569,72442,351,296947,2.02,15,Friday,13.0,1418,Positive,Macro,False,False,Afternoon,0
Facebook,Story,Technology,1590,155,249,37143,227,402749,0.5,17,Friday,2.0,733,Positive,Macro,True,False,Evening,0
TikTok,Stitch,Gaming,9840,153,2797,287294,912,308032,4.15,18,Friday,24.0,108,Positive,Macro,True,True,Evening,1
Facebook,Video,Health,1836,24,694,47208,698,209666,1.22,0,Saturday,22.0,498,Neutral,Macro,True,False,Night,0
Facebook,Live,Lifestyle,1469,205,233,4646,79,266637,0.72,6,Saturday,1.0,71,Negative,Macro,False,False,Morning,0
LinkedIn,Post,Gaming,1051,16,13,24864,196,409467,0.26,8,Saturday,5.0,922,Neutral,Macro,True,False,Morning,0
Facebook,Story,Fitness,3881,343,263,63598,92,188172,2.38,8,Saturday,28.0,137,Negative,Macro,False,False,Morning,1
Facebook,Story,Fashion,2757,346,429,72627,739,225251,1.57,14,Saturday,5.0,985,Positive,Macro,False,False,Afternoon,0
LinkedIn,Document,Travel,31,75,293,28383,33,337870,0.12,16,Saturday,12.0,569,Positive,Macro,True,True,Afternoon,0
Instagram,Carousel,Food,5969,109,26,46632,256,499011,1.22,17,Saturday,15.0,1352,Negative,Macro,True,True,Evening,0
LinkedIn,Post,Technology,1959,93,21,12052,104,116651,1.78,21,Saturday,9.0,264,Neutral,Macro,True,False,Night,0
YouTube,Community Post,Gaming,14782,900,364,128922,2355,394336,4.07,1,Sunday,24.0,663,Positive,Macro,True,False,Night,1
Facebook,Video,Health,5338,211,17,53912,169,343294,1.62,3,Sunday,29.0,183,Positive,Macro,False,False,Night,0
Instagram,Reel,Technology,4847,240,38,17667,814,6986,73.36,4,Sunday,10.0,35,Positive,Nano,True,False,Night,1
Facebook,Post,Education,3229,197,855,26030,402,314632,1.36,4,Sunday,15.0,946,Neutral,Macro,False,False,Night,0
Facebook,Live,Gaming,5203,370,613,42505,247,168892,3.66,5,Sunday,25.0,520,Negative,Macro,True,True,Morning,1
LinkedIn,Post,Entertainment,875,31,337,11236,262,300796,0.41,10,Sunday,15.0,93,Positive,Macro,True,False,Morning,0
Instagram,Carousel,Health,5856,263,212,9974,623,124552,5.08,23,Sunday,15.0,1726,Positive,Macro,True,False,Night,1
Facebook,Live,Education,527,395,898,1504,340,129385,1.41,23,Sunday,18.0,535,Negative,Macro,True,True,Night,0
LinkedIn,Document,Gaming,933,78,381,11982,150,465963,0.3,1,Monday,2.0,1981,Neutral,Macro,True,False,Night,0
Twitter,Retweet,Lifestyle,4715,275,305,92246,84,35705,14.83,8,Monday,21.0,1041,Positive,Micro,True,False,Morning,1
Instagram,Photo,Fashion,9636,261,186,30993,963,275617,3.66,8,Monday,25.0,716,Negative,Macro,False,False,Morning,1
Facebook,Post,Fashion,4383,236,340,27832,31,430797,1.15,8,Monday,29.0,1976,Positive,Macro,False,False,Morning,0
TikTok,Duet,Food,38837,1982,4006,261196,2122,388838,11.53,10,Monday,28.0,410,Positive,Macro,True,False,Morning,1
TikTok,Duet,Sports,36289,129,1118,199549,2771,284088,13.21,20,Monday,24.0,553,Neutral,Macro,True,False,Evening,1
Twitter,Tweet,Travel,1624,137,100,82014,378,370952,0.5,23,Monday,9.0,1003,Positive,Macro,True,False,Night,0
Facebook,Post,Business,673,141,369,70889,382,285583,0.41,1,Tuesday,18.0,1730,Neutral,Macro,True,False,Night,0
Instagram,Reel,Business,3143,260,192,26549,985,293476,1.22,1,Tuesday,29.0,102,Neutral,Macro,True,True,Night,0
YouTube,Video,Health,10320,263,1708,758079,4423,128513,9.56,3,Tuesday,10.0,49,Positive,Macro,True,False,Night,1
YouTube,Video,Lifestyle,9701,862,302,697974,3004,189557,5.73,4,Tuesday,22.0,69,Positive,Macro,True,False,Night,1
LinkedIn,Article,Fashion,1301,140,290,18119,181,302292,0.57,13,Tuesday,23.0,1323,Positive,Macro,True,True,Afternoon,0
Instagram,Reel,Health,8468,367,57,42051,33,12892,68.97,13,Wednesday,28.0,81,Neutral,Micro,True,False,Afternoon,1
YouTube,Community Post,Travel,2703,435,1148,39575,3212,340029,1.26,14,Wednesday,20.0,1656,Positive,Macro,True,False,Afternoon,0
TikTok,Stitch,Travel,35677,883,4696,484177,2467,145280,28.4,14,Wednesday,2.0,72,Neutral,Macro,True,True,Afternoon,1
Instagram,Photo,Food,550,130,53,8583,112,102826,0.71,20,Wednesday,1.0,545,Neutral,Macro,True,True,Evening,0
Twitter,Retweet,Gaming,665,291,724,84442,105,375662,0.45,22,Wednesday,19.0,1546,Positive,Macro,True,True,Night,0
Twitter,Thread,Health,4604,88,1792,43950,226,84008,7.72,8,Thursday,28.0,571,Neutral,Mid-tier,True,False,Morning,1
TikTok,Stitch,Technology,20677,1922,683,183373,2882,144844,16.07,13,Thursday,7.0,261,Positive,Macro,True,True,Afternoon,1
Facebook,Video,Education,4511,300,934,74109,260,314847,1.82,15,Thursday,3.0,316,Neutral,Macro,True,False,Afternoon,0
TikTok,Video,Gaming,19046,814,961,116119,2495,142279,14.63,15,Thursday,24.0,64,Neutral,Macro,False,False,Afternoon,1
Facebook,Video,Business,6731,226,332,46443,81,86009,8.47,17,Thursday,0.0,186,Positive,Mid-tier,True,False,Evening,1
Facebook,Live,Entertainment,4505,145,744,62778,82,110502,4.88,17,Thursday,16.0,341,Neutral,Macro,True,False,Evening,1
Twitter,Tweet,Gaming,581,111,1484,76863,24,180359,1.21,22,Thursday,26.0,1563,Positive,Macro,True,False,Night,0
Instagram,Reel,Entertainment,1039,68,98,11155,914,338899,0.36,5,Friday,1.0,392,Negative,Macro,False,False,Morning,0
Twitter,Thread,Travel,4581,98,1126,17673,360,452805,1.28,13,Friday,21.0,237,Positive,Macro,True,False,Afternoon,0
Facebook,Story,Fitness,7968,386,379,72685,496,400484,2.18,15,Friday,18.0,1447,Neutral,Macro,True,False,Afternoon,0
Twitter,Tweet,Health,649,96,1475,45874,266,383834,0.58,19,Friday,2.0,1645,Neutral,Macro,True,False,Evening,0
Instagram,Reel,Education,865,432,174,15566,473,305165,0.48,2,Saturday,10.0,81,Positive,Macro,True,False,Night,0
TikTok,Video,Sports,46364,167,3713,349162,2338,69416,72.38,5,Saturday,13.0,353,Negative,Mid-tier,True,False,Morning,1
Instagram,Story,Fitness,1255,9,146,26447,488,128474,1.1,9,Saturday,3.0,1134,Neutral,Macro,True,False,Morning,0
YouTube,Live,Fashion,1968,246,496,146354,259,210913,1.28,5,Sunday,0.0,402,Neutral,Macro,True,False,Morning,0
LinkedIn,Article,Food,284,53,180,10648,244,105113,0.49,6,Sunday,3.0,1309,Positive,Macro,True,False,Morning,0
LinkedIn,Poll,Food,1336,34,3,17245,199,412473,0.33,7,Sunday,22.0,1325,Neutral,Macro,True,False,Morning,0
TikTok,Duet,Fitness,11321,1877,2355,106978,530,7226,215.24,15,Sunday,6.0,72,Neutral,Nano,True,True,Afternoon,1
LinkedIn,Post,Lifestyle,1275,14,253,15189,288,273313,0.56,16,Sunday,4.0,603,Neutral,Macro,True,False,Afternoon,0
LinkedIn,Article,Education,1482,143,85,2761,38,368741,0.46,18,Sunday,10.0,683,Neutral,Macro,False,False,Evening,0
Facebook,Video,Technology,1220,59,654,27750,536,69809,2.77,19,Sunday,9.0,48,Positive,Mid-tier,True,False,Evening,1
YouTube,Community Post,Gaming,15863,406,1495,546042,4321,437468,4.06,19,Sunday,12.0,157,Positive,Macro,False,True,Evening,1
Twitter,Retweet,Fashion,3540,213,1104,54648,147,188229,2.58,21,Sunday,9.0,1535,Negative,Macro,True,False,Night,1
TikTok,Video,Food,37378,403,3706,296544,407,276485,15.01,8,Monday,13.0,336,Positive,Macro,True,False,Morning,1
Facebook,Story,Entertainment,828,261,802,22452,397,489584,0.39,16,Monday,16.0,1160,Neutral,Macro,True,False,Afternoon,0
Twitter,Tweet,Travel,4344,218,1292,9752,356,168952,3.46,23,Monday,11.0,300,Positive,Macro,True,True,Night,1
Twitter,Poll,Health,21,147,534,28955,457,150319,0.47,5,Tuesday,8.0,69,Negative,Macro,False,False,Morning,0
Twitter,Retweet,Health,1867,96,177,38336,447,212941,1.0,8,Tuesday,5.0,733,Neutral,Macro,True,True,Morning,0
Facebook,Story,Business,3564,222,463,69574,329,496283,0.86,12,Tuesday,18.0,1120,Negative,Macro,False,True,Afternoon,0
Instagram,Reel,Lifestyle,9405,371,129,40786,156,365841,2.71,14,Tuesday,0.0,288,Positive,Macro,True,False,Afternoon,1
Twitter,Poll,Fitness,3901,152,1866,2999,6,172954,3.42,14,Tuesday,28.0,1985,Positive,Macro,True,False,Afternoon,1
Instagram,Carousel,Education,664,11,165,36758,481,382081,0.22,15,Tuesday,26.0,1795,Positive,Macro,True,True,Afternoon,0
Instagram,Story,Food,1415,181,131,5252,92,301108,0.57,1,Wednesday,9.0,972,Positive,Macro,True,False,Night,0
Instagram,Story,Gaming,8850,313,213,2864,194,419190,2.24,2,Wednesday,11.0,904,Neutral,Macro,True,False,Night,0
Twitter,Thread,Fitness,3350,206,1454,12218,428,196815,2.55,4,Wednesday,17.0,355,Neutral,Macro,True,False,Night,1
Instagram,Story,Fitness,348,343,105,16661,971,325194,0.24,8,Wednesday,29.0,853,Positive,Macro,True,False,Morning,0
TikTok,Duet,Fitness,46013,1368,2181,102052,968,106784,46.41,14,Wednesday,18.0,93,Positive,Macro,True,False,Afternoon,1
Twitter,Thread,Entertainment,2858,4,1157,37994,232,330599,1.22,16,Wednesday,21.0,1598,Neutral,Macro,True,False,Afternoon,0
LinkedIn,Poll,Travel,1524,122,118,7763,238,317272,0.56,0,Thursday,8.0,54,Positive,Macro,False,False,Night,0
TikTok,Stitch,Technology,44520,856,1943,438714,2661,156542,30.23,1,Thursday,10.0,364,Neutral,Macro,True,False,Night,1
TikTok,Stitch,Education,43127,1302,352,141746,956,103234,43.38,3,Thursday,10.0,87,Positive,Macro,True,True,Night,1
LinkedIn,Poll,Fitness,730,125,114,11508,222,328528,0.29,7,Thursday,7.0,1770,Neutral,Macro,False,True,Morning,0
Facebook,Live,Travel,852,130,536,66502,243,16549,9.17,8,Thursday,22.0,77,Positive,Micro,True,True,Morning,1
LinkedIn,Document,Food,113,77,205,3067,286,138092,0.29,10,Thursday,11.0,1700,Neutral,Macro,False,False,Morning,0
TikTok,Duet,Fashion,1119,987,3548,287414,2185,209069,2.7,15,Thursday,6.0,434,Neutral,Macro,True,False,Afternoon,1
Instagram,Story,Education,2896,159,187,26508,78,229098,1.42,17,Thursday,22.0,1082,Negative,Macro,False,False,Evening,0
LinkedIn,Document,Lifestyle,1151,91,341,14612,285,43349,3.65,3,Friday,29.0,764,Positive,Micro,False,False,Night,1
LinkedIn,Post,Fitness,744,70,228,11507,184,115798,0.9,4,Friday,19.0,220,Negative,Macro,False,False,Night,0
YouTube,Community Post,Gaming,9820,682,1587,385891,2523,429532,2.81,11,Friday,1.0,1916,Positive,Macro,True,False,Morning,1
TikTok,Video,Fitness,35901,745,2956,207267,1031,451011,8.78,20,Friday,10.0,450,Positive,Macro,False,False,Evening,1
Facebook,Post,Technology,5680,222,946,18813,770,181126,3.78,22,Friday,14.0,207,Positive,Macro,True,False,Night,1
Instagram,Reel,Health,6102,308,69,18526,343,95345,6.8,22,Friday,20.0,392,Neutral,Mid-tier,True,False,Night,1
Facebook,Story,Fashion,4504,250,899,17262,392,348032,1.62,23,Friday,27.0,1079,Positive,Macro,False,True,Night,0
Facebook,Post,Travel,5109,241,585,47909,227,398357,1.49,2,Saturday,15.0,108,Neutral,Macro,False,True,Night,0
Instagram,Carousel,Gaming,750,61,110,18424,994,429584,0.21,5,Saturday,0.0,1703,Positive,Macro,False,True,Morning,0
Instagram,Story,Fitness,6862,44,174,17770,403,117461,6.03,6,Saturday,17.0,1676,Negative,Macro,False,True,Morning,1
TikTok,Stitch,Education,18101,588,3736,387907,1126,144798,15.49,12,Saturday,26.0,431,Neutral,Macro,True,False,Afternoon,1
YouTube,Live,Technology,15584,750,958,61155,2362,133965,12.91,13,Saturday,14.0,244,Positive,Macro,True,False,Afternoon,1
TikTok,Duet,Sports,12371,1106,4327,299319,773,194354,9.16,14,Saturday,18.0,270,Positive,Macro,True,True,Afternoon,1
Twitter,Retweet,Health,4181,288,1204,98510,47,80619,7.04,14,Saturday,16.0,1795,Neutral,Mid-tier,True,True,Afternoon,1
Facebook,Story,Sports,5698,157,490,50955,19,312340,2.03,15,Saturday,1.0,1894,Positive,Macro,True,True,Afternoon,0
Instagram,Carousel,Fashion,5175,345,37,15162,365,381100,1.46,17,Saturday,20.0,1894,Positive,Macro,False,True,Evening,0
LinkedIn,Article,Entertainment,1246,60,190,18174,130,221673,0.67,2,Sunday,24.0,365,Negative,Macro,False,True,Night,0
Instagram,Photo,Travel,5964,6,23,23239,245,39880,15.03,3,Sunday,8.0,973,Neutral,Micro,True,False,Night,1
Instagram,Story,Fashion,3100,452,32,23976,359,382730,0.94,9,Sunday,19.0,125,Neutral,Macro,True,False,Morning,0
LinkedIn,Post,Education,1886,111,181,8202,41,2575,84.58,13,Sunday,11.0,1586,Neutral,Nano,True,False,Afternoon,1
Instagram,Reel,Technology,1323,486,76,25276,463,312306,0.6,16,Sunday,4.0,477,Positive,Macro,True,False,Afternoon,0
Twitter,Retweet,Business,602,159,23,13342,448,44279,1.77,17,Sunday,25.0,1549,Neutral,Micro,False,False,Evening,0
Instagram,Reel,Entertainment,1831,271,140,18760,253,454217,0.49,20,Sunday,13.0,78,Positive,Macro,True,True,Evening,0
YouTube,Community Post,Lifestyle,2126,347,1578,970846,4807,111487,3.63,2,Monday,25.0,1299,Positive,Macro,True,True,Night,1
Facebook,Story,Lifestyle,7377,60,484,17092,598,242914,3.26,4,Monday,19.0,1755,Neutral,Macro,True,True,Night,1
TikTok,Video,Technology,28725,169,3645,128950,1519,408648,7.96,5,Monday,9.0,355,Negative,Macro,True,False,Morning,1
LinkedIn,Poll,Business,1991,72,487,11149,31,366772,0.7,7,Monday,6.0,276,Positive,Macro,True,True,Morning,0
Facebook,Live,Lifestyle,7352,80,82,55616,795,173151,4.34,9,Monday,4.0,335,Neutral,Macro,True,False,Morning,1
Instagram,Photo,Business,123,443,124,7449,152,42967,1.61,15,Monday,1.0,1620,Neutral,Micro,True,False,Afternoon,0
YouTube,Short,Health,16495,391,1179,216192,4734,442916,4.08,18,Monday,27.0,126,Neutral,Macro,True,False,Evening,1
YouTube,Live,Sports,128,562,1788,434951,2182,28212,8.78,21,Monday,18.0,518,Positive,Micro,True,True,Night,1
Twitter,Tweet,Gaming,1786,122,1162,43801,212,331770,0.93,23,Monday,0.0,1863,Neutral,Macro,True,True,Night,0
Instagram,Story,Entertainment,7648,260,249,5128,50,483045,1.69,3,Tuesday,24.0,841,Positive,Macro,True,False,Night,0
YouTube,Community Post,Lifestyle,8375,389,65,350152,3205,228227,3.87,3,Tuesday,20.0,646,Positive,Macro,True,True,Night,1
Facebook,Live,Education,415,11,257,78500,105,392414,0.17,12,Tuesday,7.0,599,Positive,Macro,True,False,Afternoon,0
LinkedIn,Article,Health,769,137,322,23766,48,20046,6.13,8,Wednesday,27.0,706,Neutral,Micro,True,False,Morning,1
Facebook,Video,Gaming,7127,197,763,65820,375,267294,3.03,8,Wednesday,25.0,188,Neutral,Macro,True,False,Morning,1
Instagram,Reel,Lifestyle,2360,162,119,24501,777,249116,1.06,10,Wednesday,4.0,522,Negative,Macro,False,False,Morning,0
Instagram,Story,Fitness,6316,231,84,5360,667,219752,3.02,11,Wednesday,5.0,56,Positive,Macro,True,False,Morning,1
Facebook,Live,Business,3942,359,524,44884,405,137445,3.51,12,Wednesday,19.0,409,Positive,Macro,False,True,Afternoon,1
Twitter,Retweet,Fashion,1282,101,1025,76439,354,412440,0.58,14,Wednesday,14.0,431,Positive,Macro,True,False,Afternoon,0
TikTok,Stitch,Education,34091,1917,1382,343623,1764,164900,22.67,17,Wednesday,12.0,112,Neutral,Macro,True,False,Evening,1
TikTok,Duet,Food,44613,1283,579,340988,923,457797,10.15,21,Wednesday,1.0,194,Positive,Macro,True,False,Night,1
Instagram,Carousel,Entertainment,8101,466,83,7613,256,29187,29.64,1,Thursday,16.0,1389,Positive,Micro,True,False,Night,1
Twitter,Retweet,Entertainment,3409,284,1785,28180,109,168244,3.26,7,Thursday,15.0,112,Neutral,Macro,False,False,Morning,1
Instagram,Story,Gaming,9211,278,12,47221,447,174074,5.46,8,Thursday,2.0,1830,Positive,Macro,True,True,Morning,1
Instagram,Reel,Business,1992,425,298,18215,732,139793,1.94,11,Thursday,6.0,218,Positive,Macro,True,True,Morning,0
Facebook,Story,Health,2411,77,797,12475,526,469956,0.7,15,Thursday,23.0,1498,Negative,Macro,True,False,Afternoon,0
TikTok,Duet,Travel,31379,1360,1807,80974,1989,425030,8.13,17,Thursday,24.0,259,Positive,Macro,True,False,Evening,1
Instagram,Story,Technology,4130,403,33,11271,62,340109,1.34,0,Friday,7.0,467,Positive,Macro,True,False,Night,0
YouTube,Live,Health,11361,666,493,512133,170,24253,51.62,0,Friday,16.0,455,Neutral,Micro,False,True,Night,1
TikTok,Duet,Health,5163,1595,2010,355579,1308,422837,2.07,5,Friday,25.0,45,Negative,Macro,True,True,Morning,0
TikTok,Video,Business,597,1779,4663,206664,181,156438,4.5,13,Friday,21.0,546,Neutral,Macro,True,False,Afternoon,1
Twitter,Tweet,Sports,2873,236,612,81263,496,120064,3.1,13,Friday,11.0,1091,Neutral,Macro,True,False,Afternoon,1
Facebook,Story,Lifestyle,6790,129,269,68071,771,258108,2.78,18,Friday,7.0,1217,Neutral,Macro,True,False,Evening,1
Instagram,Reel,Gaming,4140,471,229,12875,19,421747,1.15,19,Friday,22.0,592,Neutral,Macro,True,True,Evening,0
TikTok,Stitch,Fitness,12566,238,902,300305,2789,133001,10.31,20,Friday,7.0,102,Positive,Macro,True,False,Evening,1
Facebook,Live,Gaming,5674,331,224,57125,758,354408,1.76,23,Friday,15.0,66,Neutral,Macro,True,False,Night,0
TikTok,Duet,Fashion,45348,236,4566,84029,981,81798,61.31,1,Saturday,13.0,184,Neutral,Mid-tier,True,False,Night,1
Instagram,Reel,Food,7424,39,251,32826,422,371385,2.08,1,Saturday,16.0,466,Positive,Macro,True,True,Night,0
Twitter,Tweet,Business,3581,262,372,53956,315,257683,1.64,2,Saturday,29.0,398,Positive,Macro,True,False,Night,0
Facebook,Live,Fashion,4912,299,601,45897,639,10517,55.26,5,Saturday,25.0,313,Neutral,Micro,True,False,Morning,1
TikTok,Stitch,Sports,10007,472,32,456095,2367,164096,6.41,6,Saturday,16.0,412,Neutral,Macro,True,False,Morning,1
Twitter,Thread,Gaming,1711,246,1900,67640,251,352855,1.09,7,Saturday,14.0,229,Positive,Macro,True,True,Morning,0
Facebook,Video,Lifestyle,7981,146,255,21207,87,104534,8.02,18,Saturday,2.0,209,Positive,Macro,True,False,Evening,1
YouTube,Community Post,Food,19860,533,95,478060,4808,231144,8.86,19,Saturday,9.0,1342,Negative,Macro,False,False,Evening,1
YouTube,Short,Education,4797,301,1152,790266,4736,351334,1.78,19,Saturday,29.0,549,Positive,Macro,True,False,Evening,0
Twitter,Poll,Sports,3389,25,114,50203,431,461309,0.76,11,Sunday,29.0,1370,Positive,Macro,True,False,Morning,0
Twitter,Tweet,Sports,3914,264,88,15481,497,259987,1.64,13,Sunday,25.0,1825,Negative,Macro,False,False,Afternoon,0
Facebook,Post,Business,6197,223,964,15429,17,165915,4.45,13,Sunday,22.0,1000,Negative,Macro,True,True,Afternoon,1
Instagram,Reel,Business,933,13,192,9915,855,468634,0.24,13,Sunday,8.0,525,Negative,Macro,True,False,Afternoon,0
Facebook,Video,Gaming,7655,97,497,53021,157,467902,1.76,23,Sunday,29.0,340,Positive,Macro,True,True,Night,0
Facebook,Video,Fitness,6935,284,748,63309,515,138771,5.74,0,Monday,24.0,563,Negative,Macro,True,False,Night,1
TikTok,Duet,Entertainment,44692,807,2523,338393,1975,160572,29.91,0,Monday,26.0,199,Neutral,Macro,True,False,Night,1
Facebook,Post,Health,7278,270,132,20146,242,175208,4.38,6,Monday,25.0,928,Positive,Macro,True,False,Morning,1
TikTok,Duet,Fashion,9738,357,4809,149294,962,33088,45.04,10,Monday,1.0,387,Neutral,Micro,True,False,Morning,1
Facebook,Video,Food,3672,289,68,46623,567,468048,0.86,12,Monday,9.0,147,Neutral,Macro,True,True,Afternoon,0
Facebook,Post,Gaming,2407,146,440,21415,496,476294,0.63,13,Monday,6.0,1465,Positive,Macro,False,False,Afternoon,0
TikTok,Duet,Business,30896,1051,1577,88127,1730,310168,10.81,19,Monday,5.0,234,Positive,Macro,True,True,Evening,1
Instagram,Carousel,Fitness,9196,201,43,22231,203,71232,13.25,3,Tuesday,13.0,645,Neutral,Mid-tier,True,False,Night,1
Instagram,Reel,Entertainment,7200,358,88,14361,574,151431,5.05,5,Tuesday,6.0,556,Neutral,Macro,True,True,Morning,1
Facebook,Story,Gaming,2650,319,106,3473,181,129701,2.37,5,Tuesday,24.0,810,Positive,Macro,True,False,Morning,1
TikTok,Stitch,Travel,10065,1339,333,59784,1756,472133,2.49,8,Tuesday,21.0,470,Negative,Macro,True,False,Morning,1
Facebook,Post,Sports,5997,233,243,65271,260,133476,4.85,10,Tuesday,7.0,678,Neutral,Macro,True,False,Morning,1
TikTok,Stitch,Business,2986,1066,815,188552,2912,491285,0.99,13,Tuesday,18.0,128,Positive,Macro,True,False,Afternoon,0
LinkedIn,Post,Entertainment,1555,33,303,16430,266,332472,0.57,22,Tuesday,17.0,1296,Positive,Macro,False,True,Night,0
Instagram,Reel,Education,9565,183,98,1391,478,355940,2.77,22,Tuesday,5.0,274,Negative,Macro,False,False,Night,1
Instagram,Photo,Food,2848,440,10,34761,641,202601,1.63,2,Wednesday,3.0,1259,Positive,Macro,False,False,Night,0
LinkedIn,Poll,Education,1037,115,352,17234,141,381077,0.39,14,Wednesday,13.0,111,Positive,Macro,True,False,Afternoon,0
TikTok,Stitch,Lifestyle,27415,638,1309,184577,605,376726,7.79,15,Wednesday,3.0,390,Neutral,Macro,True,True,Afternoon,1
TikTok,Video,Technology,41653,1434,1946,464608,1942,71055,63.38,17,Wednesday,21.0,222,Positive,Mid-tier,True,False,Evening,1
TikTok,Duet,Entertainment,37213,774,3658,155170,140,217077,19.18,19,Wednesday,29.0,55,Negative,Macro,False,True,Evening,1
YouTube,Video,Education,3823,385,518,803251,1548,258326,1.83,1,Thursday,25.0,593,Positive,Macro,True,False,Night,0
Instagram,Reel,Gaming,4518,492,260,28117,540,402382,1.31,1,Thursday,0.0,287,Positive,Macro,True,False,Night,0
Instagram,Photo,Technology,6860,77,198,38630,607,242044,2.95,3,Thursday,21.0,462,Positive,Macro,True,True,Night,1
Instagram,Reel,Food,7043,466,159,41525,982,462416,1.66,4,Thursday,8.0,178,Positive,Macro,True,False,Night,0
Instagram,Carousel,Technology,7965,264,193,22205,783,270262,3.12,6,Thursday,21.0,1304,Neutral,Macro,True,False,Morning,1
TikTok,Video,Food,2264,467,2632,249525,2142,215111,2.49,7,Thursday,23.0,236,Positive,Macro,True,True,Morning,1
LinkedIn,Post,Education,1998,60,366,3811,100,3966,61.12,8,Thursday,11.0,855,Neutral,Nano,True,False,Morning,1
Facebook,Live,Food,1127,286,575,58292,513,157579,1.26,21,Thursday,20.0,372,Positive,Macro,True,True,Night,0
TikTok,Duet,Education,46736,997,4348,373793,956,465383,11.19,5,Friday,28.0,474,Positive,Macro,True,False,Morning,1
Facebook,Post,Sports,2500,28,943,5699,708,147224,2.36,20,Friday,6.0,1363,Neutral,Macro,True,False,Evening,1
Twitter,Tweet,Fashion,1648,14,1768,4372,441,420670,0.82,23,Friday,7.0,1785,Neutral,Macro,True,False,Night,0
TikTok,Duet,Health,41964,173,1156,334705,155,186372,23.23,1,Saturday,22.0,457,Positive,Macro,True,False,Night,1
Instagram,Carousel,Gaming,3404,202,33,5243,769,129216,2.82,3,Saturday,2.0,170,Negative,Macro,True,False,Night,1
Instagram,Story,Technology,1330,446,285,14647,370,139469,1.48,5,Saturday,8.0,1628,Neutral,Macro,True,False,Morning,0
Twitter,Poll,Travel,2011,121,596,88081,25,190786,1.43,16,Saturday,26.0,859,Positive,Macro,True,False,Afternoon,0
LinkedIn,Article,Lifestyle,623,91,366,11267,114,61351,1.76,21,Saturday,17.0,1231,Positive,Mid-tier,True,True,Night,0
LinkedIn,Poll,Health,224,71,205,4236,71,449926,0.11,21,Saturday,12.0,1694,Positive,Macro,True,False,Night,0
Facebook,Story,Education,2945,245,256,22836,314,38159,9.03,21,Saturday,2.0,1273,Negative,Micro,True,False,Night,1
YouTube,Video,Travel,18852,282,525,151407,289,352105,5.58,22,Saturday,25.0,300,Positive,Macro,True,False,Night,1
Instagram,Story,Education,1716,226,154,12642,993,46376,4.52,23,Saturday,26.0,408,Negative,Micro,True,False,Night,1
Twitter,Thread,Technology,727,159,1785,47579,370,448960,0.59,1,Sunday,3.0,1264,Positive,Macro,True,True,Night,0
Facebook,Post,Fitness,2075,16,103,25632,41,25935,8.46,5,Sunday,6.0,893,Neutral,Micro,False,False,Morning,1
LinkedIn,Document,Business,173,94,250,28215,25,456712,0.11,11,Sunday,22.0,310,Negative,Macro,True,False,Morning,0
TikTok,Duet,Technology,41086,236,3887,271116,1641,225377,20.06,16,Sunday,27.0,309,Positive,Macro,True,True,Afternoon,1
TikTok,Duet,Entertainment,16594,593,3245,407894,818,333815,6.12,18,Sunday,25.0,394,Neutral,Macro,True,False,Evening,1
TikTok,Duet,Entertainment,24664,652,3977,378698,543,412256,7.11,20,Sunday,6.0,322,Neutral,Macro,True,False,Evening,1
Instagram,Carousel,Sports,9321,19,186,41261,428,62227,15.31,22,Sunday,16.0,618,Neutral,Mid-tier,True,False,Night,1
Facebook,Story,Fashion,3702,79,652,26293,117,246782,1.8,1,Monday,20.0,369,Negative,Macro,True,False,Night,0
TikTok,Video,Travel,45677,1232,4349,105146,2341,3840,1334.84,1,Monday,3.0,96,Positive,Nano,False,True,Night,1
TikTok,Stitch,Health,6383,672,4136,204933,2161,48001,23.31,1,Monday,29.0,578,Positive,Micro,True,False,Night,1
TikTok,Video,Health,39319,146,1138,39281,1976,103190,39.35,1,Monday,7.0,276,Neutral,Macro,True,False,Night,1
LinkedIn,Poll,Business,1983,111,178,22366,26,113226,2.01,1,Monday,6.0,256,Positive,Macro,True,False,Night,0
Facebook,Post,Sports,4056,251,592,69488,368,188430,2.6,4,Monday,27.0,1345,Negative,Macro,True,False,Night,1
TikTok,Duet,Education,19504,1054,3312,355940,2851,280118,8.52,10,Monday,22.0,518,Neutral,Macro,True,False,Morning,1
Instagram,Story,Fashion,7421,406,247,13398,280,48808,16.54,20,Monday,20.0,1382,Neutral,Micro,True,False,Evening,1
LinkedIn,Post,Sports,1566,49,191,8896,48,348953,0.52,23,Monday,14.0,542,Positive,Macro,True,False,Night,0
Twitter,Retweet,Technology,4374,141,1093,88834,367,413429,1.36,0,Tuesday,28.0,1664,Neutral,Macro,True,False,Night,0
Facebook,Video,Technology,5082,17,110,45929,292,88606,5.88,3,Tuesday,10.0,353,Negative,Mid-tier,True,True,Night,1
TikTok,Duet,Food,31462,1670,344,385322,2148,362407,9.24,4,Tuesday,14.0,190,Positive,Macro,True,False,Night,1
Facebook,Live,Business,3353,182,104,31411,592,494953,0.74,5,Tuesday,23.0,466,Positive,Macro,True,False,Morning,0
TikTok,Duet,Technology,36025,1996,1454,415556,762,341413,11.56,8,Tuesday,0.0,524,Negative,Macro,True,False,Morning,1
Twitter,Tweet,Health,2042,68,225,10695,459,381792,0.61,9,Tuesday,27.0,802,Positive,Macro,True,False,Morning,0
TikTok,Stitch,Travel,30141,485,3390,328870,1958,223049,15.25,13,Tuesday,29.0,574,Negative,Macro,False,False,Afternoon,1
Twitter,Retweet,Travel,965,260,404,99573,324,435805,0.37,15,Tuesday,25.0,281,Neutral,Macro,True,False,Afternoon,0
LinkedIn,Article,Gaming,263,74,336,10115,170,480695,0.14,19,Tuesday,6.0,1352,Positive,Macro,True,False,Evening,0
Instagram,Story,Gaming,6456,55,66,34629,310,271686,2.42,19,Tuesday,18.0,495,Positive,Macro,True,True,Evening,1
YouTube,Video,Education,17957,119,1840,564200,572,374403,5.32,21,Tuesday,27.0,523,Positive,Macro,True,False,Night,1
Twitter,Retweet,Business,3314,197,604,10514,21,218858,1.88,2,Wednesday,3.0,1131,Positive,Macro,True,False,Night,0
Instagram,Carousel,Lifestyle,5683,176,285,46030,63,290035,2.12,7,Wednesday,24.0,232,Positive,Macro,True,False,Morning,0
Facebook,Video,Food,7152,45,233,23254,451,396427,1.87,7,Wednesday,3.0,25,Positive,Macro,False,True,Morning,0
Instagram,Reel,Food,5428,277,190,805,387,463325,1.27,17,Wednesday,12.0,326,Positive,Macro,True,False,Evening,0
Instagram,Photo,Technology,2712,402,147,16628,318,282392,1.15,21,Wednesday,17.0,302,Negative,Macro,True,False,Night,0
TikTok,Duet,Education,39402,618,469,475383,1334,19818,204.3,5,Thursday,26.0,571,Negative,Micro,True,True,Morning,1
Twitter,Tweet,Gaming,4931,232,731,10017,105,310435,1.9,12,Thursday,20.0,468,Neutral,Macro,True,False,Afternoon,0
Facebook,Video,Food,7701,36,830,9102,756,350726,2.44,18,Thursday,21.0,423,Positive,Macro,True,False,Evening,1
TikTok,Stitch,Fitness,49362,99,782,444575,1406,50269,99.95,18,Thursday,8.0,311,Neutral,Mid-tier,False,False,Evening,1
TikTok,Video,Entertainment,38299,1477,4398,290697,2171,331604,13.32,23,Thursday,27.0,513,Positive,Macro,True,False,Night,1
Twitter,Thread,Business,2858,192,246,49917,449,9529,34.59,23,Thursday,10.0,1320,Positive,Nano,False,False,Night,1
Instagram,Reel,Food,5723,356,111,34063,135,659,939.3,0,Friday,3.0,300,Neutral,Nano,True,True,Night,1
Twitter,Poll,Food,2738,15,638,9463,29,54639,6.21,6,Friday,24.0,1174,Neutral,Mid-tier,True,False,Morning,1
Instagram,Photo,Gaming,9974,382,253,10315,834,52633,20.16,12,Friday,29.0,1859,Positive,Mid-tier,True,False,Afternoon,1
Instagram,Reel,Fitness,3189,210,7,49452,40,105483,3.23,13,Friday,25.0,554,Positive,Macro,True,False,Afternoon,1
Instagram,Photo,Travel,9227,466,115,31345,611,6194,158.35,15,Friday,28.0,681,Positive,Nano,True,True,Afternoon,1
Facebook,Story,Technology,7289,84,741,54126,669,179659,4.52,17,Friday,25.0,447,Neutral,Macro,True,True,Evening,1
Twitter,Retweet,Business,34,49,1679,38867,38,92792,1.9,19,Friday,12.0,1603,Neutral,Mid-tier,True,False,Evening,0
Instagram,Photo,Health,8310,98,187,11643,691,207165,4.15,20,Friday,18.0,1681,Neutral,Macro,False,True,Evening,1
Twitter,Thread,Technology,649,11,541,70616,177,72750,1.65,20,Friday,29.0,307,Positive,Mid-tier,True,False,Evening,0
Facebook,Live,Sports,4042,207,503,13682,569,258201,1.84,4,Saturday,27.0,336,Positive,Macro,True,True,Night,0
Instagram,Carousel,Lifestyle,7893,31,184,46265,858,303859,2.67,4,Saturday,19.0,628,Neutral,Macro,True,False,Night,1
TikTok,Stitch,Sports,24710,166,3364,122702,445,71234,39.64,4,Saturday,7.0,516,Neutral,Mid-tier,True,False,Night,1
Facebook,Live,Gaming,7745,256,512,4545,28,274316,3.1,9,Saturday,20.0,94,Neutral,Macro,True,False,Morning,1
Facebook,Story,Fitness,7361,351,984,25219,650,193991,4.48,11,Saturday,29.0,504,Positive,Macro,True,True,Morning,1
Facebook,Post,Technology,5312,63,9,60651,224,422293,1.27,15,Saturday,7.0,1408,Negative,Macro,True,False,Afternoon,0
Instagram,Reel,Gaming,2061,420,191,11980,937,188420,1.42,17,Saturday,15.0,497,Positive,Macro,True,True,Evening,0
Instagram,Reel,Technology,2239,210,200,47498,180,201686,1.31,17,Saturday,9.0,160,Positive,Macro,True,True,Evening,0
Instagram,Carousel,Sports,3653,24,121,2644,129,302246,1.26,19,Saturday,3.0,1511,Positive,Macro,True,False,Evening,0
Twitter,Retweet,Fitness,3101,213,753,83447,493,58823,6.91,21,Saturday,18.0,1310,Positive,Mid-tier,True,False,Night,1
TikTok,Video,Gaming,15269,1402,50,389828,753,269136,6.21,22,Saturday,11.0,274,Neutral,Macro,True,False,Night,1
Twitter,Retweet,Technology,1810,51,872,98225,214,335387,0.81,0,Sunday,6.0,170,Neutral,Macro,True,True,Night,0
Instagram,Carousel,Health,942,54,108,19964,754,68745,1.61,8,Sunday,3.0,1359,Neutral,Mid-tier,True,False,Morning,0
LinkedIn,Post,Business,1064,99,206,14289,295,372723,0.37,12,Sunday,24.0,703,Positive,Macro,True,False,Afternoon,0
Facebook,Video,Sports,6874,304,50,40752,585,156777,4.61,13,Sunday,10.0,337,Neutral,Macro,True,False,Afternoon,1
Instagram,Carousel,Gaming,4378,52,209,39126,510,369635,1.26,20,Sunday,4.0,1031,Positive,Macro,True,False,Evening,0
Instagram,Reel,Technology,3752,21,192,10439,87,282273,1.4,21,Sunday,8.0,258,Positive,Macro,True,True,Night,0
Twitter,Video,Sports,4644,141,1794,95870,350,25928,25.37,21,Sunday,4.0,300,Neutral,Micro,True,False,Night,1
TikTok,Duet,Gaming,11479,254,4775,53731,134,223778,7.38,1,Monday,16.0,308,Neutral,Macro,True,True,Night,1
Facebook,Video,Lifestyle,4424,203,139,18328,76,113645,4.19,7,Monday,21.0,516,Positive,Macro,True,False,Morning,1
Twitter,Tweet,Education,3274,45,905,52188,267,116235,3.63,8,Monday,16.0,1887,Neutral,Macro,True,True,Morning,1
Facebook,Live,Gaming,2373,109,864,46809,537,267485,1.25,9,Monday,27.0,73,Neutral,Macro,True,True,Morning,0
Facebook,Story,Technology,3698,308,912,57582,790,289618,1.7,19,Monday,23.0,1094,Positive,Macro,True,False,Evening,0
Instagram,Photo,Fashion,4447,289,228,30407,365,357009,1.39,0,Tuesday,4.0,1471,Positive,Macro,True,False,Night,0
Facebook,Video,Food,7031,149,277,35093,42,41332,18.04,0,Tuesday,5.0,306,Neutral,Micro,True,False,Night,1
YouTube,Short,Gaming,12951,653,1437,174548,3313,6488,231.83,1,Tuesday,25.0,589,Negative,Nano,True,False,Night,1
TikTok,Video,Food,25223,169,3004,462102,2640,91918,30.89,2,Tuesday,25.0,414,Negative,Mid-tier,True,False,Night,1
Facebook,Post,Health,3011,123,746,42617,10,407607,0.95,3,Tuesday,18.0,918,Neutral,Macro,True,True,Night,0
YouTube,Community Post,Education,14121,530,1706,527406,683,48528,33.71,7,Tuesday,1.0,260,Negative,Micro,False,False,Morning,1
YouTube,Live,Food,17472,230,993,102216,4860,69014,27.09,7,Tuesday,29.0,40,Positive,Mid-tier,True,False,Morning,1
YouTube,Live,Travel,17146,709,857,633465,1353,453595,4.13,10,Tuesday,4.0,333,Positive,Macro,True,False,Morning,1
Twitter,Tweet,Travel,3444,69,1201,17363,335,92257,5.11,12,Tuesday,25.0,1986,Positive,Mid-tier,True,False,Afternoon,1
LinkedIn,Poll,Travel,419,100,169,7860,191,22632,3.04,18,Tuesday,11.0,1644,Positive,Micro,True,True,Evening,1
Instagram,Carousel,Health,3391,355,221,24559,237,52104,7.61,21,Tuesday,20.0,1057,Neutral,Mid-tier,True,True,Night,1
Instagram,Reel,Sports,4717,423,243,26640,596,68463,7.86,0,Wednesday,10.0,394,Neutral,Mid-tier,True,False,Night,1
Instagram,Story,Technology,912,456,133,25432,657,268448,0.56,0,Wednesday,27.0,1073,Negative,Macro,False,False,Night,0
Twitter,Thread,Entertainment,3470,101,1352,30000,140,372509,1.32,3,Wednesday,23.0,1701,Positive,Macro,False,True,Night,0
TikTok,Video,Fashion,49362,1521,1046,311658,393,206686,25.12,4,Wednesday,13.0,286,Positive,Macro,True,False,Night,1
Facebook,Post,Entertainment,2327,91,129,68496,144,355886,0.72,6,Wednesday,16.0,723,Positive,Macro,True,False,Morning,0
Facebook,Live,Health,139,151,410,65985,706,438498,0.16,12,Wednesday,23.0,506,Positive,Macro,True,False,Afternoon,0
Twitter,Tweet,Fitness,3534,121,1253,89633,259,188820,2.6,18,Wednesday,10.0,1894,Neutral,Macro,True,False,Evening,1
Facebook,Live,Sports,7579,273,938,24758,699,60806,14.46,20,Wednesday,16.0,212,Positive,Mid-tier,False,True,Evening,1
YouTube,Video,Business,2032,395,490,601884,4229,466869,0.62,23,Wednesday,29.0,124,Negative,Macro,True,True,Night,0
Twitter,Poll,Business,631,117,1886,87089,284,421055,0.63,23,Wednesday,0.0,1571,Neutral,Macro,False,False,Night,0
LinkedIn,Poll,Health,1031,43,51,1014,236,394423,0.29,4,Thursday,22.0,1472,Negative,Macro,True,False,Night,0
Facebook,Story,Technology,3833,393,106,19912,505,48568,8.92,11,Thursday,7.0,919,Negative,Micro,True,False,Morning,1
Twitter,Retweet,Fashion,1544,173,630,86000,303,272682,0.86,13,Thursday,19.0,1280,Positive,Macro,True,False,Afternoon,0
LinkedIn,Post,Fitness,235,78,230,23350,112,455161,0.12,13,Thursday,17.0,301,Neutral,Macro,True,True,Afternoon,0
LinkedIn,Article,Fitness,521,80,110,6334,189,428562,0.17,15,Thursday,27.0,1056,Positive,Macro,True,False,Afternoon,0
Instagram,Photo,Sports,9396,361,174,37193,894,101995,9.74,16,Thursday,25.0,873,Positive,Macro,True,False,Afternoon,1
Facebook,Story,Lifestyle,1918,3,186,7629,688,221390,0.95,21,Thursday,24.0,519,Positive,Macro,True,False,Night,0
YouTube,Community Post,Travel,14270,167,1316,190287,854,228251,6.9,23,Thursday,6.0,1629,Neutral,Macro,True,False,Night,1
Instagram,Carousel,Education,1561,215,233,32089,704,144597,1.39,0,Friday,16.0,108,Positive,Macro,False,False,Night,0
YouTube,Short,Fashion,6067,609,1997,524764,4677,428791,2.02,2,Friday,14.0,111,Positive,Macro,False,False,Night,0
Instagram,Story,Food,2457,68,254,44281,965,276993,1.0,3,Friday,27.0,283,Neutral,Macro,True,False,Night,0
Instagram,Carousel,Gaming,1654,112,36,12634,53,418192,0.43,3,Friday,21.0,1975,Neutral,Macro,True,True,Night,0
Twitter,Poll,Food,1531,20,863,26992,329,360443,0.67,5,Friday,1.0,555,Neutral,Macro,False,False,Morning,0
Instagram,Carousel,Lifestyle,9805,81,201,14206,440,334996,3.01,11,Friday,14.0,373,Negative,Macro,False,False,Morning,1
Facebook,Post,Entertainment,4977,326,180,64003,374,125909,4.35,17,Friday,20.0,1898,Positive,Macro,False,False,Evening,1
Facebook,Video,Lifestyle,1997,329,216,78932,115,382923,0.66,18,Friday,19.0,155,Positive,Macro,True,False,Evening,0
TikTok,Stitch,Education,31930,1736,3092,254212,699,128879,28.52,7,Saturday,0.0,242,Positive,Macro,True,False,Morning,1
Instagram,Story,Gaming,9955,265,236,47744,492,189051,5.53,9,Saturday,21.0,1361,Neutral,Macro,True,False,Morning,1
Instagram,Carousel,Entertainment,4028,354,38,32902,956,274399,1.61,11,Saturday,10.0,1116,Positive,Macro,True,False,Morning,0
Instagram,Photo,Fitness,4140,19,161,31424,990,413077,1.05,11,Saturday,8.0,1109,Positive,Macro,True,False,Morning,0
Facebook,Post,Education,1206,269,673,4247,450,8339,25.76,14,Saturday,23.0,840,Positive,Nano,True,False,Afternoon,1
LinkedIn,Document,Business,1101,84,468,1230,61,196737,0.84,19,Saturday,5.0,221,Neutral,Macro,True,True,Evening,0
Instagram,Photo,Technology,5649,369,271,4758,964,251258,2.5,20,Saturday,17.0,1037,Neutral,Macro,True,False,Evening,1
Facebook,Story,Business,6005,388,803,71307,744,432041,1.67,23,Saturday,29.0,1550,Positive,Macro,False,True,Night,0
TikTok,Video,Food,43382,150,4740,45725,402,179384,26.91,1,Sunday,24.0,50,Neutral,Macro,True,False,Night,1
Facebook,Video,Gaming,306,204,218,38171,82,318872,0.23,15,Sunday,11.0,36,Positive,Macro,True,True,Afternoon,0
Instagram,Photo,Gaming,390,283,202,38680,807,301474,0.29,16,Sunday,4.0,1660,Neutral,Macro,True,False,Afternoon,0
Instagram,Carousel,Travel,1490,27,64,12089,489,61545,2.57,17,Sunday,27.0,1070,Negative,Mid-tier,True,False,Evening,1
Instagram,Story,Food,2884,287,250,10886,490,336321,1.02,17,Sunday,4.0,1459,Neutral,Macro,True,True,Evening,0
Twitter,Thread,Travel,2864,60,1683,10515,230,5759,80.0,22,Sunday,24.0,207,Positive,Nano,False,True,Night,1
Twitter,Poll,Lifestyle,323,159,273,16018,499,260660,0.29,22,Sunday,2.0,1712,Positive,Macro,True,False,Night,0
Facebook,Video,Fashion,7157,23,643,68668,640,440206,1.78,1,Monday,5.0,451,Positive,Macro,False,False,Night,0
Twitter,Tweet,Food,3509,43,649,35620,48,247143,1.7,1,Monday,29.0,1353,Positive,Macro,True,False,Night,0
LinkedIn,Document,Technology,1321,76,492,29426,130,20060,9.42,15,Monday,0.0,845,Positive,Micro,False,False,Afternoon,1
LinkedIn,Post,Entertainment,491,24,413,6921,20,1995,46.52,18,Monday,9.0,596,Neutral,Nano,True,True,Evening,1
YouTube,Live,Gaming,9873,62,1137,992543,3737,398739,2.78,22,Monday,21.0,588,Positive,Macro,True,False,Night,1
Instagram,Photo,Sports,8031,265,114,13193,995,294779,2.85,23,Monday,22.0,868,Positive,Macro,True,True,Night,1
Twitter,Thread,Health,2855,168,667,37392,304,49996,7.38,7,Tuesday,21.0,1734,Neutral,Micro,True,False,Morning,1
TikTok,Duet,Fashion,18640,1810,4575,212113,1211,200807,12.46,18,Tuesday,26.0,100,Positive,Macro,False,False,Evening,1
YouTube,Community Post,Education,5104,921,32,881520,1801,383743,1.58,21,Tuesday,25.0,1841,Positive,Macro,True,False,Night,0
YouTube,Live,Technology,9899,909,616,342016,2596,364291,3.14,21,Tuesday,17.0,200,Neutral,Macro,True,False,Night,1
YouTube,Short,Lifestyle,4914,465,148,415556,2359,323675,1.71,21,Tuesday,23.0,249,Positive,Macro,True,False,Night,0
TikTok,Stitch,Technology,5415,1295,1325,230648,1256,347692,2.31,23,Tuesday,25.0,279,Neutral,Macro,True,False,Night,1
Twitter,Tweet,Travel,4099,282,887,11988,200,449824,1.17,0,Wednesday,29.0,1783,Positive,Macro,True,True,Night,0
Twitter,Poll,Lifestyle,1025,167,400,59147,32,421231,0.38,0,Wednesday,17.0,925,Positive,Macro,True,True,Night,0
Twitter,Tweet,Lifestyle,4852,165,930,55285,283,90142,6.6,1,Wednesday,15.0,174,Negative,Mid-tier,True,True,Night,1
Instagram,Photo,Technology,9754,135,82,28514,68,139709,7.14,3,Wednesday,20.0,1917,Positive,Macro,True,True,Night,1
TikTok,Stitch,Business,41576,627,1321,340732,661,67472,64.51,4,Wednesday,22.0,381,Positive,Mid-tier,True,True,Night,1
Twitter,Retweet,Travel,1928,152,1745,84710,493,162269,2.36,9,Wednesday,29.0,1975,Negative,Macro,True,False,Morning,1
Instagram,Story,Fashion,5133,202,48,43223,766,390686,1.38,11,Wednesday,5.0,1378,Positive,Macro,True,False,Morning,0
Facebook,Story,Technology,2380,31,474,61004,84,65292,4.42,12,Wednesday,0.0,1400,Positive,Mid-tier,True,False,Afternoon,1
LinkedIn,Article,Education,546,95,443,8602,50,156685,0.69,15,Wednesday,23.0,309,Neutral,Macro,True,False,Afternoon,0
Twitter,Poll,Technology,1985,150,603,27015,12,7614,35.96,15,Wednesday,17.0,685,Positive,Nano,True,False,Afternoon,1
TikTok,Stitch,Food,33089,746,3957,217151,1437,41428,91.22,16,Wednesday,1.0,179,Positive,Micro,True,False,Afternoon,1
Twitter,Thread,Business,2374,77,1050,1059,390,305283,1.15,18,Wednesday,9.0,1859,Neutral,Macro,True,False,Evening,0
Instagram,Carousel,Technology,4005,414,236,7305,414,220799,2.11,18,Wednesday,0.0,1259,Neutral,Macro,True,False,Evening,0
Instagram,Carousel,Fitness,6911,36,75,49902,459,357178,1.97,20,Wednesday,10.0,1507,Neutral,Macro,True,False,Evening,0
Twitter,Poll,Sports,2084,224,1322,40305,314,485699,0.75,3,Thursday,10.0,1588,Positive,Macro,False,False,Night,0
Twitter,Thread,Lifestyle,3672,187,1707,15028,496,320404,1.74,4,Thursday,29.0,974,Positive,Macro,True,False,Night,0
Facebook,Video,Lifestyle,3419,348,636,10258,144,159975,2.75,7,Thursday,25.0,503,Positive,Macro,True,True,Morning,1
TikTok,Duet,Education,17379,1186,3773,201012,1826,251745,8.87,12,Thursday,5.0,185,Positive,Macro,True,False,Afternoon,1
Twitter,Tweet,Technology,3696,219,1306,31048,491,144302,3.62,13,Thursday,16.0,1452,Negative,Macro,True,False,Afternoon,1
Instagram,Carousel,Business,6397,481,150,6718,389,101387,6.93,18,Thursday,10.0,1389,Negative,Macro,True,False,Evening,1
TikTok,Video,Technology,23565,245,2229,91569,2885,92670,28.1,22,Thursday,15.0,202,Positive,Mid-tier,False,False,Night,1
Instagram,Reel,Sports,5604,111,9,42661,251,210139,2.72,23,Thursday,15.0,370,Positive,Macro,True,True,Night,1
TikTok,Duet,Health,1244,1989,2719,358807,2918,479502,1.24,1,Friday,12.0,397,Positive,Macro,True,False,Night,0
Twitter,Poll,Fashion,2793,62,1391,43078,334,358025,1.19,9,Friday,20.0,890,Positive,Macro,True,True,Morning,0
Instagram,Reel,Travel,9777,178,53,27123,299,76146,13.14,14,Friday,21.0,453,Positive,Mid-tier,True,False,Afternoon,1
LinkedIn,Article,Business,337,41,179,19315,236,157260,0.35,15,Friday,18.0,1845,Neutral,Macro,True,False,Afternoon,0
YouTube,Community Post,Sports,14186,101,290,96341,4664,427266,3.41,15,Friday,19.0,1767,Neutral,Macro,True,True,Afternoon,1
Twitter,Tweet,Fitness,2757,28,1148,49408,312,301398,1.3,17,Friday,8.0,575,Neutral,Macro,True,True,Evening,0
Instagram,Story,Gaming,1817,105,163,29792,444,255319,0.82,22,Friday,16.0,1851,Negative,Macro,True,False,Night,0
YouTube,Short,Sports,4714,186,1995,406255,4221,363729,1.9,0,Saturday,11.0,516,Positive,Macro,True,True,Night,0
Facebook,Story,Fitness,5310,142,497,4459,538,337628,1.76,3,Saturday,21.0,1096,Positive,Macro,True,False,Night,0
TikTok,Video,Fashion,39565,1083,2179,396313,279,329530,13.0,6,Saturday,6.0,227,Positive,Macro,True,False,Morning,1
YouTube,Video,Food,17477,582,1004,50966,2214,278647,6.84,6,Saturday,23.0,71,Neutral,Macro,True,False,Morning,1
YouTube,Video,Fitness,2421,929,1262,23205,3687,360006,1.28,7,Saturday,26.0,576,Neutral,Macro,True,True,Morning,0
Instagram,Story,Health,4068,207,12,7574,668,150488,2.85,20,Saturday,11.0,1999,Positive,Macro,True,False,Evening,1
Instagram,Reel,Technology,3582,116,216,5334,751,204988,1.91,21,Saturday,10.0,236,Negative,Macro,True,False,Night,0
Facebook,Video,Fashion,2443,219,467,23355,720,419215,0.75,2,Sunday,9.0,367,Neutral,Macro,True,False,Night,0
LinkedIn,Article,Food,125,88,319,17637,44,121465,0.44,4,Sunday,13.0,398,Negative,Macro,True,True,Night,0
Twitter,Thread,Fashion,1791,167,1727,98449,56,230509,1.6,5,Sunday,12.0,969,Positive,Macro,True,False,Morning,0
LinkedIn,Article,Fashion,1704,27,86,10748,280,313120,0.58,16,Sunday,4.0,1921,Positive,Macro,True,False,Afternoon,0
LinkedIn,Document,Technology,1734,44,435,17686,193,298346,0.74,19,Sunday,29.0,1047,Positive,Macro,True,False,Evening,0
Facebook,Live,Food,248,7,915,26102,714,136653,0.86,23,Sunday,26.0,217,Neutral,Macro,False,False,Night,0
Twitter,Poll,Food,2386,129,372,1366,292,238011,1.21,23,Sunday,26.0,1880,Positive,Macro,True,False,Night,0
TikTok,Duet,Technology,344,30,413,182561,1036,491800,0.16,23,Sunday,7.0,383,Positive,Macro,True,True,Night,0
Instagram,Carousel,Technology,1539,300,288,24574,346,72707,2.93,0,Monday,17.0,623,Positive,Mid-tier,True,False,Night,1
Instagram,Reel,Business,6691,92,204,20136,821,270642,2.58,9,Monday,7.0,260,Positive,Macro,True,False,Morning,1
Facebook,Post,Entertainment,7129,232,111,16548,727,213906,3.49,13,Monday,4.0,1824,Positive,Macro,True,False,Afternoon,1
Facebook,Post,Food,816,298,844,51850,537,398398,0.49,17,Monday,24.0,1827,Neutral,Macro,True,True,Evening,0
Twitter,Thread,Lifestyle,161,146,796,62684,446,395994,0.28,17,Monday,17.0,1373,Positive,Macro,True,False,Evening,0
Twitter,Retweet,Technology,2625,17,1964,94639,213,399333,1.15,21,Monday,13.0,1975,Negative,Macro,True,False,Night,0
Facebook,Live,Health,3620,114,52,58971,40,302883,1.25,22,Monday,25.0,328,Positive,Macro,True,False,Night,0
Facebook,Story,Gaming,7501,75,396,74889,271,481107,1.66,1,Tuesday,14.0,1357,Positive,Macro,True,False,Night,0
Instagram,Carousel,Lifestyle,4166,320,53,22441,432,386257,1.18,7,Tuesday,26.0,779,Positive,Macro,True,False,Morning,0
YouTube,Short,Health,2310,904,491,722243,185,292668,1.27,8,Tuesday,19.0,25,Neutral,Macro,False,True,Morning,0
Facebook,Story,Technology,7835,338,388,21246,323,88937,9.63,13,Tuesday,3.0,710,Positive,Mid-tier,True,False,Afternoon,1
Twitter,Tweet,Sports,4888,243,1415,37498,274,95826,6.83,16,Tuesday,9.0,472,Negative,Mid-tier,True,False,Afternoon,1
Twitter,Retweet,Fitness,1080,245,47,48112,18,406885,0.34,16,Tuesday,27.0,1598,Neutral,Macro,True,False,Afternoon,0
Instagram,Carousel,Fashion,8417,215,260,38134,933,420664,2.11,16,Tuesday,28.0,148,Neutral,Macro,True,False,Afternoon,0
Facebook,Live,Technology,5191,224,712,63039,17,153775,3.98,23,Tuesday,18.0,190,Positive,Macro,True,False,Night,1
Twitter,Poll,Fitness,3310,144,1343,99737,397,159249,3.01,23,Tuesday,20.0,395,Neutral,Macro,True,False,Night,1
Twitter,Retweet,Food,3179,105,835,94518,467,22496,18.31,3,Wednesday,11.0,1805,Positive,Micro,True,False,Night,1
TikTok,Stitch,Sports,36105,155,1325,21350,1622,69951,53.73,5,Wednesday,23.0,203,Positive,Mid-tier,True,False,Morning,1
Instagram,Story,Fitness,4501,322,88,26166,868,226542,2.17,6,Wednesday,10.0,1631,Negative,Macro,True,False,Morning,0
Facebook,Live,Travel,5410,136,977,37001,575,437110,1.49,8,Wednesday,2.0,505,Positive,Macro,True,False,Morning,0
Instagram,Carousel,Gaming,5341,227,218,28392,345,137053,4.22,10,Wednesday,23.0,985,Negative,Macro,True,False,Morning,1
Instagram,Reel,Health,7516,252,298,46532,973,113594,7.1,15,Wednesday,20.0,73,Positive,Macro,True,True,Afternoon,1
Facebook,Video,Food,4355,170,813,61387,367,199727,2.67,0,Thursday,11.0,22,Positive,Macro,True,False,Night,1
Instagram,Story,Gaming,5902,80,228,13764,597,24693,25.15,4,Thursday,27.0,1128,Neutral,Micro,True,False,Night,1
Facebook,Story,Gaming,3150,379,36,1826,385,415036,0.86,12,Thursday,0.0,863,Neutral,Macro,True,True,Afternoon,0
Instagram,Photo,Business,77,140,242,9547,963,271464,0.17,15,Thursday,22.0,1957,Positive,Macro,True,False,Afternoon,0
YouTube,Short,Business,9545,136,402,980424,3604,444507,2.27,23,Thursday,0.0,150,Positive,Macro,False,True,Night,0
Facebook,Video,Education,384,203,969,41299,375,100359,1.55,23,Thursday,21.0,577,Positive,Macro,False,False,Night,0
TikTok,Duet,Lifestyle,27373,1799,1560,135223,2507,209497,14.67,23,Thursday,1.0,476,Neutral,Macro,True,False,Night,1
YouTube,Live,Education,11590,65,982,444318,3626,192611,6.56,4,Friday,5.0,181,Negative,Macro,True,True,Night,1
YouTube,Short,Fashion,12046,57,127,46420,155,20136,60.74,5,Friday,25.0,594,Neutral,Micro,True,False,Morning,1
TikTok,Duet,Entertainment,13993,1516,2779,496578,820,321891,5.68,6,Friday,28.0,111,Negative,Macro,True,False,Morning,1
Facebook,Story,Food,125,386,286,3169,403,493300,0.16,8,Friday,4.0,1041,Neutral,Macro,True,False,Morning,0
LinkedIn,Document,Technology,1110,56,113,15696,174,370396,0.35,10,Friday,18.0,1449,Positive,Macro,True,False,Morning,0
YouTube,Community Post,Health,18885,294,429,877882,2844,365340,5.37,18,Friday,18.0,1864,Positive,Macro,False,False,Evening,1
TikTok,Duet,Business,30501,773,2329,142702,2551,5541,606.44,18,Friday,6.0,284,Neutral,Nano,True,True,Evening,1
Facebook,Story,Entertainment,2587,167,281,31776,139,379041,0.8,20,Friday,20.0,1219,Negative,Macro,True,False,Evening,0
Instagram,Reel,Fitness,4042,455,283,28733,737,364431,1.31,4,Saturday,7.0,384,Neutral,Macro,False,False,Night,0
TikTok,Stitch,Business,11019,970,3355,450014,645,388676,3.95,5,Saturday,7.0,153,Positive,Macro,False,False,Morning,1
Twitter,Poll,Technology,1790,281,1357,90976,110,483206,0.71,6,Saturday,27.0,148,Positive,Macro,False,True,Morning,0
LinkedIn,Article,Travel,824,98,407,12944,166,244359,0.54,7,Saturday,29.0,854,Positive,Macro,True,False,Morning,0
Instagram,Reel,Education,8822,313,225,8815,957,857,1092.18,7,Saturday,11.0,356,Positive,Nano,True,False,Morning,1
LinkedIn,Document,Sports,276,25,444,12747,159,73997,1.01,9,Saturday,1.0,1205,Positive,Mid-tier,False,False,Morning,0
Facebook,Video,Entertainment,5607,69,424,45445,639,207848,2.93,1,Sunday,24.0,249,Positive,Macro,False,False,Night,1
Instagram,Photo,Fitness,6608,116,292,6114,109,113456,6.18,1,Sunday,24.0,594,Positive,Macro,True,False,Night,1
TikTok,Stitch,Education,41863,669,2386,345047,1526,274074,16.39,2,Sunday,1.0,451,Neutral,Macro,True,False,Night,1
Facebook,Live,Fashion,3108,186,120,65241,30,329392,1.04,5,Sunday,25.0,246,Positive,Macro,True,False,Morning,0
Twitter,Retweet,Business,2149,17,905,83112,215,388843,0.79,12,Sunday,26.0,1996,Positive,Macro,True,False,Afternoon,0
Instagram,Carousel,Technology,1999,85,145,23463,17,327044,0.68,21,Sunday,13.0,1624,Neutral,Macro,True,True,Night,0
Instagram,Photo,Education,8935,163,288,7317,272,415735,2.26,21,Sunday,18.0,1945,Positive,Macro,True,True,Night,0
TikTok,Duet,Travel,47929,1925,2456,175927,1854,27597,189.55,5,Monday,23.0,564,Neutral,Micro,True,False,Morning,1
Facebook,Post,Fitness,6737,21,329,4988,780,1223,579.48,7,Monday,8.0,589,Positive,Nano,True,False,Morning,1
Facebook,Story,Gaming,1572,307,698,78732,331,45138,5.71,8,Monday,13.0,266,Positive,Micro,True,False,Morning,1
Facebook,Video,Travel,457,369,347,40058,103,257596,0.46,12,Monday,18.0,43,Neutral,Macro,True,False,Afternoon,0
Instagram,Carousel,Entertainment,2937,439,27,15060,455,277325,1.23,18,Monday,1.0,292,Neutral,Macro,False,False,Evening,0
LinkedIn,Document,Health,543,17,213,6279,239,92322,0.84,18,Monday,9.0,1459,Neutral,Mid-tier,True,True,Evening,0
LinkedIn,Post,Fitness,1400,7,485,3359,117,28179,6.71,19,Monday,19.0,1522,Neutral,Micro,True,False,Evening,1
YouTube,Live,Health,16119,863,1139,108620,1402,25191,71.93,22,Monday,8.0,471,Neutral,Micro,True,False,Night,1
LinkedIn,Article,Lifestyle,1843,30,144,17209,187,476333,0.42,2,Tuesday,14.0,1235,Positive,Macro,True,False,Night,0
Twitter,Tweet,Travel,3902,153,491,4207,79,296851,1.53,3,Tuesday,13.0,1496,Neutral,Macro,False,True,Night,0
Facebook,Story,Health,3081,206,116,52324,265,323555,1.05,4,Tuesday,9.0,1133,Positive,Macro,False,True,Night,0
LinkedIn,Article,Fitness,1603,143,423,7973,145,283484,0.77,5,Tuesday,3.0,1235,Neutral,Macro,False,False,Morning,0
LinkedIn,Document,Health,1340,106,346,5234,125,308457,0.58,12,Tuesday,23.0,1720,Neutral,Macro,True,False,Afternoon,0
Instagram,Carousel,Fitness,9431,297,69,28373,179,64814,15.12,13,Tuesday,18.0,1253,Positive,Mid-tier,False,False,Afternoon,1
Instagram,Story,Technology,284,73,99,17883,320,305728,0.15,14,Tuesday,5.0,1319,Negative,Macro,True,False,Afternoon,0
Facebook,Video,Gaming,288,309,851,73967,253,55514,2.61,14,Tuesday,19.0,334,Neutral,Mid-tier,True,False,Afternoon,1
LinkedIn,Article,Food,1357,90,133,9212,34,176221,0.9,19,Tuesday,28.0,967,Positive,Macro,True,False,Evening,0
Instagram,Carousel,Gaming,5046,225,118,26169,907,77713,6.93,22,Tuesday,10.0,426,Neutral,Mid-tier,True,False,Night,1
Facebook,Story,Entertainment,198,70,11,76262,139,424194,0.07,23,Tuesday,14.0,1326,Neutral,Macro,True,False,Night,0
Facebook,Post,Entertainment,2557,379,771,34543,16,423228,0.88,1,Wednesday,15.0,108,Positive,Macro,True,False,Night,0
Facebook,Live,Sports,2316,194,131,18125,548,275520,0.96,6,Wednesday,21.0,489,Positive,Macro,True,True,Morning,0
Twitter,Tweet,Sports,4681,260,355,50179,371,466303,1.14,8,Wednesday,29.0,1193,Neutral,Macro,True,False,Morning,0
Instagram,Photo,Gaming,9678,435,64,18254,914,83946,12.12,12,Wednesday,20.0,416,Positive,Mid-tier,True,False,Afternoon,1
Instagram,Carousel,Technology,1994,422,55,22751,132,116542,2.12,14,Wednesday,5.0,538,Positive,Macro,True,False,Afternoon,0
Twitter,Poll,Fitness,1108,3,1160,27957,36,499059,0.46,15,Wednesday,28.0,425,Neutral,Macro,True,False,Afternoon,0
YouTube,Live,Education,19617,383,323,665990,3831,364932,5.57,17,Wednesday,12.0,443,Neutral,Macro,True,True,Evening,1
Instagram,Photo,Gaming,3781,188,228,28951,557,223947,1.87,17,Wednesday,4.0,796,Positive,Macro,True,False,Evening,0
Instagram,Photo,Travel,4931,344,262,24564,95,374377,1.48,20,Wednesday,22.0,1178,Negative,Macro,True,False,Evening,0
Facebook,Post,Travel,6636,291,279,78638,48,231114,3.12,23,Wednesday,28.0,1035,Positive,Macro,True,False,Night,1
Instagram,Photo,Sports,9647,70,6,28240,874,139080,6.99,1,Thursday,15.0,806,Positive,Macro,True,False,Night,1
YouTube,Community Post,Technology,2855,625,1121,264367,3362,314490,1.46,8,Thursday,0.0,617,Neutral,Macro,True,True,Morning,0
Instagram,Photo,Fashion,6106,155,134,40762,194,191508,3.34,10,Thursday,6.0,1800,Negative,Macro,True,False,Morning,1
YouTube,Short,Lifestyle,17462,923,1496,812089,795,177541,11.2,15,Thursday,21.0,52,Positive,Macro,True,False,Afternoon,1
Twitter,Retweet,Business,3218,176,1162,55337,397,309681,1.47,21,Thursday,8.0,1785,Neutral,Macro,True,False,Night,0
LinkedIn,Post,Technology,131,126,355,532,95,226907,0.27,22,Thursday,22.0,616,Neutral,Macro,True,False,Night,0
Twitter,Retweet,Gaming,2427,270,328,40237,79,256652,1.18,8,Friday,22.0,1455,Positive,Macro,True,False,Morning,0
YouTube,Community Post,Health,3679,603,13,376561,1083,285114,1.51,10,Friday,23.0,727,Neutral,Macro,True,True,Morning,0
Facebook,Post,Fashion,5595,76,100,13260,413,96347,5.99,16,Friday,6.0,621,Positive,Mid-tier,True,False,Afternoon,1
TikTok,Video,Food,20754,1932,1428,47903,2338,392651,6.14,16,Friday,22.0,24,Positive,Macro,True,True,Afternoon,1
Facebook,Story,Technology,4440,306,905,72718,734,299350,1.89,18,Friday,15.0,1692,Negative,Macro,True,False,Evening,0
LinkedIn,Poll,Travel,560,143,376,5045,64,4417,24.43,21,Friday,10.0,1711,Neutral,Nano,False,False,Night,1
Instagram,Story,Technology,5848,250,246,47387,924,41750,15.2,22,Friday,4.0,373,Positive,Micro,True,True,Night,1
Twitter,Thread,Technology,4997,20,114,19936,38,108144,4.74,23,Friday,21.0,1595,Positive,Macro,True,True,Night,1
Twitter,Poll,Health,1262,161,509,85076,242,97262,1.99,3,Saturday,11.0,514,Negative,Mid-tier,False,False,Night,0
TikTok,Stitch,Travel,35203,1145,1745,210914,1939,343029,11.1,10,Saturday,29.0,84,Positive,Macro,True,False,Morning,1
Instagram,Carousel,Health,8196,69,191,8270,959,286351,2.95,12,Saturday,20.0,1364,Neutral,Macro,True,False,Afternoon,1
Instagram,Carousel,Sports,3577,263,271,18372,43,38488,10.68,13,Saturday,18.0,865,Negative,Micro,True,False,Afternoon,1
YouTube,Live,Lifestyle,9554,53,1485,861675,4803,387729,2.86,17,Saturday,2.0,335,Positive,Macro,True,False,Evening,1
LinkedIn,Poll,Education,1675,16,15,11891,64,231455,0.74,19,Saturday,5.0,1725,Positive,Macro,False,False,Evening,0
LinkedIn,Poll,Entertainment,1542,60,75,20004,275,44553,3.76,23,Saturday,29.0,763,Positive,Micro,True,False,Night,1
Instagram,Carousel,Lifestyle,9689,473,113,6691,444,297724,3.45,0,Sunday,9.0,373,Neutral,Macro,True,True,Night,1
YouTube,Live,Fashion,17071,215,1130,281372,66,219822,8.38,2,Sunday,24.0,371,Positive,Macro,True,False,Night,1
Twitter,Retweet,Gaming,2620,107,590,15907,302,480974,0.69,3,Monday,4.0,1363,Positive,Macro,True,False,Night,0
Facebook,Video,Lifestyle,4870,211,54,24412,250,213441,2.41,6,Monday,11.0,65,Neutral,Macro,True,True,Morning,1
Facebook,Story,Travel,6526,303,95,37575,421,217937,3.18,10,Monday,14.0,1949,Positive,Macro,True,False,Morning,1
Instagram,Photo,Gaming,3536,103,171,19633,627,170796,2.23,18,Monday,24.0,1463,Positive,Macro,True,False,Evening,0
YouTube,Community Post,Fitness,19698,17,1937,45561,2313,58814,36.81,22,Monday,18.0,444,Positive,Mid-tier,True,False,Night,1
TikTok,Duet,Travel,45574,547,3674,41388,2489,322131,15.46,23,Monday,26.0,222,Neutral,Macro,True,False,Night,1
TikTok,Stitch,Health,14770,1880,4748,462391,624,490106,4.37,1,Tuesday,28.0,512,Positive,Macro,True,False,Night,1
TikTok,Video,Fashion,27426,1323,1734,268279,2311,166690,18.29,6,Tuesday,18.0,503,Positive,Macro,True,False,Morning,1
Instagram,Reel,Lifestyle,7314,51,192,25215,624,441807,1.71,9,Tuesday,8.0,21,Neutral,Macro,True,False,Morning,0
Instagram,Photo,Travel,7844,23,36,49699,754,296096,2.67,10,Tuesday,22.0,1245,Positive,Macro,True,False,Morning,1
Facebook,Video,Gaming,205,31,681,75845,484,61902,1.48,12,Tuesday,24.0,158,Positive,Mid-tier,True,False,Afternoon,0
LinkedIn,Poll,Fashion,1699,37,206,24167,21,100319,1.94,16,Tuesday,3.0,1141,Negative,Macro,True,False,Afternoon,0
Facebook,Post,Food,6226,175,951,76325,386,4849,151.62,17,Tuesday,15.0,360,Negative,Nano,True,False,Evening,1
Instagram,Story,Education,721,257,90,2130,281,402937,0.27,18,Tuesday,21.0,1301,Positive,Macro,True,True,Evening,0
Facebook,Post,Food,7304,90,976,3503,378,457823,1.83,19,Tuesday,6.0,373,Negative,Macro,True,True,Evening,0
YouTube,Video,Business,17443,48,1767,469908,4663,215850,8.92,19,Tuesday,6.0,417,Positive,Macro,False,False,Evening,1
TikTok,Stitch,Travel,34354,595,3318,140542,1573,373663,10.24,22,Tuesday,16.0,309,Neutral,Macro,True,False,Night,1
Instagram,Carousel,Gaming,8824,259,132,37924,542,164798,5.59,7,Wednesday,28.0,1060,Neutral,Macro,True,False,Morning,1
Facebook,Video,Lifestyle,7409,10,163,28715,668,179431,4.23,8,Wednesday,2.0,91,Positive,Macro,True,False,Morning,1
TikTok,Duet,Entertainment,38667,891,337,137602,2619,384612,10.37,17,Wednesday,6.0,172,Positive,Macro,True,False,Evening,1
YouTube,Community Post,Fitness,12993,71,1978,512844,4091,340847,4.41,22,Wednesday,22.0,490,Positive,Macro,False,False,Night,1
Instagram,Photo,Education,2521,319,129,23059,102,65194,4.55,4,Thursday,9.0,1349,Positive,Mid-tier,True,False,Night,1
Instagram,Story,Travel,6391,220,185,12814,175,355907,1.91,6,Thursday,11.0,1780,Neutral,Macro,True,False,Morning,0
Facebook,Story,Entertainment,5356,176,700,8725,43,219462,2.84,10,Thursday,18.0,1285,Neutral,Macro,True,False,Morning,1
Twitter,Poll,Travel,2374,239,572,78482,412,7313,43.55,15,Thursday,3.0,744,Positive,Nano,False,False,Afternoon,1
YouTube,Community Post,Gaming,539,989,970,320346,1802,339796,0.74,22,Thursday,1.0,307,Positive,Macro,True,False,Night,0
Twitter,Retweet,Entertainment,1164,7,1052,66191,381,435418,0.51,0,Friday,26.0,1228,Neutral,Macro,True,True,Night,0
TikTok,Video,Lifestyle,34612,945,2378,374871,1227,8561,443.11,4,Friday,26.0,54,Negative,Nano,True,True,Night,1
Facebook,Video,Fashion,3081,168,600,53516,567,164666,2.34,6,Friday,27.0,306,Positive,Macro,False,False,Morning,1
Instagram,Reel,Lifestyle,9355,395,168,11090,78,225651,4.4,11,Friday,2.0,474,Positive,Macro,True,True,Morning,1
TikTok,Duet,Business,19448,771,3333,380503,2977,85901,27.42,15,Friday,21.0,204,Positive,Mid-tier,True,True,Afternoon,1
TikTok,Stitch,Fitness,27616,1305,74,473668,2960,473959,6.12,18,Friday,1.0,593,Positive,Macro,True,False,Evening,1
Twitter,Poll,Education,2080,36,563,75965,416,226426,1.18,19,Friday,23.0,1643,Negative,Macro,True,False,Evening,0
Facebook,Video,Entertainment,621,143,478,22334,70,339273,0.37,23,Friday,5.0,192,Neutral,Macro,True,True,Night,0
Twitter,Tweet,Entertainment,244,36,1898,95395,228,67420,3.23,2,Saturday,16.0,339,Positive,Mid-tier,True,False,Night,1
Twitter,Poll,Technology,3112,183,1347,26757,463,148058,3.14,2,Saturday,2.0,1927,Neutral,Macro,False,False,Night,1
Facebook,Video,Health,2208,11,728,7577,121,471348,0.63,3,Saturday,24.0,91,Neutral,Macro,True,False,Night,0
Twitter,Retweet,Gaming,25,192,152,16065,483,397536,0.09,4,Saturday,13.0,158,Positive,Macro,True,False,Night,0
Twitter,Retweet,Gaming,2130,291,1133,68396,19,347588,1.02,13,Saturday,27.0,55,Positive,Macro,True,False,Afternoon,0
TikTok,Stitch,Travel,27559,851,2934,250108,1722,137215,22.84,3,Sunday,3.0,498,Neutral,Macro,True,False,Night,1
Instagram,Reel,Gaming,2361,210,19,42847,772,120218,2.15,6,Sunday,18.0,79,Negative,Macro,True,False,Morning,0
YouTube,Video,Entertainment,19753,146,411,562023,842,12093,167.95,20,Sunday,3.0,93,Negative,Micro,True,False,Evening,1
Instagram,Photo,Entertainment,8801,352,273,4514,616,21194,44.47,21,Sunday,29.0,720,Neutral,Micro,True,True,Night,1
YouTube,Live,Health,6715,203,1797,395289,1185,366646,2.38,21,Sunday,14.0,73,Positive,Macro,False,False,Night,1
LinkedIn,Poll,Technology,1980,125,17,25113,247,297251,0.71,1,Monday,5.0,1439,Positive,Macro,False,True,Night,0
Instagram,Reel,Technology,992,108,159,20193,312,307684,0.41,15,Monday,17.0,159,Positive,Macro,True,False,Afternoon,0
Twitter,Tweet,Travel,4733,190,1304,4145,14,334122,1.86,16,Monday,20.0,1961,Positive,Macro,True,False,Afternoon,0
Instagram,Reel,Gaming,6401,261,206,4338,959,180677,3.8,20,Monday,14.0,162,Positive,Macro,True,False,Evening,1
Instagram,Photo,Technology,1470,42,174,25180,561,360896,0.47,20,Monday,27.0,244,Positive,Macro,True,False,Evening,0
Facebook,Video,Health,1650,282,249,38987,369,356481,0.61,21,Monday,1.0,471,Neutral,Macro,True,False,Night,0
Twitter,Retweet,Fitness,1011,186,1419,18830,338,364952,0.72,2,Tuesday,24.0,1528,Neutral,Macro,False,False,Night,0
Instagram,Reel,Fitness,4292,378,177,1939,696,186064,2.61,7,Tuesday,20.0,383,Positive,Macro,False,False,Morning,1
Facebook,Post,Lifestyle,3203,326,297,38772,208,263590,1.45,14,Tuesday,29.0,1039,Positive,Macro,True,False,Afternoon,0
TikTok,Stitch,Gaming,48254,720,1415,209674,1170,5102,987.63,20,Tuesday,29.0,135,Neutral,Nano,True,False,Evening,1
Facebook,Post,Technology,4503,177,967,42235,273,143541,3.93,23,Tuesday,12.0,605,Positive,Macro,True,False,Night,1
Instagram,Story,Education,7791,50,88,30806,816,327966,2.42,2,Wednesday,15.0,1525,Positive,Macro,True,False,Night,1
Twitter,Retweet,Sports,867,233,700,15694,279,201670,0.89,6,Wednesday,0.0,777,Positive,Macro,True,False,Morning,0
TikTok,Duet,Education,29494,1808,3423,235611,136,378942,9.16,12,Wednesday,29.0,95,Positive,Macro,True,False,Afternoon,1
Instagram,Carousel,Gaming,8283,293,124,16910,471,452514,1.92,19,Wednesday,23.0,966,Positive,Macro,True,False,Evening,0
Facebook,Video,Gaming,4502,222,902,70295,704,121845,4.62,20,Wednesday,8.0,299,Positive,Macro,True,False,Evening,1
TikTok,Video,Technology,44944,537,2563,295846,211,316137,15.2,20,Wednesday,14.0,157,Neutral,Macro,True,False,Evening,1
Twitter,Tweet,Fashion,506,267,1689,24798,258,281538,0.87,2,Thursday,2.0,1230,Neutral,Macro,True,False,Night,0
Facebook,Video,Sports,4827,75,689,77297,305,482095,1.16,7,Thursday,18.0,216,Neutral,Macro,True,True,Morning,0
Twitter,Poll,Lifestyle,468,175,1702,43942,136,99256,2.36,9,Thursday,2.0,482,Neutral,Mid-tier,True,True,Morning,1
Instagram,Carousel,Gaming,7568,447,156,20739,515,223277,3.66,15,Thursday,22.0,397,Neutral,Macro,False,False,Afternoon,1
Instagram,Carousel,Fashion,6764,189,45,36519,85,195062,3.59,19,Thursday,26.0,923,Neutral,Macro,True,False,Evening,1
Instagram,Story,Gaming,2230,429,297,38421,901,376525,0.79,20,Thursday,5.0,1961,Positive,Macro,True,False,Evening,0
Twitter,Thread,Business,2775,15,465,46272,209,356006,0.91,1,Friday,18.0,1738,Positive,Macro,True,False,Night,0
Instagram,Carousel,Lifestyle,1284,453,162,18478,123,394668,0.48,1,Friday,20.0,1177,Positive,Macro,True,False,Night,0
LinkedIn,Post,Food,1440,21,104,20364,41,21393,7.32,5,Friday,15.0,488,Positive,Micro,True,True,Morning,1
Instagram,Carousel,Gaming,2705,198,297,33419,955,447467,0.72,7,Friday,10.0,396,Positive,Macro,True,False,Morning,0
Twitter,Thread,Food,1318,142,1972,16615,374,434546,0.79,8,Friday,16.0,1777,Neutral,Macro,True,False,Morning,0
Facebook,Video,Lifestyle,1130,80,617,16597,439,357542,0.51,10,Friday,6.0,37,Positive,Macro,True,False,Morning,0
TikTok,Duet,Business,2367,172,990,46607,2666,140664,2.51,10,Friday,1.0,113,Neutral,Macro,True,False,Morning,1
Twitter,Thread,Gaming,3353,182,434,63970,70,174734,2.27,17,Friday,28.0,455,Neutral,Macro,False,True,Evening,0
Facebook,Live,Food,7816,107,75,70350,91,429967,1.86,18,Friday,0.0,271,Positive,Macro,True,False,Evening,0
TikTok,Video,Fashion,22201,1209,3154,7598,2235,440605,6.03,20,Friday,20.0,51,Positive,Macro,True,False,Evening,1
Twitter,Poll,Fashion,2712,126,1593,29247,102,49927,8.87,22,Friday,27.0,1177,Neutral,Micro,True,False,Night,1
Instagram,Carousel,Fitness,3563,40,3,11634,370,197013,1.83,6,Saturday,9.0,971,Neutral,Macro,True,False,Morning,0
TikTok,Stitch,Sports,19675,1761,3227,183803,2670,81981,30.08,9,Saturday,29.0,477,Neutral,Mid-tier,True,False,Morning,1
TikTok,Duet,Technology,47953,1197,4568,271336,2406,469086,11.45,11,Saturday,15.0,24,Positive,Macro,True,False,Morning,1
Facebook,Video,Travel,109,53,462,13701,183,231474,0.27,15,Saturday,6.0,424,Negative,Macro,True,False,Afternoon,0
LinkedIn,Document,Entertainment,159,121,179,23840,124,33646,1.36,19,Saturday,1.0,1946,Positive,Micro,True,True,Evening,0
Instagram,Story,Lifestyle,2404,204,227,47788,973,411732,0.69,19,Saturday,26.0,1512,Neutral,Macro,True,False,Evening,0
Facebook,Post,Business,256,275,942,10914,93,225416,0.65,21,Saturday,28.0,1452,Positive,Macro,True,True,Night,0
TikTok,Duet,Food,5556,1375,3381,25563,1190,404580,2.55,9,Sunday,18.0,200,Positive,Macro,False,True,Morning,1
Twitter,Tweet,Business,4636,14,1947,49544,397,446506,1.48,13,Sunday,3.0,1635,Positive,Macro,True,True,Afternoon,0
Twitter,Tweet,Health,3541,220,1653,67836,456,48986,11.05,17,Sunday,29.0,660,Neutral,Micro,True,False,Evening,1
TikTok,Video,Sports,33408,1449,2442,292010,2140,486796,7.66,19,Sunday,23.0,266,Neutral,Macro,True,False,Evening,1
Facebook,Story,Gaming,6562,27,828,43416,609,297538,2.49,4,Monday,10.0,1139,Neutral,Macro,True,False,Night,1
Twitter,Thread,Education,1048,15,284,19930,328,264778,0.51,8,Monday,28.0,1796,Positive,Macro,True,False,Morning,0
LinkedIn,Document,Gaming,186,19,323,23445,252,481019,0.11,9,Monday,1.0,681,Positive,Macro,True,True,Morning,0
Facebook,Live,Gaming,3038,330,250,53614,633,409891,0.88,10,Monday,22.0,420,Positive,Macro,True,False,Morning,0
Facebook,Story,Business,5097,38,421,58292,34,399769,1.39,17,Monday,14.0,1867,Positive,Macro,True,True,Evening,0
Instagram,Carousel,Gaming,5360,51,252,30189,784,169530,3.34,6,Tuesday,14.0,582,Positive,Macro,True,False,Morning,1
Facebook,Story,Technology,2905,62,481,28035,8,181940,1.9,8,Tuesday,6.0,472,Positive,Macro,True,False,Morning,0
YouTube,Video,Travel,13910,633,1292,467401,1307,425895,3.72,8,Tuesday,23.0,91,Positive,Macro,True,False,Morning,1
Twitter,Thread,Lifestyle,2693,82,354,62068,34,288720,1.08,8,Tuesday,16.0,325,Positive,Macro,True,False,Morning,0
Facebook,Story,Technology,716,211,720,32542,526,351275,0.47,11,Tuesday,7.0,630,Negative,Macro,False,False,Morning,0
Twitter,Tweet,Fitness,4357,201,1747,80066,309,225136,2.8,11,Tuesday,29.0,869,Neutral,Macro,True,False,Morning,1
TikTok,Stitch,Education,25359,1686,663,185702,2810,415273,6.67,14,Tuesday,22.0,220,Positive,Macro,True,False,Afternoon,1
TikTok,Video,Gaming,31312,979,122,219075,1159,19464,166.53,14,Tuesday,15.0,302,Positive,Micro,False,False,Afternoon,1
TikTok,Stitch,Travel,40482,1570,3735,468026,444,126751,36.12,15,Tuesday,7.0,502,Negative,Macro,True,False,Afternoon,1
Instagram,Photo,Fitness,7713,464,285,13646,415,175308,4.83,15,Tuesday,15.0,1351,Neutral,Macro,True,False,Afternoon,1
TikTok,Duet,Sports,42224,1981,3547,169139,2436,415378,11.5,21,Tuesday,25.0,110,Neutral,Macro,True,False,Night,1
Facebook,Video,Fitness,1810,381,872,42992,435,43513,7.04,2,Wednesday,8.0,378,Neutral,Micro,True,True,Night,1
LinkedIn,Post,Business,683,145,147,15940,47,285660,0.34,3,Wednesday,5.0,1633,Neutral,Macro,True,False,Night,0
Instagram,Story,Technology,4295,18,30,23491,249,26262,16.54,4,Wednesday,2.0,545,Positive,Micro,True,False,Night,1
YouTube,Live,Travel,12118,720,1244,684233,2799,351439,4.01,4,Wednesday,25.0,389,Neutral,Macro,True,False,Night,1
Facebook,Post,Gaming,6746,394,874,45355,554,88691,9.04,13,Wednesday,3.0,1515,Neutral,Mid-tier,True,False,Afternoon,1
Instagram,Reel,Education,6387,161,155,26214,405,154094,4.35,14,Wednesday,3.0,573,Positive,Macro,True,False,Afternoon,1
Twitter,Thread,Business,3509,138,1656,23878,165,421748,1.26,15,Wednesday,7.0,1723,Positive,Macro,True,False,Afternoon,0
Twitter,Poll,Business,3537,222,1649,51091,347,214065,2.53,22,Wednesday,13.0,616,Neutral,Macro,True,False,Night,1
Twitter,Tweet,Travel,1602,196,107,85295,175,340677,0.56,23,Wednesday,15.0,1508,Positive,Macro,True,False,Night,0
Twitter,Poll,Gaming,1459,146,449,67153,329,42022,4.89,1,Thursday,11.0,1983,Neutral,Micro,True,False,Night,1
Instagram,Reel,Education,3905,54,157,14135,357,240175,1.71,2,Thursday,4.0,494,Neutral,Macro,True,False,Night,0
LinkedIn,Document,Lifestyle,1502,92,270,6677,170,53945,3.46,5,Thursday,21.0,117,Positive,Mid-tier,True,True,Morning,1
Facebook,Post,Gaming,3257,396,305,65120,74,151691,2.61,9,Thursday,21.0,1801,Neutral,Macro,True,False,Morning,1
Twitter,Thread,Food,4846,90,1513,21494,250,259658,2.48,17,Thursday,21.0,282,Positive,Macro,False,False,Evening,1
Instagram,Carousel,Sports,9146,440,59,27865,117,275818,3.5,20,Thursday,3.0,729,Positive,Macro,True,False,Evening,1
TikTok,Stitch,Gaming,37246,1137,4476,295449,1108,401185,10.68,12,Friday,16.0,66,Positive,Macro,True,False,Afternoon,1
Instagram,Carousel,Entertainment,9377,365,91,29400,159,33337,29.5,19,Friday,16.0,877,Positive,Micro,True,False,Evening,1
Twitter,Tweet,Health,1697,84,1417,23114,285,80292,3.98,21,Friday,20.0,744,Neutral,Mid-tier,True,False,Night,1
Twitter,Poll,Health,4507,207,389,14570,441,326234,1.56,2,Saturday,0.0,72,Negative,Macro,True,False,Night,0
YouTube,Community Post,Business,3136,751,1245,617225,3343,131068,3.92,4,Saturday,14.0,758,Positive,Macro,True,True,Night,1
LinkedIn,Document,Entertainment,44,45,151,21470,72,344046,0.07,10,Saturday,6.0,662,Negative,Macro,True,True,Morning,0
Facebook,Live,Entertainment,4131,286,199,79148,70,426899,1.08,11,Saturday,5.0,74,Neutral,Macro,True,False,Morning,0
Instagram,Reel,Education,2482,375,233,26034,834,356514,0.87,12,Saturday,13.0,362,Positive,Macro,True,True,Afternoon,0
Twitter,Poll,Fashion,4367,268,871,95416,447,404987,1.36,14,Saturday,15.0,85,Neutral,Macro,True,True,Afternoon,0
TikTok,Duet,Fitness,1245,1286,1495,131803,2971,406336,0.99,19,Saturday,26.0,459,Positive,Macro,True,False,Evening,0
Facebook,Post,Health,2891,155,750,3777,613,315694,1.2,7,Sunday,1.0,280,Positive,Macro,False,False,Morning,0
Twitter,Tweet,Sports,834,280,1657,44625,423,59985,4.62,18,Sunday,7.0,1883,Negative,Mid-tier,True,True,Evening,1
Facebook,Video,Education,7433,44,164,35282,132,8486,90.04,19,Sunday,18.0,375,Negative,Nano,True,False,Evening,1
Twitter,Tweet,Gaming,4012,160,269,41403,206,462131,0.96,19,Sunday,19.0,1767,Positive,Macro,True,False,Evening,0
Instagram,Story,Health,1339,56,144,42103,867,446702,0.34,8,Monday,29.0,676,Positive,Macro,True,False,Morning,0
LinkedIn,Poll,Technology,1509,22,94,19890,39,141836,1.15,13,Monday,19.0,1834,Positive,Macro,True,False,Afternoon,0
Facebook,Live,Gaming,925,141,568,55600,684,438995,0.37,14,Monday,0.0,350,Negative,Macro,True,False,Afternoon,0
TikTok,Duet,Sports,10761,1849,2533,211930,2664,256401,5.91,14,Monday,25.0,341,Positive,Macro,True,False,Afternoon,1
Twitter,Poll,Fashion,554,62,1384,83565,28,164585,1.22,15,Monday,6.0,1385,Positive,Macro,True,False,Afternoon,0
Facebook,Post,Fitness,4790,346,334,37601,359,322736,1.69,17,Monday,10.0,931,Neutral,Macro,True,True,Evening,0
Instagram,Carousel,Fashion,2056,98,101,37136,470,172862,1.3,20,Monday,13.0,1771,Neutral,Macro,True,False,Evening,0
Twitter,Tweet,Business,2232,213,824,59954,96,288080,1.13,11,Tuesday,26.0,779,Positive,Macro,True,False,Morning,0
Twitter,Poll,Lifestyle,2210,206,645,45789,42,442825,0.69,12,Tuesday,11.0,161,Positive,Macro,True,False,Afternoon,0
Facebook,Video,Education,7767,298,245,5752,294,224117,3.71,17,Tuesday,3.0,39,Neutral,Macro,True,False,Evening,1
TikTok,Video,Lifestyle,4644,752,2368,437834,356,204739,3.79,21,Tuesday,16.0,282,Positive,Macro,True,False,Night,1
YouTube,Short,Fitness,7276,891,402,649843,3210,369571,2.32,22,Tuesday,21.0,166,Positive,Macro,True,False,Night,1
YouTube,Video,Technology,12769,278,360,443501,658,364114,3.68,0,Wednesday,3.0,412,Neutral,Macro,True,True,Night,1
Twitter,Poll,Business,941,22,749,72063,491,289074,0.59,3,Wednesday,14.0,337,Neutral,Macro,True,False,Night,0
LinkedIn,Poll,Sports,1581,58,170,19451,90,451548,0.4,9,Wednesday,20.0,629,Negative,Macro,True,True,Morning,0
YouTube,Live,Fitness,11313,902,893,179953,4607,417102,3.14,10,Wednesday,21.0,340,Positive,Macro,True,False,Morning,1
LinkedIn,Article,Sports,1945,122,231,9774,100,400575,0.57,10,Wednesday,22.0,1094,Positive,Macro,True,False,Morning,0
Facebook,Story,Travel,4996,249,179,55955,499,96967,5.59,16,Wednesday,11.0,1857,Positive,Mid-tier,True,True,Afternoon,1
Twitter,Tweet,Fashion,3121,96,1848,62495,14,238661,2.12,21,Wednesday,0.0,446,Neutral,Macro,True,False,Night,0
Twitter,Poll,Sports,4697,221,1259,40713,311,410810,1.5,1,Thursday,13.0,322,Neutral,Macro,True,False,Night,0
YouTube,Short,Travel,13855,557,1886,652387,2124,52264,31.18,5,Thursday,29.0,167,Positive,Mid-tier,True,False,Morning,1
Twitter,Thread,Sports,4248,208,55,34159,188,185659,2.43,9,Thursday,9.0,1263,Positive,Macro,True,False,Morning,1
Instagram,Photo,Food,3416,337,92,41574,168,207954,1.85,10,Thursday,28.0,424,Neutral,Macro,True,True,Morning,0
Twitter,Retweet,Lifestyle,404,296,1243,81857,207,220464,0.88,19,Thursday,20.0,1316,Positive,Macro,True,False,Evening,0
Facebook,Live,Health,254,387,647,50762,616,405935,0.32,2,Friday,8.0,76,Positive,Macro,True,False,Night,0
Facebook,Post,Gaming,4406,259,98,78338,369,95108,5.01,6,Friday,15.0,388,Positive,Mid-tier,True,False,Morning,1
Twitter,Tweet,Gaming,3487,73,322,62314,87,251506,1.54,7,Friday,4.0,1883,Positive,Macro,True,True,Morning,0
Instagram,Reel,Business,7680,456,40,45649,531,413113,1.98,10,Friday,29.0,552,Negative,Macro,True,False,Morning,0
Facebook,Live,Fashion,7192,280,861,65786,574,131557,6.33,17,Friday,22.0,484,Positive,Macro,False,False,Evening,1
Facebook,Post,Entertainment,6258,274,594,77391,774,357465,1.99,21,Friday,25.0,1749,Positive,Macro,True,False,Night,0
Instagram,Photo,Technology,2387,317,118,24046,641,349260,0.81,22,Friday,12.0,1901,Positive,Macro,True,False,Night,0
Facebook,Post,Sports,5916,280,137,46605,534,125104,5.06,23,Friday,25.0,77,Neutral,Macro,True,False,Night,1
YouTube,Short,Travel,9057,283,292,221638,1022,141520,6.81,4,Saturday,0.0,227,Positive,Macro,True,False,Night,1
TikTok,Stitch,Sports,2519,1606,3515,415356,2574,121757,6.27,5,Saturday,10.0,329,Positive,Macro,False,False,Morning,1
Instagram,Story,Education,6383,254,80,35911,181,389806,1.72,9,Saturday,22.0,1763,Neutral,Macro,True,False,Morning,0
Twitter,Poll,Entertainment,1305,137,1890,38830,415,165092,2.02,10,Saturday,18.0,996,Neutral,Macro,True,False,Morning,0
Instagram,Carousel,Lifestyle,4779,139,141,24913,674,309628,1.63,14,Saturday,24.0,937,Positive,Macro,True,False,Afternoon,0
TikTok,Stitch,Education,12835,195,1672,192577,1347,215787,6.81,16,Saturday,19.0,81,Positive,Macro,True,False,Afternoon,1
Instagram,Reel,Sports,8188,391,290,8663,972,439832,2.02,17,Saturday,6.0,524,Neutral,Macro,True,True,Evening,0
Facebook,Post,Fitness,3069,58,795,73776,471,454307,0.86,20,Saturday,13.0,1914,Neutral,Macro,True,False,Evening,0
Twitter,Tweet,Fitness,947,65,1779,5555,20,143896,1.94,21,Saturday,18.0,620,Neutral,Macro,True,False,Night,0
Twitter,Retweet,Health,787,135,1060,5121,403,85980,2.31,17,Sunday,1.0,1091,Neutral,Mid-tier,True,True,Evening,1
TikTok,Video,Travel,17665,683,2085,388703,2658,353510,5.78,17,Sunday,22.0,434,Negative,Macro,True,False,Evening,1
YouTube,Live,Education,1004,419,916,817773,1369,197747,1.18,3,Monday,25.0,407,Negative,Macro,True,False,Night,0
TikTok,Stitch,Fashion,16685,102,1692,112552,468,404113,4.57,12,Monday,11.0,226,Neutral,Macro,True,False,Afternoon,1
Instagram,Story,Travel,8007,431,161,41856,943,284546,3.02,15,Monday,13.0,306,Positive,Macro,False,True,Afternoon,1
Instagram,Reel,Sports,9342,340,46,20997,876,229792,4.23,16,Monday,25.0,184,Neutral,Macro,True,False,Afternoon,1
Instagram,Story,Fitness,3763,473,28,43160,464,6139,69.46,16,Monday,21.0,1280,Positive,Nano,True,True,Afternoon,1
Instagram,Carousel,Education,134,480,217,15873,46,239673,0.35,23,Monday,10.0,1331,Positive,Macro,True,False,Night,0
Instagram,Story,Sports,2948,448,84,18442,532,64647,5.38,3,Tuesday,12.0,905,Positive,Mid-tier,True,False,Night,1
Facebook,Video,Travel,4193,248,393,6569,315,218663,2.21,7,Tuesday,4.0,170,Neutral,Macro,True,False,Morning,0
TikTok,Duet,Health,4954,1549,1919,265956,2994,201941,4.17,16,Tuesday,24.0,113,Positive,Macro,True,False,Afternoon,1
YouTube,Video,Gaming,19382,664,1111,612692,1057,128244,16.5,17,Tuesday,0.0,201,Positive,Macro,True,True,Evening,1
Twitter,Poll,Fitness,2596,35,536,60337,166,476954,0.66,4,Wednesday,25.0,909,Positive,Macro,False,False,Night,0
Instagram,Story,Sports,4354,205,138,15400,865,459194,1.02,11,Wednesday,14.0,1008,Neutral,Macro,True,True,Morning,0
Instagram,Story,Travel,7595,229,183,10012,825,77195,10.37,18,Wednesday,8.0,565,Negative,Mid-tier,True,False,Evening,1
TikTok,Stitch,Lifestyle,48497,1368,3676,447675,1500,135570,39.49,18,Wednesday,5.0,518,Neutral,Macro,False,False,Evening,1
YouTube,Video,Technology,15935,994,222,264545,1832,472382,3.63,19,Wednesday,6.0,39,Positive,Macro,True,True,Evening,1
Twitter,Poll,Fitness,412,110,1917,3395,54,78481,3.11,21,Wednesday,29.0,856,Neutral,Mid-tier,True,False,Night,1
LinkedIn,Post,Business,1671,7,420,21359,118,194971,1.08,22,Wednesday,4.0,1801,Negative,Macro,True,True,Night,0
Instagram,Reel,Education,6015,110,285,29195,528,228397,2.81,2,Thursday,16.0,525,Positive,Macro,True,True,Night,1
YouTube,Short,Lifestyle,6111,225,672,652336,3972,442707,1.58,6,Thursday,5.0,29,Neutral,Macro,True,False,Morning,0
Facebook,Story,Gaming,6924,310,550,68775,644,41689,18.67,8,Thursday,25.0,1643,Positive,Micro,True,True,Morning,1
Twitter,Poll,Entertainment,3563,70,1051,85727,490,125973,3.72,11,Thursday,12.0,1362,Negative,Macro,True,False,Morning,1
Facebook,Story,Health,1948,67,646,67024,797,46142,5.77,12,Thursday,20.0,1840,Positive,Micro,True,False,Afternoon,1
Twitter,Thread,Sports,786,144,619,33162,497,227658,0.68,15,Thursday,1.0,1489,Positive,Macro,True,False,Afternoon,0
TikTok,Duet,Health,23279,860,4667,254750,2171,136912,21.04,19,Thursday,27.0,333,Neutral,Macro,True,False,Evening,1
Instagram,Photo,Fashion,4587,137,156,17935,803,61539,7.93,0,Friday,9.0,876,Negative,Mid-tier,True,False,Night,1
Instagram,Photo,Technology,7458,422,211,2159,607,380917,2.12,3,Friday,19.0,1397,Neutral,Macro,False,False,Night,0
Twitter,Poll,Travel,3677,252,740,73750,421,337274,1.38,7,Friday,8.0,1030,Positive,Macro,False,False,Morning,0
TikTok,Duet,Entertainment,36683,633,597,347709,472,6134,618.08,9,Friday,14.0,242,Positive,Nano,True,False,Morning,1
YouTube,Short,Fashion,19911,440,1048,876792,4678,181946,11.76,13,Friday,10.0,502,Positive,Macro,True,True,Afternoon,1
TikTok,Duet,Fashion,40710,35,4567,138225,289,138875,32.63,14,Friday,22.0,574,Neutral,Macro,True,False,Afternoon,1
LinkedIn,Article,Health,799,18,195,17055,269,357335,0.28,19,Friday,16.0,1658,Positive,Macro,True,False,Evening,0
TikTok,Video,Gaming,48325,594,1768,330764,2254,463965,10.92,21,Friday,11.0,264,Neutral,Macro,True,False,Night,1
Instagram,Story,Technology,7244,156,65,45625,163,243363,3.07,22,Friday,20.0,474,Neutral,Macro,True,True,Night,1
LinkedIn,Poll,Food,1889,141,86,10409,132,239649,0.88,22,Friday,11.0,500,Positive,Macro,False,False,Night,0
Facebook,Video,Technology,1595,86,170,4896,768,160466,1.15,22,Friday,27.0,47,Negative,Macro,False,True,Night,0
Twitter,Tweet,Gaming,825,182,887,2921,369,117625,1.61,4,Saturday,23.0,914,Positive,Macro,True,False,Night,0
Facebook,Post,Fitness,5309,72,629,59700,142,382768,1.57,4,Saturday,5.0,906,Neutral,Macro,False,True,Night,0
YouTube,Short,Entertainment,5105,507,1878,762447,1969,367762,2.04,8,Saturday,11.0,46,Neutral,Macro,True,True,Morning,0
Twitter,Retweet,Entertainment,3946,136,1111,99694,51,460935,1.13,18,Saturday,2.0,1888,Neutral,Macro,True,True,Evening,0
TikTok,Video,Education,29672,1135,676,171343,708,15724,200.22,2,Sunday,23.0,593,Neutral,Micro,True,True,Night,1
Facebook,Story,Lifestyle,7309,17,416,38289,259,333739,2.32,3,Sunday,10.0,968,Negative,Macro,True,True,Night,1
YouTube,Live,Gaming,13093,57,271,45560,2953,143568,9.35,5,Sunday,21.0,384,Neutral,Macro,True,False,Morning,1
YouTube,Community Post,Travel,19776,361,536,86745,4613,386162,5.35,17,Sunday,9.0,478,Negative,Macro,True,False,Evening,1
LinkedIn,Document,Technology,1823,32,124,10249,159,160451,1.23,21,Sunday,11.0,1448,Neutral,Macro,True,True,Night,0
Facebook,Story,Technology,834,54,756,10405,364,365250,0.45,0,Monday,6.0,66,Positive,Macro,True,False,Night,0
TikTok,Stitch,Travel,43738,160,354,249987,1992,238338,18.57,0,Monday,22.0,181,Negative,Macro,True,False,Night,1
YouTube,Live,Fitness,11841,420,1305,520372,2739,160147,8.47,5,Monday,2.0,531,Neutral,Macro,True,False,Morning,1
TikTok,Stitch,Technology,9121,1020,869,108638,2830,285505,3.86,10,Monday,20.0,500,Positive,Macro,True,True,Morning,1
Instagram,Carousel,Sports,4327,455,98,13350,323,253256,1.93,11,Monday,28.0,485,Negative,Macro,True,False,Morning,0
Instagram,Story,Gaming,7989,174,99,11932,969,368485,2.24,12,Monday,20.0,221,Neutral,Macro,False,False,Afternoon,0
Facebook,Post,Lifestyle,7804,66,250,51564,484,79968,10.15,15,Monday,15.0,1398,Positive,Mid-tier,False,False,Afternoon,1
LinkedIn,Post,Entertainment,1577,62,430,2743,34,433065,0.48,16,Monday,26.0,632,Negative,Macro,True,True,Afternoon,0
Instagram,Photo,Entertainment,7783,220,198,11290,975,49353,16.62,18,Monday,2.0,106,Neutral,Micro,True,True,Evening,1
LinkedIn,Post,Technology,1595,93,381,25897,224,8558,24.18,22,Monday,21.0,1721,Positive,Nano,True,False,Night,1
TikTok,Video,Food,10406,551,2163,435294,2291,490448,2.68,0,Tuesday,21.0,476,Positive,Macro,True,True,Night,1
Instagram,Photo,Lifestyle,619,336,58,16586,840,351814,0.29,5,Tuesday,21.0,926,Negative,Macro,True,False,Morning,0
TikTok,Stitch,Travel,10896,720,4084,449194,1314,23603,66.52,6,Tuesday,3.0,493,Positive,Micro,False,False,Morning,1
Instagram,Carousel,Travel,101,116,296,20535,198,463255,0.11,9,Tuesday,1.0,758,Positive,Macro,True,False,Morning,0
Facebook,Story,Entertainment,2374,110,859,3207,124,120214,2.78,12,Tuesday,5.0,1023,Positive,Macro,True,False,Afternoon,1
LinkedIn,Article,Lifestyle,1083,4,120,16359,168,63070,1.91,14,Tuesday,11.0,1287,Neutral,Mid-tier,False,True,Afternoon,0
Twitter,Poll,Business,2055,293,1082,84552,453,132763,2.58,23,Tuesday,15.0,491,Positive,Macro,True,False,Night,1
Facebook,Video,Health,664,334,255,20066,137,231604,0.54,9,Wednesday,25.0,308,Neutral,Macro,True,True,Morning,0
Instagram,Photo,Gaming,8337,25,261,15420,257,252893,3.41,12,Wednesday,14.0,169,Positive,Macro,True,False,Afternoon,1
TikTok,Video,Lifestyle,27535,102,1467,181246,2082,363945,8.0,16,Wednesday,28.0,228,Negative,Macro,True,False,Afternoon,1
Instagram,Story,Entertainment,5422,362,59,45474,408,495015,1.18,17,Wednesday,22.0,297,Negative,Macro,True,False,Evening,0
Instagram,Photo,Lifestyle,2852,161,266,47860,985,480596,0.68,18,Wednesday,12.0,1837,Positive,Macro,True,False,Evening,0
Instagram,Story,Entertainment,2441,120,137,25352,998,342137,0.79,19,Wednesday,6.0,1572,Positive,Macro,True,False,Evening,0
Twitter,Tweet,Education,3107,175,703,20237,229,453632,0.88,19,Wednesday,19.0,1296,Neutral,Macro,True,False,Evening,0
Instagram,Photo,Travel,9595,53,115,40885,616,162139,6.02,21,Wednesday,12.0,1569,Neutral,Macro,True,False,Night,1
Instagram,Story,Entertainment,5687,487,208,11408,588,442405,1.44,0,Thursday,12.0,1214,Negative,Macro,True,False,Night,0
LinkedIn,Article,Lifestyle,1822,21,73,5748,190,329204,0.58,1,Thursday,0.0,739,Neutral,Macro,True,False,Night,0
Twitter,Thread,Sports,1896,79,974,87708,203,380265,0.78,2,Thursday,20.0,689,Positive,Macro,True,False,Night,0
Twitter,Tweet,Food,3457,95,1401,93498,441,24228,20.44,3,Thursday,18.0,585,Positive,Micro,True,False,Night,1
Facebook,Video,Gaming,5196,81,426,24237,137,443127,1.29,13,Thursday,26.0,30,Neutral,Macro,True,False,Afternoon,0
YouTube,Live,Business,16821,296,1920,280360,269,341590,5.57,15,Thursday,4.0,312,Positive,Macro,True,True,Afternoon,1
Facebook,Live,Sports,6777,319,402,36161,83,135428,5.54,16,Thursday,2.0,339,Positive,Macro,True,False,Afternoon,1
TikTok,Video,Technology,31440,647,1795,147645,979,379474,8.93,19,Thursday,8.0,89,Positive,Macro,True,False,Evening,1
Instagram,Story,Health,7653,210,234,21033,589,110516,7.33,22,Thursday,22.0,1574,Positive,Macro,True,False,Night,1
Instagram,Carousel,Lifestyle,5049,247,36,25912,903,163204,3.27,23,Thursday,29.0,1506,Negative,Macro,True,False,Night,1
Instagram,Carousel,Education,8210,64,250,48593,178,289175,2.95,0,Friday,25.0,62,Positive,Macro,False,False,Night,1
LinkedIn,Document,Technology,1801,76,272,5800,136,146870,1.46,2,Friday,5.0,911,Positive,Macro,False,True,Night,0
Facebook,Video,Gaming,4781,44,740,76115,428,101137,5.5,6,Friday,6.0,504,Positive,Macro,True,False,Morning,1
Instagram,Carousel,Lifestyle,4497,48,81,49789,672,451195,1.03,6,Friday,21.0,1116,Neutral,Macro,True,False,Morning,0
Twitter,Tweet,Food,2047,133,476,94962,138,268444,0.99,6,Friday,28.0,711,Positive,Macro,True,True,Morning,0
TikTok,Duet,Fitness,14087,773,3388,194313,1002,8929,204.37,8,Friday,28.0,521,Negative,Nano,True,False,Morning,1
Twitter,Tweet,Fashion,1193,46,1530,50993,193,215767,1.28,8,Friday,25.0,83,Neutral,Macro,True,False,Morning,0
LinkedIn,Poll,Food,1376,120,138,24863,299,256719,0.64,17,Friday,12.0,1838,Negative,Macro,True,True,Evening,0
LinkedIn,Post,Lifestyle,1956,63,83,4269,12,358392,0.59,4,Saturday,13.0,810,Positive,Macro,True,False,Night,0
Twitter,Thread,Food,2643,61,735,26236,274,219751,1.56,4,Saturday,24.0,1174,Positive,Macro,True,False,Night,0
Twitter,Tweet,Education,2048,91,1766,19313,155,9652,40.46,10,Saturday,13.0,1336,Positive,Nano,False,False,Morning,1
Twitter,Video,Lifestyle,2448,58,1305,89913,103,443273,0.86,10,Saturday,12.0,887,Positive,Macro,True,False,Morning,0
YouTube,Video,Lifestyle,13046,969,1295,48830,1622,227603,6.73,13,Saturday,21.0,492,Neutral,Macro,True,False,Afternoon,1
LinkedIn,Document,Lifestyle,1649,34,237,21442,232,78264,2.45,16,Saturday,2.0,1558,Negative,Mid-tier,True,True,Afternoon,1
Instagram,Reel,Health,3374,146,144,40886,792,239714,1.53,18,Saturday,14.0,374,Neutral,Macro,False,False,Evening,0
TikTok,Stitch,Business,38879,1978,3242,172990,1521,199230,22.13,21,Saturday,28.0,196,Neutral,Macro,True,False,Night,1
Instagram,Story,Lifestyle,1982,428,32,22296,182,477946,0.51,1,Sunday,9.0,776,Positive,Macro,True,False,Night,0
YouTube,Live,Travel,14152,842,576,164754,1041,163648,9.51,9,Sunday,19.0,217,Neutral,Macro,True,False,Morning,1
Facebook,Live,Fashion,994,142,957,72779,20,106152,1.97,9,Sunday,1.0,187,Negative,Macro,True,True,Morning,0
Facebook,Video,Health,7874,31,471,30220,301,449196,1.86,12,Sunday,4.0,192,Neutral,Macro,True,False,Afternoon,0
YouTube,Short,Fitness,15433,65,1856,903844,2292,475340,3.65,13,Sunday,5.0,39,Negative,Macro,True,True,Afternoon,1
YouTube,Video,Food,10312,810,181,251690,2385,159817,7.07,17,Sunday,4.0,124,Neutral,Macro,True,False,Evening,1
Instagram,Reel,Education,5620,8,263,33596,803,144301,4.08,17,Sunday,26.0,255,Negative,Macro,True,True,Evening,1
TikTok,Duet,Gaming,3843,1025,538,283796,687,20146,26.83,23,Sunday,18.0,447,Neutral,Micro,True,True,Night,1
Facebook,Story,Business,6424,205,820,48078,354,105630,7.05,3,Monday,7.0,1127,Neutral,Macro,True,True,Night,1
LinkedIn,Document,Technology,1369,67,195,11047,137,117273,1.39,5,Monday,29.0,504,Neutral,Macro,True,False,Morning,0
YouTube,Community Post,Fashion,3013,805,177,659402,3054,473423,0.84,8,Monday,15.0,1814,Negative,Macro,True,False,Morning,0
TikTok,Stitch,Sports,24790,1449,1810,300906,272,104312,26.89,12,Monday,9.0,334,Neutral,Macro,True,False,Afternoon,1
LinkedIn,Poll,Travel,1122,47,261,13527,184,168974,0.85,13,Monday,5.0,1236,Positive,Macro,True,False,Afternoon,0
Instagram,Story,Fitness,2007,465,122,4941,733,173284,1.5,16,Monday,7.0,1183,Negative,Macro,True,False,Afternoon,0
TikTok,Video,Food,36233,1273,2415,287764,253,262482,15.21,16,Monday,23.0,364,Negative,Macro,True,False,Afternoon,1
TikTok,Duet,Health,12296,164,3388,22279,1571,267001,5.94,17,Monday,13.0,205,Neutral,Macro,True,True,Evening,1
TikTok,Video,Fashion,43324,999,2442,308139,825,358919,13.03,1,Tuesday,12.0,586,Positive,Macro,True,False,Night,1
Instagram,Story,Travel,598,429,98,34163,531,124648,0.9,1,Tuesday,29.0,759,Positive,Macro,True,False,Night,0
Twitter,Poll,Technology,618,33,263,87491,328,472031,0.19,1,Tuesday,22.0,1357,Positive,Macro,True,False,Night,0
Facebook,Video,Lifestyle,2407,181,137,74101,464,475347,0.57,2,Tuesday,20.0,582,Positive,Macro,True,False,Night,0
Instagram,Reel,Sports,8991,236,93,30198,488,186706,4.99,0,Wednesday,26.0,561,Neutral,Macro,False,False,Night,1
Twitter,Thread,Education,935,298,1622,14669,152,117062,2.44,2,Wednesday,24.0,699,Positive,Macro,True,False,Night,1
Instagram,Photo,Fitness,3448,422,84,11015,379,38377,10.3,3,Wednesday,22.0,383,Positive,Micro,True,True,Night,1
TikTok,Stitch,Sports,13223,289,3831,477099,2654,219667,7.9,4,Wednesday,10.0,71,Positive,Macro,True,False,Night,1
YouTube,Live,Gaming,1936,332,564,905890,4417,64847,4.37,11,Wednesday,7.0,382,Positive,Mid-tier,False,False,Morning,1
YouTube,Live,Health,6370,374,556,486910,1149,43173,16.91,11,Wednesday,21.0,127,Positive,Micro,True,False,Morning,1
Instagram,Reel,Technology,7577,69,2,12518,990,175499,4.36,11,Wednesday,3.0,474,Negative,Macro,True,False,Morning,1
TikTok,Duet,Entertainment,33505,967,4294,326967,574,272092,14.25,12,Wednesday,11.0,428,Negative,Macro,True,True,Afternoon,1
Twitter,Tweet,Education,3442,63,1170,64305,226,76262,6.13,12,Wednesday,27.0,1455,Positive,Mid-tier,False,True,Afternoon,1
Twitter,Poll,Entertainment,1048,208,639,15150,349,339588,0.56,16,Wednesday,20.0,926,Neutral,Macro,False,False,Afternoon,0
Facebook,Video,Entertainment,3726,273,711,57772,643,217572,2.16,16,Wednesday,17.0,250,Neutral,Macro,True,False,Afternoon,0
YouTube,Live,Business,991,593,580,731433,437,406533,0.53,19,Wednesday,5.0,112,Neutral,Macro,True,True,Evening,0
Instagram,Reel,Lifestyle,2002,164,221,9048,178,226640,1.05,21,Wednesday,7.0,415,Positive,Macro,True,False,Night,0
Facebook,Post,Fashion,6178,141,218,39359,146,482433,1.36,22,Wednesday,13.0,1067,Positive,Macro,True,False,Night,0
Twitter,Poll,Lifestyle,1973,188,1171,31545,362,326652,1.02,0,Thursday,20.0,1783,Positive,Macro,True,False,Night,0
Twitter,Tweet,Technology,1193,42,1379,37979,124,411709,0.63,2,Thursday,2.0,1446,Positive,Macro,False,True,Night,0
Facebook,Live,Entertainment,7598,361,896,14560,642,357166,2.48,12,Thursday,8.0,566,Positive,Macro,True,False,Afternoon,1
TikTok,Duet,Travel,20549,1047,265,15426,915,160993,13.58,13,Thursday,8.0,70,Neutral,Macro,True,False,Afternoon,1
Instagram,Reel,Education,6182,177,231,6622,252,318094,2.07,14,Thursday,23.0,195,Neutral,Macro,True,True,Afternoon,0
Twitter,Retweet,Entertainment,4669,152,1624,22637,313,192067,3.36,14,Thursday,17.0,1402,Negative,Macro,True,True,Afternoon,1
YouTube,Short,Education,1412,930,1433,576883,2597,414158,0.91,16,Thursday,7.0,333,Neutral,Macro,True,False,Afternoon,0
Instagram,Carousel,Travel,6027,160,54,11181,850,302141,2.07,22,Thursday,23.0,1253,Positive,Macro,True,False,Night,0
YouTube,Short,Gaming,9436,338,433,975132,2830,95105,10.73,1,Friday,27.0,575,Positive,Mid-tier,True,True,Night,1
Instagram,Carousel,Health,3031,473,257,5596,648,107337,3.5,16,Friday,0.0,1176,Neutral,Macro,True,True,Afternoon,1
Instagram,Photo,Business,2068,448,244,16415,527,257762,1.07,19,Friday,24.0,799,Neutral,Macro,True,False,Evening,0
Instagram,Photo,Education,8193,355,72,46390,422,405159,2.13,22,Friday,12.0,808,Neutral,Macro,True,False,Night,0
Instagram,Story,Gaming,8361,278,141,26396,864,491143,1.79,0,Saturday,17.0,1186,Neutral,Macro,True,False,Night,0
Instagram,Photo,Entertainment,2659,139,147,19110,273,241399,1.22,2,Saturday,17.0,958,Positive,Macro,True,False,Night,0
Instagram,Story,Business,1803,352,78,3775,565,179117,1.25,4,Saturday,16.0,935,Positive,Macro,True,False,Night,0
Facebook,Story,Gaming,3291,236,19,53763,287,72399,4.9,9,Saturday,26.0,1883,Positive,Mid-tier,True,True,Morning,1
TikTok,Duet,Sports,42944,1043,767,46423,803,348722,12.83,11,Saturday,16.0,436,Neutral,Macro,True,False,Morning,1
TikTok,Duet,Fitness,25968,560,3457,108018,2445,122725,24.43,11,Saturday,17.0,222,Positive,Macro,True,True,Morning,1
Instagram,Carousel,Fashion,5884,326,33,9193,412,70479,8.86,13,Saturday,8.0,889,Neutral,Mid-tier,True,False,Afternoon,1
TikTok,Video,Fashion,17719,1929,1991,62477,2962,14512,149.11,18,Saturday,10.0,339,Negative,Micro,True,False,Evening,1
TikTok,Stitch,Sports,14432,1657,4452,486311,2044,384786,5.34,0,Sunday,13.0,91,Neutral,Macro,True,False,Night,1
Facebook,Video,Health,3832,221,370,60147,265,149953,2.95,4,Sunday,29.0,123,Positive,Macro,True,False,Night,1
TikTok,Stitch,Education,24800,321,794,216945,2970,267877,9.67,4,Sunday,6.0,78,Positive,Macro,True,False,Night,1
TikTok,Video,Technology,42653,1978,2945,8625,1423,388846,12.24,5,Sunday,12.0,458,Neutral,Macro,True,False,Morning,1
Instagram,Carousel,Technology,1107,92,147,27139,754,252397,0.53,10,Sunday,17.0,1254,Neutral,Macro,False,False,Morning,0
Twitter,Retweet,Gaming,1899,86,625,24082,392,72105,3.62,12,Sunday,29.0,1868,Positive,Mid-tier,True,False,Afternoon,1
TikTok,Duet,Food,41324,1783,2817,458680,726,423413,10.85,12,Sunday,29.0,500,Positive,Macro,True,False,Afternoon,1
TikTok,Stitch,Entertainment,47071,794,939,176960,867,373634,13.06,13,Sunday,24.0,583,Positive,Macro,True,False,Afternoon,1
Twitter,Thread,Gaming,2216,76,1846,70543,72,260963,1.59,14,Sunday,15.0,1319,Neutral,Macro,True,False,Afternoon,0
Twitter,Poll,Technology,195,55,1174,81642,156,227197,0.63,17,Sunday,23.0,1837,Negative,Macro,False,False,Evening,0
Facebook,Video,Education,2177,131,922,27642,484,201302,1.6,20,Sunday,17.0,557,Neutral,Macro,True,False,Evening,0
Facebook,Live,Fitness,4605,353,463,16866,633,446928,1.21,1,Monday,6.0,217,Positive,Macro,True,False,Night,0
LinkedIn,Document,Fitness,1398,42,266,860,138,164935,1.03,2,Monday,26.0,1654,Positive,Macro,True,False,Night,0
YouTube,Live,Business,18880,838,340,864498,3611,383386,5.23,2,Monday,19.0,579,Neutral,Macro,True,False,Night,1
Twitter,Poll,Food,2202,143,1282,31255,259,67356,5.38,5,Monday,10.0,1013,Positive,Mid-tier,True,True,Morning,1
Facebook,Video,Entertainment,3816,26,359,61686,112,97521,4.31,9,Monday,14.0,309,Positive,Mid-tier,True,False,Morning,1
Instagram,Carousel,Sports,7185,38,131,17013,403,26850,27.39,11,Monday,23.0,1558,Neutral,Micro,True,False,Morning,1
Instagram,Story,Technology,9087,57,63,24074,53,82197,11.2,21,Monday,13.0,1921,Positive,Mid-tier,True,True,Night,1
LinkedIn,Document,Fitness,562,59,346,22764,196,408621,0.24,22,Monday,11.0,455,Negative,Macro,True,False,Night,0
Twitter,Poll,Sports,3511,281,1210,13453,21,170527,2.93,1,Tuesday,5.0,222,Positive,Macro,True,False,Night,1
Twitter,Poll,Entertainment,484,96,1162,68745,48,477067,0.37,3,Tuesday,16.0,465,Negative,Macro,True,False,Night,0
TikTok,Duet,Education,14742,1533,27,266188,1764,297370,5.48,6,Tuesday,22.0,395,Positive,Macro,True,False,Morning,1
Facebook,Live,Travel,7151,157,665,41078,452,40319,19.77,12,Tuesday,12.0,280,Neutral,Micro,True,False,Afternoon,1
Facebook,Post,Technology,5075,111,432,55773,497,492473,1.14,1,Wednesday,9.0,1270,Positive,Macro,True,False,Night,0
TikTok,Video,Fitness,20238,1518,4444,48262,1460,397188,6.6,4,Wednesday,7.0,392,Positive,Macro,True,False,Night,1
Facebook,Story,Business,3694,234,432,29914,333,459929,0.95,6,Wednesday,21.0,1878,Positive,Macro,True,True,Morning,0
TikTok,Duet,Lifestyle,35718,1388,1834,195680,370,198059,19.66,8,Wednesday,19.0,490,Neutral,Macro,True,True,Morning,1
Facebook,Story,Fitness,6150,223,703,25060,223,159924,4.42,9,Wednesday,2.0,1094,Positive,Macro,True,False,Morning,1
Instagram,Photo,Sports,960,405,29,44791,543,370186,0.38,17,Wednesday,14.0,394,Neutral,Macro,False,False,Evening,0
Instagram,Carousel,Lifestyle,2748,307,160,42470,753,200871,1.6,18,Wednesday,23.0,144,Neutral,Macro,True,True,Evening,0
YouTube,Community Post,Gaming,8058,928,1622,26118,570,458522,2.31,5,Thursday,29.0,475,Positive,Macro,True,False,Morning,1
YouTube,Community Post,Health,944,246,289,228751,382,368178,0.4,5,Thursday,23.0,1153,Neutral,Macro,True,False,Morning,0
LinkedIn,Poll,Fitness,1368,84,174,7850,137,416468,0.39,15,Thursday,9.0,102,Negative,Macro,False,False,Afternoon,0
Twitter,Tweet,Gaming,466,63,214,51000,331,356036,0.21,19,Thursday,7.0,1311,Neutral,Macro,False,False,Evening,0
TikTok,Duet,Fitness,6506,1166,363,337975,2108,128907,6.23,0,Friday,12.0,55,Neutral,Macro,True,True,Night,1
TikTok,Video,Health,32443,1816,4462,79783,957,477549,8.11,2,Friday,15.0,443,Positive,Macro,False,True,Night,1
Instagram,Story,Food,8658,57,253,29209,317,218533,4.1,4,Friday,15.0,1765,Positive,Macro,True,False,Night,1
Instagram,Carousel,Business,4818,45,239,1936,424,139109,3.67,4,Friday,10.0,1811,Positive,Macro,False,False,Night,1
Twitter,Thread,Health,3350,244,1124,4975,18,86632,5.45,7,Friday,23.0,790,Negative,Mid-tier,True,False,Morning,1
Twitter,Poll,Education,1173,273,1786,28258,12,243635,1.33,7,Friday,17.0,1735,Neutral,Macro,True,True,Morning,0
Instagram,Photo,Health,7476,97,292,25858,542,153290,5.13,21,Friday,18.0,1189,Positive,Macro,True,False,Night,1
Instagram,Carousel,Technology,9946,433,207,26968,530,486896,2.17,3,Saturday,16.0,1967,Positive,Macro,True,False,Night,0
Twitter,Poll,Sports,215,205,462,22309,261,24765,3.56,4,Saturday,3.0,1688,Neutral,Micro,False,False,Night,1
TikTok,Video,Food,26685,937,49,159970,2691,390205,7.09,5,Saturday,18.0,568,Positive,Macro,True,True,Morning,1
Instagram,Story,Technology,9747,398,284,10067,677,160296,6.51,12,Saturday,25.0,1832,Positive,Macro,True,False,Afternoon,1
Twitter,Thread,Food,682,297,579,32957,77,279680,0.56,15,Saturday,4.0,1668,Neutral,Macro,False,False,Afternoon,0
Twitter,Tweet,Sports,4935,141,1623,17943,282,407069,1.65,20,Saturday,13.0,614,Neutral,Macro,True,False,Evening,0
Instagram,Story,Entertainment,1039,401,50,40610,913,219471,0.68,21,Saturday,23.0,1248,Positive,Macro,True,False,Night,0
YouTube,Short,Technology,14643,650,1013,95841,1374,157807,10.33,21,Saturday,25.0,140,Positive,Macro,True,False,Night,1
YouTube,Community Post,Education,15466,13,1038,511798,3205,262659,6.29,0,Sunday,10.0,1518,Positive,Macro,True,False,Night,1
Twitter,Poll,Technology,4746,229,1173,99228,312,296672,2.07,2,Sunday,28.0,813,Negative,Macro,True,False,Night,0
YouTube,Short,Fitness,475,558,779,506027,3995,167151,1.08,4,Sunday,3.0,169,Neutral,Macro,True,False,Night,0
Instagram,Carousel,Business,1767,465,196,29841,155,281250,0.86,7,Sunday,29.0,379,Negative,Macro,True,False,Morning,0
YouTube,Video,Education,11606,35,1363,807545,2689,112989,11.51,13,Sunday,18.0,423,Positive,Macro,True,False,Afternoon,1
Facebook,Post,Technology,4993,388,876,22495,149,124843,5.01,18,Sunday,26.0,1787,Positive,Macro,True,False,Evening,1
TikTok,Stitch,Food,45038,1145,3795,108313,1632,205249,24.35,22,Sunday,3.0,439,Neutral,Macro,True,False,Night,1
Facebook,Story,Business,657,379,819,17273,49,271516,0.68,7,Monday,20.0,686,Neutral,Macro,True,False,Morning,0
YouTube,Community Post,Entertainment,16838,275,1968,545297,2839,322536,5.92,7,Monday,3.0,955,Neutral,Macro,True,False,Morning,1
Twitter,Thread,Entertainment,2676,220,393,32716,75,399079,0.82,9,Monday,8.0,487,Positive,Macro,True,True,Morning,0
LinkedIn,Article,Gaming,1788,138,136,12220,93,270783,0.76,11,Monday,5.0,176,Negative,Macro,True,True,Morning,0
Twitter,Poll,Lifestyle,2595,81,800,71845,152,474970,0.73,14,Monday,11.0,1695,Positive,Macro,True,True,Afternoon,0
Facebook,Video,Lifestyle,5614,186,161,54612,209,136671,4.36,16,Monday,15.0,199,Neutral,Macro,True,False,Afternoon,1
Instagram,Photo,Food,5335,144,204,18403,765,291121,1.95,19,Monday,2.0,741,Positive,Macro,True,False,Evening,0
TikTok,Duet,Fitness,44964,1155,337,485437,1688,48189,96.4,20,Monday,13.0,378,Neutral,Micro,False,False,Evening,1
Instagram,Photo,Sports,6460,489,233,34178,452,362296,1.98,0,Tuesday,12.0,928,Positive,Macro,True,False,Night,0
LinkedIn,Article,Entertainment,1846,127,343,9318,171,218403,1.06,1,Tuesday,14.0,655,Positive,Macro,True,False,Night,0
TikTok,Duet,Health,39376,81,3331,64895,1487,264374,16.18,2,Tuesday,19.0,173,Positive,Macro,True,False,Night,1
Instagram,Photo,Sports,9181,152,232,38926,710,354078,2.7,8,Tuesday,23.0,1748,Negative,Macro,True,True,Morning,1
LinkedIn,Document,Food,364,56,3,26972,172,342298,0.12,12,Tuesday,3.0,1639,Neutral,Macro,True,False,Afternoon,0
Twitter,Tweet,Fashion,3239,246,1806,70336,435,429099,1.23,13,Tuesday,26.0,624,Neutral,Macro,True,False,Afternoon,0
Instagram,Reel,Lifestyle,8678,322,95,40685,920,302498,3.01,13,Tuesday,1.0,136,Positive,Macro,True,False,Afternoon,1
Instagram,Video,Gaming,2581,308,113,13443,777,471161,0.64,19,Tuesday,6.0,702,Negative,Macro,True,False,Evening,0
Facebook,Post,Sports,4853,321,827,10429,601,265173,2.26,20,Tuesday,7.0,1163,Positive,Macro,False,False,Evening,0
Twitter,Thread,Fashion,285,284,401,57257,474,420361,0.23,21,Tuesday,15.0,940,Positive,Macro,True,False,Night,0
Instagram,Photo,Sports,6073,127,206,3287,79,188272,3.4,23,Tuesday,28.0,1833,Neutral,Macro,True,True,Night,1
Facebook,Post,Travel,7166,304,157,78136,42,276895,2.75,5,Wednesday,13.0,1157,Neutral,Macro,False,False,Morning,1
Instagram,Carousel,Fitness,7819,217,62,4447,741,266303,3.04,7,Wednesday,13.0,1993,Negative,Macro,False,False,Morning,1
TikTok,Stitch,Fashion,41816,906,2888,422950,835,223279,20.43,9,Wednesday,15.0,72,Negative,Macro,True,False,Morning,1
TikTok,Stitch,Food,44323,1374,3597,479699,2237,349870,14.09,11,Wednesday,12.0,555,Positive,Macro,True,False,Morning,1
LinkedIn,Post,Fitness,1494,25,221,29515,198,214210,0.81,12,Wednesday,5.0,97,Positive,Macro,True,True,Afternoon,0
Facebook,Live,Lifestyle,6099,302,469,75141,696,474535,1.45,12,Wednesday,22.0,179,Positive,Macro,True,True,Afternoon,0
YouTube,Community Post,Health,10917,423,1235,15987,2725,304023,4.14,14,Wednesday,24.0,1601,Neutral,Macro,True,False,Afternoon,1
YouTube,Short,Travel,16250,61,1865,844471,3524,320358,5.67,15,Wednesday,13.0,235,Neutral,Macro,True,False,Afternoon,1
Twitter,Retweet,Lifestyle,1676,79,1350,9998,245,173022,1.79,16,Wednesday,21.0,1044,Positive,Macro,True,False,Afternoon,0
Facebook,Post,Travel,341,38,93,49139,325,145959,0.32,17,Wednesday,3.0,1649,Neutral,Macro,True,False,Evening,0
Facebook,Live,Sports,2672,236,576,35045,707,22484,15.5,18,Wednesday,15.0,119,Neutral,Micro,True,True,Evening,1
Instagram,Carousel,Education,7974,194,87,8962,783,374746,2.2,3,Thursday,10.0,590,Negative,Macro,True,True,Night,0
Instagram,Carousel,Gaming,7476,439,137,20837,207,262466,3.07,4,Thursday,27.0,935,Positive,Macro,True,False,Night,1
Twitter,Retweet,Food,1276,71,1907,18423,73,331037,0.98,4,Thursday,11.0,191,Neutral,Macro,True,False,Night,0
YouTube,Short,Travel,3697,293,1626,351404,2449,165854,3.39,9,Thursday,14.0,262,Positive,Macro,True,False,Morning,1
Instagram,Story,Entertainment,4056,42,199,43131,113,166955,2.57,11,Thursday,19.0,551,Neutral,Macro,True,False,Morning,1
TikTok,Duet,Travel,27732,1271,2077,431647,622,496494,6.26,15,Thursday,1.0,18,Positive,Macro,True,False,Afternoon,1
Twitter,Retweet,Food,2228,157,147,25320,111,86055,2.94,16,Thursday,7.0,1558,Positive,Mid-tier,True,True,Afternoon,1
Instagram,Carousel,Gaming,1947,149,69,43361,140,60975,3.55,16,Thursday,24.0,845,Positive,Mid-tier,True,False,Afternoon,1
TikTok,Stitch,Lifestyle,18776,131,204,115623,1047,415300,4.6,21,Thursday,0.0,280,Positive,Macro,True,False,Night,1
Facebook,Live,Entertainment,6552,116,668,73159,551,431042,1.7,22,Thursday,6.0,469,Neutral,Macro,False,False,Night,0
TikTok,Video,Fitness,6999,612,2993,432013,2890,102221,10.37,22,Thursday,0.0,552,Neutral,Macro,False,False,Night,1
Twitter,Retweet,Education,4378,134,998,65736,314,367393,1.5,0,Friday,23.0,1757,Positive,Macro,False,False,Night,0
LinkedIn,Document,Travel,1821,34,298,22684,244,278374,0.77,8,Friday,16.0,1861,Positive,Macro,False,False,Morning,0
TikTok,Stitch,Lifestyle,42869,1208,2226,395527,1300,1319,3510.46,8,Friday,7.0,525,Positive,Nano,False,False,Morning,1
TikTok,Stitch,Business,5154,1726,1032,71846,524,71386,11.08,13,Friday,25.0,568,Positive,Mid-tier,True,False,Afternoon,1
Instagram,Reel,Gaming,7403,443,26,16432,27,85810,9.17,14,Friday,1.0,32,Positive,Mid-tier,True,False,Afternoon,1
Facebook,Video,Gaming,482,49,592,32457,38,252428,0.44,22,Friday,15.0,153,Positive,Macro,True,True,Night,0
Instagram,Reel,Technology,5139,469,117,5376,437,363167,1.58,6,Saturday,22.0,210,Neutral,Macro,True,False,Morning,0
Facebook,Story,Gaming,698,136,395,47428,572,161305,0.76,7,Saturday,21.0,761,Negative,Macro,False,True,Morning,0
TikTok,Video,Gaming,42303,284,1690,277363,1818,362021,12.23,9,Saturday,7.0,125,Neutral,Macro,True,False,Morning,1
Instagram,Reel,Fashion,8091,261,76,15179,723,260332,3.24,9,Saturday,10.0,172,Neutral,Macro,False,False,Morning,1
Facebook,Story,Fitness,5601,246,836,18208,608,145290,4.6,14,Saturday,6.0,1604,Positive,Macro,True,False,Afternoon,1
Instagram,Photo,Health,5064,440,5,21144,435,305454,1.8,15,Saturday,25.0,1749,Positive,Macro,True,False,Afternoon,0
Twitter,Retweet,Entertainment,3859,173,1599,41887,110,418600,1.35,16,Saturday,6.0,260,Neutral,Macro,True,False,Afternoon,0
Facebook,Live,Technology,1684,201,917,48087,667,127066,2.21,20,Saturday,20.0,382,Neutral,Macro,True,False,Evening,0
LinkedIn,Article,Health,636,13,70,4508,261,412190,0.17,0,Sunday,16.0,1889,Neutral,Macro,True,False,Night,0
YouTube,Short,Health,1692,346,1422,459760,551,440190,0.79,1,Sunday,16.0,26,Negative,Macro,True,False,Night,0
Twitter,Tweet,Gaming,1261,73,994,58505,134,318521,0.73,4,Sunday,9.0,695,Neutral,Macro,False,True,Night,0
Instagram,Photo,Education,6426,74,48,727,531,475255,1.38,5,Sunday,25.0,84,Negative,Macro,True,True,Morning,0
YouTube,Short,Lifestyle,325,156,1197,340233,1421,437536,0.38,6,Sunday,15.0,239,Positive,Macro,True,False,Morning,0
Facebook,Story,Food,2078,13,830,63903,221,177337,1.65,11,Sunday,19.0,998,Neutral,Macro,True,False,Morning,0
YouTube,Live,Sports,2990,634,1323,996302,3152,330251,1.5,12,Sunday,15.0,365,Neutral,Macro,True,True,Afternoon,0
Twitter,Poll,Education,226,246,1361,46728,17,495861,0.37,17,Sunday,24.0,758,Neutral,Macro,True,True,Evening,0
Facebook,Story,Fitness,4092,80,439,57803,615,274481,1.68,3,Monday,20.0,1741,Negative,Macro,True,False,Night,0
Instagram,Carousel,Health,3110,371,8,21219,972,189146,1.84,3,Monday,4.0,1520,Positive,Macro,True,False,Night,0
Instagram,Reel,Business,9550,149,263,30769,500,174345,5.71,11,Monday,19.0,502,Neutral,Macro,True,True,Morning,1
LinkedIn,Article,Entertainment,901,98,88,10557,105,384437,0.28,18,Monday,10.0,1586,Positive,Macro,True,True,Evening,0
LinkedIn,Article,Fashion,773,60,468,25509,70,332988,0.39,18,Monday,25.0,1723,Positive,Macro,True,True,Evening,0
Twitter,Poll,Fashion,1712,212,1961,70396,220,412669,0.94,19,Monday,18.0,1724,Neutral,Macro,True,True,Evening,0
Instagram,Story,Lifestyle,9785,84,298,24725,311,245577,4.14,21,Monday,16.0,350,Neutral,Macro,False,False,Night,1
Facebook,Live,Health,7019,185,554,71360,123,114574,6.77,21,Monday,27.0,521,Neutral,Macro,True,False,Night,1
LinkedIn,Article,Fashion,1457,53,366,19081,275,432412,0.43,6,Tuesday,2.0,1440,Positive,Macro,True,True,Morning,0
Instagram,Reel,Business,5719,409,90,25615,101,418319,1.49,7,Tuesday,5.0,297,Negative,Macro,True,True,Morning,0
Facebook,Post,Travel,5476,39,386,23215,46,294541,2.0,7,Tuesday,16.0,733,Neutral,Macro,True,False,Morning,0
Facebook,Video,Gaming,3831,4,250,18465,624,425458,0.96,8,Wednesday,21.0,345,Positive,Macro,False,False,Morning,0
Facebook,Story,Education,7460,324,226,55148,69,31468,25.45,13,Wednesday,18.0,170,Neutral,Micro,True,False,Afternoon,1
Twitter,Retweet,Business,281,294,1798,23778,127,491531,0.48,18,Wednesday,21.0,1701,Positive,Macro,True,False,Evening,0
Facebook,Live,Lifestyle,5265,57,296,18025,792,30898,18.18,20,Wednesday,23.0,527,Positive,Micro,True,False,Evening,1
TikTok,Stitch,Business,13114,1349,1021,454717,1620,272663,5.68,22,Wednesday,5.0,184,Positive,Macro,True,False,Night,1
TikTok,Video,Travel,14196,195,1033,472495,1225,204494,7.54,22,Wednesday,16.0,468,Positive,Macro,True,False,Night,1
Twitter,Tweet,Entertainment,1099,294,641,76828,446,71715,2.84,2,Thursday,6.0,898,Positive,Mid-tier,True,False,Night,1
Twitter,Tweet,Technology,520,51,974,51139,24,307836,0.5,4,Thursday,15.0,907,Positive,Macro,True,False,Night,0
Instagram,Reel,Technology,9908,316,39,37929,651,20484,50.1,6,Thursday,25.0,500,Neutral,Micro,True,False,Morning,1
Instagram,Reel,Entertainment,9477,271,270,48064,946,33602,29.81,13,Thursday,21.0,258,Neutral,Micro,True,False,Afternoon,1
Instagram,Carousel,Business,9397,347,273,2866,853,12720,78.75,13,Thursday,27.0,377,Positive,Micro,True,False,Afternoon,1
Twitter,Tweet,Fashion,595,5,610,16748,276,186073,0.65,15,Thursday,19.0,1366,Positive,Macro,True,True,Afternoon,0
Facebook,Live,Fitness,1573,393,111,79818,65,315536,0.66,10,Friday,21.0,586,Positive,Macro,True,False,Morning,0
Instagram,Photo,Fashion,4053,270,17,20047,257,268399,1.62,10,Friday,12.0,313,Neutral,Macro,True,False,Morning,0
Twitter,Poll,Business,2902,98,1574,87941,407,321168,1.42,15,Friday,7.0,961,Positive,Macro,True,False,Afternoon,0
Instagram,Reel,Sports,5855,148,180,17534,968,319324,1.94,18,Friday,13.0,122,Neutral,Macro,True,False,Evening,0
LinkedIn,Document,Travel,174,88,487,2397,109,123011,0.61,21,Friday,3.0,1976,Positive,Macro,True,False,Night,0
Facebook,Live,Travel,5009,381,283,64628,335,291025,1.95,0,Saturday,23.0,25,Neutral,Macro,True,False,Night,0
Facebook,Video,Travel,4412,68,884,75744,62,134214,4.0,11,Saturday,16.0,490,Neutral,Macro,True,False,Morning,1
Twitter,Retweet,Business,2840,192,1569,59415,254,387729,1.19,11,Saturday,17.0,200,Neutral,Macro,True,True,Morning,0
Twitter,Thread,Education,558,147,1119,4925,276,434361,0.42,12,Saturday,8.0,1604,Neutral,Macro,True,False,Afternoon,0
Twitter,Thread,Entertainment,130,221,712,23674,348,489193,0.22,16,Saturday,8.0,380,Neutral,Macro,True,False,Afternoon,0
Facebook,Story,Technology,2568,275,233,46899,10,196654,1.56,21,Saturday,26.0,425,Positive,Macro,True,False,Night,0
Instagram,Story,Gaming,4135,48,8,27317,325,429110,0.98,2,Sunday,8.0,1082,Positive,Macro,True,False,Night,0
LinkedIn,Document,Lifestyle,591,8,430,17941,228,14748,6.98,3,Sunday,12.0,1099,Neutral,Micro,True,False,Night,1
TikTok,Video,Fitness,40038,93,3267,42570,2011,440315,9.86,3,Sunday,9.0,225,Negative,Macro,True,False,Night,1
Instagram,Carousel,Technology,7895,178,228,47869,530,336234,2.47,8,Sunday,5.0,994,Positive,Macro,True,False,Morning,1
Instagram,Carousel,Food,2152,403,37,38393,386,373936,0.69,12,Sunday,9.0,1197,Positive,Macro,True,True,Afternoon,0
TikTok,Duet,Fitness,38115,1270,4097,353962,2716,300337,14.48,15,Sunday,5.0,485,Neutral,Macro,False,False,Afternoon,1
Twitter,Tweet,Fashion,1614,55,1370,15859,196,82554,3.68,22,Sunday,16.0,1717,Neutral,Mid-tier,True,False,Night,1
LinkedIn,Poll,Gaming,1595,2,312,11179,274,279817,0.68,23,Sunday,10.0,1509,Positive,Macro,True,False,Night,0
Instagram,Carousel,Sports,3523,273,252,43268,903,103143,3.92,3,Monday,0.0,1746,Neutral,Macro,True,True,Night,1
TikTok,Video,Sports,22585,1110,1690,395535,1485,379239,6.69,6,Monday,11.0,397,Neutral,Macro,True,False,Morning,1
Instagram,Story,Fashion,2911,47,121,26335,57,301192,1.02,13,Monday,2.0,1148,Neutral,Macro,False,False,Afternoon,0
Instagram,Reel,Gaming,5635,495,283,17695,511,245930,2.61,14,Monday,2.0,557,Negative,Macro,True,True,Afternoon,1
YouTube,Live,Fitness,14928,360,1351,389034,383,76262,21.82,17,Monday,25.0,176,Positive,Mid-tier,True,False,Evening,1
Twitter,Thread,Food,1259,92,1942,91041,30,411958,0.8,21,Monday,2.0,1599,Positive,Macro,True,False,Night,0
LinkedIn,Document,Fitness,1238,108,217,745,243,458500,0.34,2,Tuesday,19.0,1053,Neutral,Macro,True,False,Night,0
TikTok,Duet,Fitness,28920,392,1572,366483,525,178702,17.28,7,Tuesday,8.0,597,Neutral,Macro,True,False,Morning,1
Twitter,Poll,Gaming,4868,146,1384,49402,75,276858,2.31,12,Tuesday,28.0,331,Positive,Macro,True,True,Afternoon,1
YouTube,Video,Business,10416,778,1890,962520,2277,199573,6.56,13,Tuesday,21.0,156,Neutral,Macro,True,False,Afternoon,1
TikTok,Duet,Technology,44611,1818,2406,80623,2276,485626,10.06,14,Tuesday,18.0,269,Negative,Macro,True,False,Afternoon,1
Facebook,Live,Gaming,2946,304,84,57738,312,399331,0.83,17,Tuesday,22.0,489,Negative,Macro,True,False,Evening,0
Facebook,Video,Technology,2474,338,733,63977,36,57127,6.21,0,Wednesday,17.0,524,Neutral,Mid-tier,True,False,Night,1
Twitter,Thread,Entertainment,3833,27,1598,77552,130,184196,2.96,3,Wednesday,1.0,391,Neutral,Macro,True,True,Night,1
YouTube,Video,Gaming,12886,802,1458,539028,4930,389172,3.89,4,Wednesday,28.0,261,Neutral,Macro,True,False,Night,1
TikTok,Video,Sports,19826,123,916,432530,1843,328444,6.35,8,Wednesday,13.0,252,Positive,Macro,True,False,Morning,1
LinkedIn,Document,Entertainment,635,75,203,23966,63,230106,0.4,8,Wednesday,15.0,561,Neutral,Macro,True,False,Morning,0
Twitter,Tweet,Sports,4202,283,1867,81635,78,98235,6.47,9,Wednesday,19.0,1573,Neutral,Mid-tier,True,True,Morning,1
TikTok,Duet,Gaming,45790,1932,3573,170189,747,447110,11.47,18,Wednesday,28.0,386,Neutral,Macro,False,True,Evening,1
TikTok,Duet,Technology,14901,1149,1456,79264,1001,234009,7.48,22,Wednesday,22.0,55,Positive,Macro,True,False,Night,1
Facebook,Video,Sports,7056,152,569,31732,73,228588,3.4,3,Thursday,20.0,323,Neutral,Macro,True,False,Night,1
TikTok,Video,Business,7134,1937,1240,186171,634,366348,2.81,16,Thursday,8.0,124,Positive,Macro,False,True,Afternoon,1
Facebook,Story,Fashion,7004,227,688,53346,515,42625,18.58,17,Thursday,22.0,537,Positive,Micro,True,False,Evening,1
Instagram,Story,Entertainment,5825,270,110,40117,44,170597,3.64,20,Thursday,11.0,1752,Negative,Macro,False,False,Evening,1
TikTok,Stitch,Health,13694,660,3704,58639,431,211160,8.55,20,Thursday,1.0,234,Negative,Macro,False,False,Evening,1
Facebook,Story,Fashion,6416,294,980,28748,691,85136,9.03,22,Thursday,6.0,1266,Neutral,Mid-tier,True,False,Night,1
Instagram,Reel,Gaming,4839,196,208,5850,543,205974,2.55,22,Thursday,5.0,511,Neutral,Macro,True,False,Night,1
TikTok,Duet,Health,35952,770,224,50952,1838,293692,12.58,22,Thursday,20.0,59,Neutral,Macro,True,False,Night,1
LinkedIn,Poll,Education,459,53,100,14058,40,499718,0.12,2,Friday,19.0,743,Positive,Macro,True,False,Night,0
Twitter,Thread,Fitness,304,114,1022,11467,475,348027,0.41,6,Friday,20.0,1132,Positive,Macro,True,False,Morning,0
Facebook,Video,Fashion,6012,288,942,60198,504,272051,2.66,11,Friday,27.0,229,Positive,Macro,True,False,Morning,1
LinkedIn,Post,Lifestyle,1637,120,213,14398,206,29147,6.76,12,Friday,16.0,804,Negative,Micro,True,False,Afternoon,1
YouTube,Live,Gaming,14284,950,1659,789161,3575,408344,4.14,13,Friday,29.0,501,Neutral,Macro,True,True,Afternoon,1
Instagram,Photo,Technology,1692,250,88,9269,147,454238,0.45,15,Friday,0.0,1180,Positive,Macro,True,False,Afternoon,0
Twitter,Retweet,Fitness,2906,70,830,5158,225,303126,1.26,1,Saturday,26.0,1648,Positive,Macro,False,False,Night,0
Instagram,Carousel,Travel,5816,144,254,48078,185,305549,2.03,6,Saturday,21.0,741,Positive,Macro,True,False,Morning,0
Facebook,Video,Fashion,6232,268,523,77289,244,238786,2.94,15,Saturday,1.0,233,Neutral,Macro,True,False,Afternoon,1
YouTube,Live,Business,9701,596,505,8771,4657,460969,2.34,23,Saturday,29.0,539,Positive,Macro,True,True,Night,1
TikTok,Stitch,Travel,39104,1441,1201,187370,2322,357400,11.68,23,Saturday,25.0,522,Neutral,Macro,False,False,Night,1
Facebook,Story,Travel,4715,337,567,7304,785,141354,3.98,0,Sunday,22.0,1528,Neutral,Macro,True,False,Night,1
TikTok,Duet,Health,20960,1142,571,249856,344,24857,91.21,17,Sunday,1.0,201,Positive,Micro,True,False,Evening,1
Twitter,Retweet,Business,1897,215,1914,60967,16,313296,1.29,23,Sunday,12.0,422,Positive,Macro,True,False,Night,0
Facebook,Post,Food,1930,172,694,75111,466,87346,3.2,23,Sunday,20.0,1532,Neutral,Mid-tier,True,False,Night,1
YouTube,Community Post,Technology,5798,122,1486,120558,3040,479591,1.54,4,Monday,23.0,908,Neutral,Macro,False,False,Night,0
Instagram,Story,Sports,9254,173,265,30867,858,14816,65.42,4,Monday,7.0,577,Neutral,Micro,True,True,Night,1
Instagram,Carousel,Education,1438,157,273,45947,556,472107,0.4,5,Monday,25.0,1911,Positive,Macro,True,True,Morning,0
LinkedIn,Document,Gaming,72,76,83,9700,38,235058,0.1,5,Monday,2.0,1512,Positive,Macro,True,True,Morning,0
Instagram,Story,Health,1088,82,77,21397,849,492533,0.25,6,Monday,5.0,752,Neutral,Macro,False,False,Morning,0
Instagram,Photo,Entertainment,1504,402,236,42300,815,117790,1.82,9,Monday,26.0,420,Positive,Macro,True,False,Morning,0
Facebook,Story,Food,6130,171,752,41521,350,482506,1.46,10,Monday,6.0,1745,Positive,Macro,True,False,Morning,0
Twitter,Retweet,Technology,4107,284,921,9104,291,34849,15.24,10,Monday,28.0,442,Positive,Micro,True,False,Morning,1
LinkedIn,Document,Sports,1355,115,37,11530,241,69889,2.16,16,Monday,24.0,1053,Neutral,Mid-tier,True,True,Afternoon,0
Twitter,Poll,Fitness,2605,190,1534,19825,144,21548,20.09,16,Monday,6.0,379,Neutral,Micro,True,False,Afternoon,1
TikTok,Stitch,Fitness,14162,1373,327,138823,933,497933,3.19,22,Monday,28.0,407,Negative,Macro,True,False,Night,1
Instagram,Carousel,Gaming,3703,21,21,32188,324,246441,1.52,23,Monday,24.0,147,Neutral,Macro,True,False,Night,0
TikTok,Duet,Fitness,35825,782,1749,310005,713,100399,38.2,0,Tuesday,27.0,458,Positive,Macro,True,False,Night,1
Instagram,Story,Fashion,6264,431,163,24151,336,434424,1.58,0,Tuesday,28.0,692,Positive,Macro,False,False,Night,0
Facebook,Post,Education,5232,382,640,66127,526,92009,6.8,10,Tuesday,28.0,1834,Positive,Mid-tier,False,False,Morning,1
Instagram,Story,Gaming,3704,154,188,47010,894,292496,1.38,10,Tuesday,26.0,1972,Positive,Macro,True,True,Morning,0
Instagram,Story,Business,633,25,17,9638,537,143454,0.47,15,Tuesday,24.0,936,Neutral,Macro,True,False,Afternoon,0
Instagram,Story,Education,8348,232,143,45357,181,274572,3.18,15,Tuesday,29.0,750,Neutral,Macro,True,True,Afternoon,1
Instagram,Story,Sports,6671,484,268,38833,349,229674,3.23,16,Tuesday,14.0,421,Neutral,Macro,True,False,Afternoon,1
Twitter,Tweet,Gaming,3832,149,1894,85117,308,53546,10.97,17,Tuesday,10.0,303,Negative,Mid-tier,True,False,Evening,1
Twitter,Thread,Gaming,1076,144,1272,22215,218,274835,0.91,17,Tuesday,27.0,960,Positive,Macro,True,True,Evening,0
Twitter,Poll,Food,3412,222,1541,37551,445,426313,1.21,18,Tuesday,26.0,1342,Neutral,Macro,True,False,Evening,0
YouTube,Community Post,Education,6754,825,449,543247,3966,315201,2.55,21,Tuesday,17.0,447,Positive,Macro,True,False,Night,1
Twitter,Tweet,Food,1639,103,473,78916,496,5009,44.22,22,Tuesday,4.0,473,Positive,Nano,False,False,Night,1
YouTube,Video,Education,2174,513,1197,8176,1218,52506,7.4,23,Tuesday,0.0,452,Negative,Mid-tier,False,False,Night,1
Instagram,Reel,Food,9047,468,129,2905,301,238904,4.04,5,Wednesday,25.0,136,Negative,Macro,True,False,Morning,1
Facebook,Story,Food,7040,180,612,38186,785,142236,5.51,7,Wednesday,24.0,1936,Positive,Macro,True,False,Morning,1
TikTok,Stitch,Health,48191,1199,23,452950,2242,153999,32.09,13,Wednesday,5.0,307,Positive,Macro,True,False,Afternoon,1
TikTok,Duet,Travel,24351,1858,502,236853,392,391499,6.82,17,Wednesday,3.0,327,Neutral,Macro,True,False,Evening,1
TikTok,Video,Sports,36280,461,3460,182071,2945,391804,10.26,18,Wednesday,17.0,207,Positive,Macro,True,False,Evening,1
Facebook,Video,Travel,6227,57,892,1544,284,357025,2.01,19,Wednesday,8.0,428,Positive,Macro,True,False,Evening,0
Instagram,Carousel,Lifestyle,6608,91,41,34452,712,173042,3.9,6,Thursday,2.0,221,Positive,Macro,True,True,Morning,1
Twitter,Retweet,Gaming,70,199,1051,75392,227,371131,0.36,12,Thursday,0.0,1597,Negative,Macro,False,False,Afternoon,0
TikTok,Stitch,Gaming,49057,884,1917,82264,2229,178106,29.12,12,Thursday,22.0,200,Neutral,Macro,True,False,Afternoon,1
YouTube,Short,Entertainment,12492,261,1789,341641,2135,168685,8.62,13,Thursday,13.0,20,Positive,Macro,False,True,Afternoon,1
Facebook,Live,Gaming,4469,341,528,37792,142,415504,1.28,14,Thursday,18.0,105,Negative,Macro,False,False,Afternoon,0
Instagram,Story,Fashion,7901,67,66,7366,630,222179,3.62,16,Thursday,0.0,985,Negative,Macro,True,False,Afternoon,1
Twitter,Poll,Lifestyle,1637,6,1714,52184,143,111178,3.02,16,Thursday,3.0,1455,Negative,Macro,True,False,Afternoon,1
Instagram,Reel,Technology,6773,189,11,30773,273,438409,1.59,18,Thursday,17.0,249,Positive,Macro,True,False,Evening,0
Facebook,Live,Sports,1962,353,229,6941,476,288332,0.88,4,Friday,0.0,507,Neutral,Macro,False,False,Night,0
Instagram,Photo,Fitness,6306,312,54,33102,90,441487,1.51,7,Friday,5.0,1143,Neutral,Macro,True,False,Morning,0
YouTube,Short,Gaming,11696,602,1736,408558,104,418989,3.35,9,Friday,11.0,466,Positive,Macro,True,False,Morning,1
Twitter,Thread,Fitness,975,258,1983,84449,392,358183,0.9,10,Friday,18.0,1517,Positive,Macro,True,False,Morning,0
LinkedIn,Document,Food,716,68,390,28901,94,427493,0.27,12,Friday,18.0,476,Positive,Macro,False,False,Afternoon,0
YouTube,Video,Food,7783,345,1810,793437,3924,345983,2.87,20,Friday,14.0,511,Positive,Macro,True,False,Evening,1
Facebook,Story,Business,4163,163,466,22752,124,498492,0.96,20,Friday,13.0,1663,Positive,Macro,True,False,Evening,0
Facebook,Story,Technology,2279,153,900,74454,511,236699,1.41,21,Friday,14.0,493,Positive,Macro,True,False,Night,0
Twitter,Poll,Health,4261,59,1717,11015,249,176134,3.43,22,Friday,6.0,1173,Neutral,Macro,True,False,Night,1
Instagram,Story,Education,6049,287,89,7788,12,242310,2.65,0,Saturday,1.0,1879,Positive,Macro,False,False,Night,1
Twitter,Poll,Technology,1185,203,211,66950,225,149339,1.07,1,Saturday,25.0,1996,Neutral,Macro,True,True,Night,0
Twitter,Retweet,Sports,3011,129,354,12395,38,481519,0.73,1,Saturday,5.0,1729,Neutral,Macro,False,False,Night,0
Facebook,Post,Fashion,7457,314,324,27619,485,203727,3.97,7,Saturday,21.0,935,Positive,Macro,True,False,Morning,1
LinkedIn,Document,Food,720,10,478,5783,28,43274,2.79,9,Saturday,15.0,669,Positive,Micro,True,True,Morning,1
Instagram,Carousel,Technology,5539,249,291,17256,294,68649,8.86,10,Saturday,11.0,1843,Neutral,Mid-tier,True,True,Morning,1
Twitter,Thread,Fashion,4624,106,424,88111,78,16725,30.82,10,Saturday,29.0,304,Neutral,Micro,True,False,Morning,1
Facebook,Story,Entertainment,5079,328,653,22111,580,370636,1.64,10,Saturday,14.0,177,Negative,Macro,True,False,Morning,0
Instagram,Photo,Health,9162,81,220,23899,90,148435,6.38,13,Saturday,9.0,1596,Positive,Macro,False,False,Afternoon,1
LinkedIn,Article,Travel,1092,54,403,12532,249,231496,0.67,17,Saturday,1.0,1182,Negative,Macro,True,False,Evening,0
Twitter,Retweet,Fashion,4826,113,93,84583,234,389773,1.29,1,Sunday,26.0,1031,Neutral,Macro,True,False,Night,0
LinkedIn,Poll,Travel,709,67,310,15685,114,159201,0.68,6,Sunday,12.0,1034,Negative,Macro,True,False,Morning,0
Instagram,Story,Health,1311,153,274,14390,16,275370,0.63,8,Sunday,19.0,241,Positive,Macro,True,False,Morning,0
YouTube,Community Post,Lifestyle,13205,33,1989,388740,4941,469166,3.25,13,Sunday,27.0,199,Positive,Macro,False,False,Afternoon,1
Facebook,Post,Gaming,1293,322,704,16216,120,312217,0.74,15,Sunday,11.0,260,Positive,Macro,True,False,Afternoon,0
Instagram,Photo,Business,1124,383,6,33856,169,4411,34.3,20,Sunday,11.0,1821,Positive,Nano,True,True,Evening,1
Instagram,Carousel,Travel,427,176,26,21372,112,328483,0.19,21,Sunday,28.0,265,Positive,Macro,True,False,Night,0
Instagram,Story,Sports,7031,97,166,17320,736,489964,1.49,22,Sunday,3.0,1962,Positive,Macro,False,False,Night,0
Twitter,Thread,Travel,698,220,445,68561,425,200147,0.68,11,Monday,16.0,1484,Positive,Macro,True,False,Morning,0
TikTok,Stitch,Gaming,48330,1273,4148,248746,1322,353713,15.2,18,Monday,15.0,574,Positive,Macro,True,False,Evening,1
Facebook,Story,Fashion,3317,250,545,6191,140,484287,0.85,20,Monday,4.0,1859,Negative,Macro,False,False,Evening,0
Facebook,Live,Travel,1149,42,772,72876,114,42946,4.57,20,Monday,21.0,285,Positive,Micro,False,False,Evening,1
YouTube,Community Post,Technology,18068,667,959,345750,3434,159572,12.34,23,Monday,7.0,1095,Positive,Macro,True,False,Night,1
Facebook,Video,Entertainment,3591,293,348,59336,168,293801,1.44,3,Tuesday,5.0,149,Negative,Macro,True,False,Night,0
Facebook,Video,Health,3852,149,697,22807,437,249544,1.88,9,Tuesday,9.0,138,Positive,Macro,True,False,Morning,0
Facebook,Post,Technology,4589,192,641,7106,67,12174,44.54,10,Tuesday,7.0,1069,Positive,Micro,True,False,Morning,1
YouTube,Live,Sports,8127,763,1068,752790,2509,75912,13.12,10,Tuesday,2.0,456,Neutral,Mid-tier,True,False,Morning,1
Instagram,Photo,Entertainment,6205,190,250,38522,766,477232,1.39,14,Tuesday,11.0,884,Neutral,Macro,True,False,Afternoon,0
Instagram,Carousel,Lifestyle,6076,285,292,7318,799,463763,1.43,14,Tuesday,8.0,385,Neutral,Macro,True,False,Afternoon,0
TikTok,Video,Health,35929,1023,4465,457889,2390,411785,10.06,15,Tuesday,16.0,416,Positive,Macro,True,True,Afternoon,1
Twitter,Tweet,Technology,3305,151,20,63583,448,18827,18.46,1,Wednesday,9.0,1507,Neutral,Micro,False,False,Night,1
Instagram,Photo,Education,9685,101,214,35669,833,454980,2.2,5,Wednesday,11.0,239,Positive,Macro,True,False,Morning,0
Instagram,Photo,Health,1026,181,3,11048,128,407456,0.3,9,Wednesday,3.0,1516,Positive,Macro,False,True,Morning,0
Twitter,Thread,Sports,1696,116,513,73855,61,394399,0.59,9,Wednesday,27.0,1214,Positive,Macro,True,True,Morning,0
Twitter,Thread,Lifestyle,4558,165,977,1360,77,106187,5.37,10,Wednesday,23.0,1554,Positive,Macro,False,False,Morning,1
Instagram,Photo,Fashion,7697,337,84,15352,740,65234,12.44,12,Wednesday,22.0,941,Positive,Mid-tier,True,False,Afternoon,1
Instagram,Photo,Gaming,9863,79,136,37152,694,48256,20.88,15,Wednesday,21.0,621,Neutral,Micro,False,False,Afternoon,1
Instagram,Reel,Fitness,9570,294,209,15703,912,477608,2.11,19,Wednesday,1.0,76,Neutral,Macro,True,False,Evening,0
Facebook,Post,Food,4088,77,810,46575,602,115654,4.3,20,Wednesday,16.0,1379,Positive,Macro,True,False,Evening,1
Facebook,Video,Technology,7192,182,813,34546,525,1003,816.25,20,Wednesday,28.0,402,Positive,Nano,True,True,Evening,1
Facebook,Post,Business,5875,327,948,16967,698,347291,2.06,23,Wednesday,4.0,1485,Positive,Macro,True,False,Night,0
Twitter,Retweet,Fitness,4799,231,929,57908,72,293745,2.03,4,Thursday,5.0,1061,Neutral,Macro,True,False,Night,0
LinkedIn,Poll,Business,270,106,445,12956,152,57655,1.42,6,Thursday,12.0,734,Positive,Mid-tier,True,False,Morning,0
Twitter,Thread,Education,3268,205,1674,23097,492,5827,88.33,7,Thursday,19.0,1465,Positive,Nano,True,True,Morning,1
YouTube,Short,Entertainment,16092,81,1081,808678,4197,361539,4.77,7,Thursday,0.0,277,Positive,Macro,True,True,Morning,1
Twitter,Poll,Education,1586,165,981,30372,297,111403,2.45,14,Thursday,22.0,1241,Positive,Macro,True,True,Afternoon,1
Facebook,Post,Technology,6903,90,796,7695,339,140411,5.55,15,Thursday,13.0,969,Positive,Macro,True,False,Afternoon,1
Facebook,Post,Education,4614,216,243,37843,426,11498,44.12,18,Thursday,10.0,1542,Neutral,Micro,True,False,Evening,1
Twitter,Tweet,Business,1152,65,1203,1944,213,367681,0.66,22,Thursday,18.0,92,Positive,Macro,True,False,Night,0
Instagram,Photo,Sports,4135,490,182,21194,127,183719,2.62,22,Thursday,3.0,83,Positive,Macro,True,False,Night,1
Twitter,Poll,Gaming,2480,166,1455,17191,156,398365,1.03,0,Friday,12.0,1387,Neutral,Macro,True,False,Night,0
LinkedIn,Poll,Gaming,1429,112,59,16140,49,410923,0.39,2,Friday,12.0,55,Neutral,Macro,True,False,Night,0
YouTube,Live,Food,10984,942,169,292725,4645,236444,5.12,3,Friday,4.0,398,Neutral,Macro,True,False,Night,1
Facebook,Live,Gaming,3378,280,442,13603,584,302057,1.36,10,Friday,15.0,253,Neutral,Macro,True,True,Morning,0
Facebook,Video,Lifestyle,5634,367,171,62379,101,301321,2.05,10,Friday,13.0,207,Positive,Macro,False,False,Morning,0
Twitter,Retweet,Travel,2196,139,459,55146,395,14497,19.27,12,Friday,5.0,150,Neutral,Micro,True,True,Afternoon,1
Twitter,Tweet,Travel,2758,299,1392,32437,44,316407,1.41,15,Friday,15.0,75,Positive,Macro,True,False,Afternoon,0
Instagram,Story,Education,5898,71,179,5993,768,223526,2.75,19,Friday,6.0,1093,Positive,Macro,True,False,Evening,1
Facebook,Video,Education,7334,371,651,31432,573,84120,9.93,20,Friday,12.0,550,Positive,Mid-tier,False,False,Evening,1
Twitter,Retweet,Entertainment,145,146,1204,17375,156,195391,0.77,22,Friday,14.0,904,Positive,Macro,False,False,Night,0
TikTok,Stitch,Food,14817,254,1945,407880,1149,385872,4.41,1,Saturday,10.0,517,Neutral,Macro,True,False,Night,1
Facebook,Live,Health,2939,107,404,45717,193,419372,0.82,2,Saturday,8.0,190,Neutral,Macro,True,False,Night,0
TikTok,Video,Gaming,6933,666,3805,129225,393,142785,7.99,4,Saturday,12.0,114,Positive,Macro,True,False,Night,1
Twitter,Poll,Fashion,1880,67,1855,83755,63,259547,1.46,9,Saturday,15.0,917,Positive,Macro,False,False,Morning,0
Facebook,Story,Education,7362,234,332,71575,626,4218,187.96,11,Saturday,9.0,1776,Positive,Nano,True,False,Morning,1
Facebook,Post,Health,2696,297,122,58548,687,473626,0.66,19,Saturday,29.0,934,Negative,Macro,True,False,Evening,0
Facebook,Live,Food,1263,13,186,52250,145,101180,1.44,19,Saturday,14.0,457,Neutral,Macro,True,False,Evening,0
TikTok,Duet,Health,22780,1050,2618,489172,2377,115877,22.82,22,Saturday,13.0,169,Neutral,Macro,True,False,Night,1
Facebook,Live,Food,899,260,684,69188,568,46755,3.94,8,Sunday,21.0,168,Positive,Micro,False,False,Morning,1
TikTok,Stitch,Entertainment,2660,1053,3580,334857,887,120130,6.07,9,Sunday,20.0,205,Neutral,Macro,True,False,Morning,1
Twitter,Tweet,Entertainment,4885,146,1831,69607,14,257418,2.67,11,Sunday,11.0,1750,Neutral,Macro,True,False,Morning,1
Instagram,Carousel,Business,2065,245,259,45152,777,86270,2.98,11,Sunday,24.0,1173,Positive,Mid-tier,True,False,Morning,1
LinkedIn,Document,Fashion,1001,58,258,17024,178,59597,2.21,22,Sunday,3.0,337,Negative,Mid-tier,True,False,Night,0
Facebook,Story,Health,6231,55,5,5661,678,431608,1.46,22,Sunday,9.0,1569,Neutral,Macro,True,False,Night,0
Facebook,Video,Health,1113,166,519,36654,621,43441,4.14,2,Monday,29.0,553,Positive,Micro,True,True,Night,1
LinkedIn,Poll,Gaming,933,138,89,24772,184,404420,0.29,17,Monday,2.0,331,Positive,Macro,True,True,Evening,0
Twitter,Thread,Fashion,1776,16,959,52458,270,292484,0.94,20,Monday,16.0,432,Neutral,Macro,True,False,Evening,0
Twitter,Tweet,Gaming,4889,80,1409,92646,405,190292,3.35,4,Tuesday,15.0,1078,Negative,Macro,True,True,Night,1
LinkedIn,Poll,Sports,34,38,342,6283,28,340978,0.12,7,Tuesday,19.0,550,Negative,Macro,True,False,Morning,0
Facebook,Live,Health,1306,276,963,24685,611,247028,1.03,10,Tuesday,29.0,199,Neutral,Macro,True,False,Morning,0
Facebook,Live,Technology,1637,70,324,50557,26,329766,0.62,13,Tuesday,17.0,292,Neutral,Macro,True,False,Afternoon,0
YouTube,Community Post,Food,10286,397,945,933139,370,97085,11.98,14,Tuesday,11.0,789,Positive,Mid-tier,True,False,Afternoon,1
TikTok,Stitch,Health,22980,1005,813,494882,727,287204,8.63,18,Tuesday,17.0,530,Positive,Macro,False,False,Evening,1
Facebook,Video,Entertainment,6173,176,847,23742,515,204262,3.52,2,Wednesday,3.0,369,Neutral,Macro,False,True,Night,1
LinkedIn,Article,Sports,462,91,305,913,19,347740,0.25,2,Wednesday,26.0,211,Positive,Macro,True,False,Night,0
Facebook,Video,Food,1371,393,523,1959,538,147425,1.55,7,Wednesday,17.0,246,Negative,Macro,True,False,Morning,0
Instagram,Carousel,Entertainment,8482,30,137,42021,985,291304,2.97,8,Wednesday,3.0,299,Positive,Macro,True,False,Morning,1
Instagram,Carousel,Gaming,4332,351,112,45290,80,423433,1.13,10,Wednesday,18.0,1317,Neutral,Macro,False,True,Morning,0
YouTube,Short,Health,14757,836,1563,783680,2145,456138,3.76,19,Wednesday,25.0,117,Neutral,Macro,True,False,Evening,1
Facebook,Post,Fitness,2445,234,622,22401,275,437080,0.76,21,Wednesday,3.0,1061,Negative,Macro,False,False,Night,0
Twitter,Poll,Sports,1990,139,719,22901,286,419243,0.68,4,Thursday,26.0,115,Neutral,Macro,True,False,Night,0
LinkedIn,Article,Education,708,108,22,10713,133,226150,0.37,6,Thursday,23.0,1236,Positive,Macro,True,False,Morning,0
LinkedIn,Document,Entertainment,1387,60,10,2933,251,273509,0.53,8,Thursday,11.0,1793,Positive,Macro,True,True,Morning,0
Facebook,Story,Gaming,3302,224,156,58787,633,432286,0.85,9,Thursday,18.0,1403,Positive,Macro,True,False,Morning,0
Twitter,Poll,Gaming,4344,119,692,89003,189,424825,1.21,13,Thursday,23.0,475,Positive,Macro,True,True,Afternoon,0
TikTok,Duet,Business,3925,1226,1827,91390,726,485008,1.44,14,Thursday,27.0,281,Negative,Macro,True,False,Afternoon,0
Instagram,Carousel,Technology,3811,170,184,37903,339,282796,1.47,15,Thursday,1.0,992,Neutral,Macro,False,True,Afternoon,0
Twitter,Thread,Entertainment,3167,10,200,28430,284,383529,0.88,15,Thursday,3.0,1208,Positive,Macro,False,False,Afternoon,0
Twitter,Retweet,Travel,1126,187,1889,33740,143,278060,1.15,15,Thursday,6.0,1889,Positive,Macro,True,True,Afternoon,0
Facebook,Story,Gaming,6354,193,655,24212,343,495862,1.45,20,Thursday,22.0,592,Neutral,Macro,False,False,Evening,0
Twitter,Retweet,Food,2042,217,143,85585,103,109767,2.19,23,Thursday,20.0,1185,Positive,Macro,True,True,Night,0
Twitter,Thread,Food,440,132,1438,70345,229,493107,0.41,23,Thursday,23.0,1743,Negative,Macro,True,False,Night,0
YouTube,Short,Health,6844,551,1456,621937,3326,45554,19.43,6,Friday,22.0,149,Neutral,Micro,True,False,Morning,1
Twitter,Tweet,Lifestyle,1436,96,1784,2130,394,210790,1.57,20,Friday,11.0,1800,Negative,Macro,True,False,Evening,0
Instagram,Photo,Food,193,333,210,26198,709,461491,0.16,21,Friday,17.0,1751,Positive,Macro,True,False,Night,0
TikTok,Stitch,Food,15462,1604,3222,433965,1274,209213,9.7,6,Saturday,18.0,319,Negative,Macro,True,True,Morning,1
YouTube,Community Post,Travel,1267,431,939,369406,336,393861,0.67,21,Saturday,11.0,1904,Neutral,Macro,True,False,Night,0
Facebook,Post,Fashion,2743,123,128,72235,8,333911,0.9,23,Saturday,19.0,589,Neutral,Macro,True,False,Night,0
TikTok,Duet,Business,24016,1773,1618,402067,2522,7171,382.19,0,Sunday,26.0,96,Positive,Nano,True,False,Night,1
LinkedIn,Post,Sports,175,110,246,10586,125,429735,0.12,1,Sunday,22.0,1815,Neutral,Macro,True,False,Night,0
Twitter,Retweet,Lifestyle,3563,156,1567,7732,310,137528,3.84,3,Sunday,28.0,1165,Positive,Macro,True,False,Night,1
YouTube,Community Post,Health,10741,348,726,874212,104,383201,3.08,13,Sunday,16.0,94,Negative,Macro,True,False,Afternoon,1
TikTok,Duet,Lifestyle,21870,808,3211,128447,87,467304,5.54,17,Sunday,9.0,338,Positive,Macro,True,False,Evening,1
YouTube,Video,Entertainment,917,563,14,995877,615,96940,1.54,18,Sunday,26.0,401,Negative,Mid-tier,True,False,Evening,0
TikTok,Video,Gaming,48913,894,2240,108427,1733,318669,16.33,19,Sunday,5.0,42,Neutral,Macro,True,False,Evening,1
YouTube,Short,Entertainment,8691,295,1202,23970,2723,368434,2.77,21,Sunday,7.0,486,Negative,Macro,True,False,Night,1
Instagram,Photo,Fitness,1111,145,107,40863,673,120193,1.13,21,Sunday,17.0,360,Neutral,Macro,True,False,Night,0
Instagram,Story,Food,3333,268,203,19307,62,21381,17.79,22,Sunday,28.0,1791,Neutral,Micro,True,False,Night,1
Facebook,Video,Sports,924,34,309,7212,421,207826,0.61,4,Monday,24.0,513,Neutral,Macro,True,False,Night,0
LinkedIn,Poll,Education,1566,124,183,26795,248,151805,1.23,4,Monday,4.0,1202,Positive,Macro,True,False,Night,0
Facebook,Video,Business,6697,179,995,78669,178,192167,4.1,7,Monday,26.0,170,Negative,Macro,True,False,Morning,1
Twitter,Tweet,Technology,1062,142,1407,21639,104,345363,0.76,11,Monday,11.0,132,Neutral,Macro,True,False,Morning,0
Instagram,Photo,Technology,567,201,99,3006,850,488871,0.18,11,Monday,25.0,773,Negative,Macro,True,False,Morning,0
Instagram,Story,Fitness,7246,470,239,49804,615,252487,3.15,13,Monday,11.0,1805,Positive,Macro,True,False,Afternoon,1
Instagram,Carousel,Lifestyle,3004,129,16,26035,534,433788,0.73,21,Monday,10.0,880,Neutral,Macro,True,True,Night,0
TikTok,Duet,Gaming,30177,1796,3657,138494,438,148783,23.95,22,Monday,13.0,315,Positive,Macro,True,False,Night,1
LinkedIn,Poll,Fitness,1583,24,276,1185,48,305789,0.62,1,Tuesday,18.0,175,Neutral,Macro,True,False,Night,0
Instagram,Reel,Education,2252,187,290,41717,596,205660,1.33,7,Tuesday,16.0,488,Positive,Macro,True,True,Morning,0
LinkedIn,Document,Sports,515,106,481,12898,260,358624,0.31,9,Tuesday,12.0,965,Positive,Macro,True,False,Morning,0
Facebook,Video,Travel,1314,201,602,39427,393,181168,1.17,9,Tuesday,9.0,31,Positive,Macro,True,False,Morning,0
YouTube,Short,Entertainment,1011,688,1952,717549,1237,441452,0.83,15,Tuesday,29.0,492,Neutral,Macro,True,False,Afternoon,0
Facebook,Post,Gaming,944,320,603,53242,482,158902,1.17,21,Tuesday,27.0,1369,Neutral,Macro,True,False,Night,0
Twitter,Retweet,Technology,1721,68,1795,51757,464,282349,1.27,3,Wednesday,16.0,513,Positive,Macro,False,False,Night,0
Facebook,Post,Business,3269,284,42,72931,497,146618,2.45,5,Wednesday,28.0,1222,Positive,Macro,False,True,Morning,1
Instagram,Carousel,Travel,1646,475,191,49714,565,43279,5.34,7,Wednesday,11.0,1605,Positive,Micro,True,False,Morning,1
Twitter,Tweet,Fashion,3698,218,627,30024,184,305167,1.49,7,Wednesday,27.0,1401,Neutral,Macro,False,False,Morning,0
Instagram,Carousel,Sports,143,215,296,40984,908,108963,0.6,21,Wednesday,7.0,1684,Neutral,Macro,False,False,Night,0
Facebook,Post,Business,4510,76,630,28666,61,417576,1.25,0,Thursday,4.0,1623,Neutral,Macro,False,False,Night,0
LinkedIn,Poll,Fashion,476,15,355,14045,23,488220,0.17,4,Thursday,27.0,1126,Negative,Macro,True,True,Night,0
Twitter,Tweet,Gaming,4194,201,1790,7242,470,224822,2.75,7,Thursday,21.0,825,Positive,Macro,True,True,Morning,1
LinkedIn,Document,Fitness,204,13,20,6997,53,67383,0.35,11,Thursday,8.0,1769,Neutral,Mid-tier,True,False,Morning,0
TikTok,Stitch,Health,8177,1554,1173,251602,1154,351736,3.1,19,Thursday,12.0,572,Neutral,Macro,True,False,Evening,1
Facebook,Video,Technology,193,269,567,46493,599,296846,0.35,23,Thursday,20.0,238,Neutral,Macro,True,False,Night,0
YouTube,Live,Health,19210,577,489,491251,3332,34762,58.33,3,Friday,11.0,284,Positive,Micro,True,False,Night,1
LinkedIn,Post,Education,216,138,22,18712,19,169481,0.22,12,Friday,17.0,1655,Negative,Macro,True,False,Afternoon,0
Facebook,Live,Lifestyle,4996,138,659,16858,530,137218,4.22,17,Friday,15.0,24,Positive,Macro,True,False,Evening,1
Instagram,Carousel,Entertainment,5948,48,182,11840,383,439680,1.41,17,Friday,4.0,878,Positive,Macro,True,False,Evening,0
Facebook,Story,Health,3264,244,499,69459,661,350211,1.14,17,Friday,18.0,982,Positive,Macro,True,False,Evening,0
Instagram,Reel,Sports,4363,19,139,46985,753,194751,2.32,18,Friday,10.0,172,Negative,Macro,True,False,Evening,1
Twitter,Thread,Lifestyle,1325,192,790,92965,72,416709,0.55,19,Friday,29.0,1347,Neutral,Macro,True,False,Evening,0
YouTube,Video,Food,2620,170,717,855758,3962,327787,1.07,20,Friday,10.0,268,Negative,Macro,True,False,Evening,0
Facebook,Video,Education,1196,68,544,71023,245,362241,0.5,2,Saturday,13.0,61,Positive,Macro,True,True,Night,0
YouTube,Community Post,Entertainment,15986,618,1996,657228,831,407818,4.56,14,Saturday,4.0,1016,Positive,Macro,False,True,Afternoon,1
Facebook,Story,Lifestyle,3144,112,991,8177,756,410644,1.03,14,Saturday,12.0,1066,Neutral,Macro,True,False,Afternoon,0
Twitter,Poll,Gaming,3052,88,1238,75189,85,76920,5.69,14,Saturday,23.0,1272,Positive,Mid-tier,True,False,Afternoon,1
Twitter,Tweet,Food,1881,210,221,84967,28,446015,0.52,21,Saturday,26.0,1821,Positive,Macro,True,False,Night,0
Twitter,Poll,Entertainment,2770,80,721,54013,276,329938,1.08,23,Saturday,7.0,1932,Negative,Macro,True,True,Night,0
Instagram,Carousel,Food,2602,32,3,8562,26,64289,4.1,23,Saturday,24.0,1677,Neutral,Mid-tier,True,False,Night,1
Twitter,Poll,Health,3027,40,455,11281,207,179489,1.96,4,Sunday,10.0,377,Neutral,Macro,True,True,Night,0
Instagram,Carousel,Fitness,820,389,272,36386,94,220570,0.67,9,Sunday,1.0,962,Positive,Macro,True,False,Morning,0
Twitter,Retweet,Gaming,440,42,771,36608,130,260633,0.48,16,Sunday,15.0,1304,Negative,Macro,True,False,Afternoon,0
YouTube,Live,Lifestyle,9625,92,1565,964301,3052,112567,10.02,17,Sunday,24.0,407,Positive,Macro,True,True,Evening,1
Facebook,Post,Gaming,1933,14,685,24365,61,130018,2.02,22,Sunday,20.0,695,Positive,Macro,True,False,Night,0
Facebook,Story,Gaming,1579,180,466,41860,699,385341,0.58,0,Monday,10.0,1265,Positive,Macro,True,True,Night,0
Instagram,Reel,Gaming,3096,200,116,49044,361,441514,0.77,1,Monday,19.0,164,Positive,Macro,True,True,Night,0
Twitter,Tweet,Technology,2442,46,385,56309,235,226530,1.27,2,Monday,1.0,633,Positive,Macro,True,False,Night,0
Instagram,Story,Lifestyle,6261,251,51,34308,532,369840,1.77,2,Monday,15.0,813,Neutral,Macro,True,False,Night,0
TikTok,Duet,Lifestyle,20429,339,4878,187187,2540,27724,92.5,4,Monday,13.0,581,Positive,Micro,True,True,Night,1
Instagram,Reel,Education,3418,478,221,16628,376,96896,4.25,6,Monday,28.0,43,Positive,Mid-tier,True,False,Morning,1
Twitter,Retweet,Travel,1123,112,1705,16229,449,144677,2.03,9,Monday,20.0,1188,Positive,Macro,False,False,Morning,0
Twitter,Tweet,Technology,2962,238,1081,10363,191,108869,3.93,12,Monday,11.0,1610,Neutral,Macro,False,False,Afternoon,1
Instagram,Story,Gaming,4093,423,87,26778,138,490442,0.94,19,Monday,28.0,77,Positive,Macro,True,False,Evening,0
Instagram,Photo,Sports,4496,91,200,1369,969,374699,1.28,21,Monday,23.0,729,Neutral,Macro,True,False,Night,0
LinkedIn,Article,Entertainment,391,54,134,13062,187,91487,0.63,22,Monday,16.0,160,Neutral,Mid-tier,True,False,Night,0
TikTok,Duet,Food,44101,1570,2020,186172,1618,362269,13.16,12,Tuesday,21.0,73,Positive,Macro,True,False,Afternoon,1
Facebook,Live,Sports,4646,399,361,68029,550,236842,2.28,18,Tuesday,6.0,112,Positive,Macro,False,False,Evening,0
Twitter,Tweet,Education,1912,293,772,22058,254,269542,1.1,19,Tuesday,18.0,705,Negative,Macro,True,False,Evening,0
YouTube,Community Post,Sports,5323,699,1275,366871,1328,437858,1.67,6,Wednesday,24.0,1058,Positive,Macro,True,False,Morning,0
TikTok,Video,Sports,18170,1749,713,61690,2244,156359,13.2,14,Wednesday,8.0,353,Neutral,Macro,True,False,Afternoon,1
Facebook,Video,Gaming,331,72,547,12156,656,265872,0.36,14,Wednesday,1.0,327,Negative,Macro,True,False,Afternoon,0
Twitter,Tweet,Sports,2224,145,1007,78230,47,151605,2.23,18,Wednesday,15.0,76,Positive,Macro,False,False,Evening,0
Facebook,Video,Business,534,40,207,35327,354,208578,0.37,1,Thursday,0.0,281,Neutral,Macro,False,True,Night,0
Instagram,Reel,Fitness,5968,70,156,22602,42,403884,1.53,4,Thursday,12.0,215,Positive,Macro,True,False,Night,0
Twitter,Poll,Gaming,2369,256,1712,90007,184,15198,28.54,4,Thursday,4.0,322,Neutral,Micro,True,True,Night,1
Instagram,Carousel,Business,1810,15,102,23804,912,357947,0.54,9,Thursday,13.0,164,Negative,Macro,True,False,Morning,0
Instagram,Photo,Gaming,8853,440,49,2443,83,115264,8.1,12,Thursday,1.0,444,Negative,Macro,True,True,Afternoon,1
TikTok,Stitch,Gaming,29902,229,2838,129786,2661,380184,8.67,20,Thursday,24.0,66,Negative,Macro,True,True,Evening,1
Instagram,Carousel,Education,3682,461,33,16529,24,381985,1.09,21,Thursday,7.0,1461,Positive,Macro,False,False,Night,0
Instagram,Carousel,Entertainment,1789,74,109,43708,61,148493,1.33,1,Friday,2.0,877,Neutral,Macro,True,True,Night,0
TikTok,Stitch,Health,36927,1055,2930,216282,2020,418477,9.78,9,Friday,26.0,220,Neutral,Macro,False,False,Morning,1
Facebook,Video,Lifestyle,871,302,178,1445,380,402828,0.34,6,Saturday,28.0,120,Negative,Macro,True,False,Morning,0
Facebook,Live,Sports,7503,394,992,20379,511,76447,11.63,6,Saturday,10.0,334,Positive,Mid-tier,True,False,Morning,1
Instagram,Photo,Sports,4139,334,165,22484,928,115363,4.02,7,Saturday,25.0,447,Positive,Macro,True,False,Morning,1
Facebook,Live,Education,1058,384,728,74271,341,438764,0.49,9,Saturday,13.0,239,Positive,Macro,True,True,Morning,0
Instagram,Carousel,Lifestyle,7773,216,35,12033,205,318534,2.52,11,Saturday,24.0,550,Positive,Macro,True,False,Morning,1
TikTok,Stitch,Education,33163,423,2015,191502,2078,455757,7.81,16,Saturday,5.0,393,Neutral,Macro,True,False,Afternoon,1
Twitter,Retweet,Lifestyle,3711,162,1823,25601,87,32889,17.32,17,Saturday,27.0,1721,Positive,Micro,True,False,Evening,1
TikTok,Duet,Sports,49713,621,3491,155619,2706,283858,18.96,20,Saturday,23.0,270,Neutral,Macro,False,False,Evening,1
Instagram,Carousel,Education,2744,213,128,22296,528,162281,1.9,21,Saturday,12.0,583,Positive,Macro,True,False,Night,0
TikTok,Stitch,Fitness,17266,1517,4890,305767,1913,441133,5.37,22,Saturday,26.0,241,Positive,Macro,True,False,Night,1
Instagram,Story,Fitness,8644,111,40,23608,189,293165,3.0,3,Sunday,17.0,1193,Positive,Macro,True,True,Night,1
Instagram,Story,Gaming,7010,204,237,7496,145,266082,2.8,4,Sunday,5.0,950,Negative,Macro,True,False,Night,1
Instagram,Story,Food,6038,346,51,11571,104,287794,2.24,8,Sunday,23.0,508,Positive,Macro,True,True,Morning,0
YouTube,Community Post,Lifestyle,11747,48,895,317925,652,443600,2.86,13,Sunday,14.0,1111,Positive,Macro,True,False,Afternoon,1
Instagram,Story,Fashion,1342,353,198,10252,662,124690,1.52,14,Sunday,22.0,1636,Positive,Macro,False,False,Afternoon,0
TikTok,Duet,Business,6747,636,2109,7056,868,179132,5.3,19,Sunday,7.0,225,Positive,Macro,False,False,Evening,1
TikTok,Stitch,Gaming,11591,1666,662,412574,1730,196881,7.07,5,Monday,16.0,395,Neutral,Macro,False,False,Morning,1
Instagram,Photo,Business,2334,385,6,1744,319,220703,1.23,7,Monday,27.0,1261,Positive,Macro,True,False,Morning,0
Instagram,Photo,Lifestyle,2296,305,78,25444,842,188552,1.42,8,Monday,5.0,1605,Neutral,Macro,False,False,Morning,0
Twitter,Tweet,Food,845,79,674,82455,316,21545,7.42,8,Monday,9.0,1850,Negative,Micro,True,True,Morning,1
YouTube,Video,Health,4211,148,389,510240,426,252138,1.88,9,Monday,15.0,464,Neutral,Macro,True,False,Morning,0
Instagram,Story,Technology,8707,433,161,11231,322,83253,11.17,10,Monday,13.0,1307,Neutral,Mid-tier,True,False,Morning,1
YouTube,Live,Fashion,218,624,156,590487,458,424824,0.23,12,Monday,16.0,82,Positive,Macro,False,True,Afternoon,0
LinkedIn,Article,Lifestyle,1859,84,325,2119,90,434149,0.52,12,Monday,2.0,446,Neutral,Macro,True,False,Afternoon,0
Facebook,Live,Food,5150,64,347,50993,627,323128,1.72,18,Monday,27.0,545,Neutral,Macro,True,False,Evening,0
LinkedIn,Post,Education,539,83,336,20698,257,204809,0.47,0,Tuesday,0.0,1260,Neutral,Macro,True,False,Night,0
Instagram,Story,Technology,6798,233,138,10332,314,189659,3.78,1,Tuesday,10.0,1172,Positive,Macro,True,False,Night,1
Facebook,Video,Travel,1743,259,121,44241,26,412652,0.51,6,Tuesday,16.0,426,Positive,Macro,True,True,Morning,0
LinkedIn,Poll,Travel,191,135,274,5738,28,377778,0.16,12,Tuesday,19.0,1233,Neutral,Macro,True,False,Afternoon,0
Twitter,Thread,Gaming,3158,177,514,69698,197,121074,3.18,14,Tuesday,17.0,1510,Positive,Macro,True,False,Afternoon,1
Instagram,Carousel,Business,4694,18,222,1375,400,427925,1.15,21,Tuesday,12.0,773,Negative,Macro,True,True,Night,0
LinkedIn,Article,Technology,114,80,27,14745,29,424708,0.05,1,Wednesday,29.0,1302,Positive,Macro,True,False,Night,0
TikTok,Video,Education,43378,210,4511,433409,1964,465862,10.32,4,Wednesday,28.0,483,Positive,Macro,True,True,Night,1
LinkedIn,Video,Entertainment,1698,112,7,9214,21,318638,0.57,4,Wednesday,29.0,1807,Neutral,Macro,True,False,Night,0
Instagram,Reel,Sports,2419,298,170,20058,875,114357,2.52,7,Wednesday,0.0,107,Positive,Macro,True,False,Morning,1
Instagram,Story,Travel,1031,422,243,22054,753,248660,0.68,11,Wednesday,23.0,1151,Positive,Macro,True,False,Morning,0
YouTube,Video,Travel,6258,433,319,642729,2921,179305,3.91,13,Wednesday,15.0,122,Positive,Macro,True,False,Afternoon,1
Facebook,Post,Fitness,5131,381,312,35523,341,82001,7.1,14,Wednesday,16.0,247,Neutral,Mid-tier,True,True,Afternoon,1
Instagram,Photo,Technology,3472,39,297,17648,678,68321,5.57,16,Wednesday,16.0,1630,Positive,Mid-tier,True,True,Afternoon,1
TikTok,Stitch,Travel,44391,1202,2944,45225,1672,41064,118.2,18,Wednesday,5.0,157,Positive,Micro,True,False,Evening,1
Instagram,Carousel,Technology,4486,424,65,43411,767,43269,11.5,20,Wednesday,15.0,1197,Positive,Micro,True,False,Evening,1
Instagram,Carousel,Gaming,3720,399,121,20405,861,412585,1.03,21,Wednesday,28.0,1623,Negative,Macro,True,False,Night,0
